filepath,label,class_name,split
train/train/air_pick/椋庣偖0186.npy,0,air_pick,train
train/train/air_pick/椋庣偖2247.npy,0,air_pick,train
train/train/air_pick/椋庣偖3405.npy,0,air_pick,train
train/train/air_pick/椋庣偖1430.npy,0,air_pick,train
train/train/air_pick/椋庣偖0106.npy,0,air_pick,train
train/train/air_pick/椋庣偖2193.npy,0,air_pick,train
train/train/air_pick/椋庣偖1361.npy,0,air_pick,train
train/train/air_pick/椋庣偖3759.npy,0,air_pick,train
train/train/air_pick/椋庣偖0348.npy,0,air_pick,train
train/train/air_pick/椋庣偖1045.npy,0,air_pick,train
train/train/air_pick/椋庣偖2014.npy,0,air_pick,train
train/train/air_pick/椋庣偖1305.npy,0,air_pick,train
train/train/air_pick/椋庣偖0232.npy,0,air_pick,train
train/train/air_pick/椋庣偖0665.npy,0,air_pick,train
train/train/air_pick/椋庣偖1993.npy,0,air_pick,train
train/train/air_pick/椋庣偖1918.npy,0,air_pick,train
train/train/air_pick/椋庣偖2340.npy,0,air_pick,train
train/train/air_pick/椋庣偖1632.npy,0,air_pick,train
train/train/air_pick/椋庣偖0342.npy,0,air_pick,train
train/train/air_pick/椋庣偖3065.npy,0,air_pick,train
train/train/air_pick/椋庣偖1517.npy,0,air_pick,train
train/train/air_pick/椋庣偖3030.npy,0,air_pick,train
train/train/air_pick/椋庣偖1405.npy,0,air_pick,train
train/train/air_pick/椋庣偖1646.npy,0,air_pick,train
train/train/air_pick/椋庣偖3414.npy,0,air_pick,train
train/train/air_pick/椋庣偖2279.npy,0,air_pick,train
train/train/air_pick/椋庣偖2993.npy,0,air_pick,train
train/train/air_pick/椋庣偖2628.npy,0,air_pick,train
train/train/air_pick/椋庣偖3012.npy,0,air_pick,train
train/train/air_pick/椋庣偖2054.npy,0,air_pick,train
train/train/air_pick/椋庣偖3756.npy,0,air_pick,train
train/train/air_pick/椋庣偖2212.npy,0,air_pick,train
train/train/air_pick/椋庣偖1459.npy,0,air_pick,train
train/train/air_pick/椋庣偖2530.npy,0,air_pick,train
train/train/air_pick/椋庣偖1103.npy,0,air_pick,train
train/train/air_pick/椋庣偖2777.npy,0,air_pick,train
train/train/air_pick/椋庣偖0469.npy,0,air_pick,train
train/train/air_pick/椋庣偖1163.npy,0,air_pick,train
train/train/air_pick/椋庣偖2973.npy,0,air_pick,train
train/train/air_pick/椋庣偖1262.npy,0,air_pick,train
train/train/air_pick/椋庣偖0174.npy,0,air_pick,train
train/train/air_pick/椋庣偖1416.npy,0,air_pick,train
train/train/air_pick/椋庣偖1314.npy,0,air_pick,train
train/train/air_pick/椋庣偖3834.npy,0,air_pick,train
train/train/air_pick/椋庣偖3660.npy,0,air_pick,train
train/train/air_pick/椋庣偖1205.npy,0,air_pick,train
train/train/air_pick/椋庣偖1968.npy,0,air_pick,train
train/train/air_pick/椋庣偖1070.npy,0,air_pick,train
train/train/air_pick/椋庣偖1854.npy,0,air_pick,train
train/train/air_pick/椋庣偖0123.npy,0,air_pick,train
train/train/air_pick/椋庣偖3857.npy,0,air_pick,train
train/train/air_pick/椋庣偖2699.npy,0,air_pick,train
train/train/air_pick/椋庣偖2947.npy,0,air_pick,train
train/train/air_pick/椋庣偖3791.npy,0,air_pick,train
train/train/air_pick/椋庣偖2331.npy,0,air_pick,train
train/train/air_pick/椋庣偖3609.npy,0,air_pick,train
train/train/air_pick/椋庣偖0892.npy,0,air_pick,train
train/train/air_pick/椋庣偖1185.npy,0,air_pick,train
train/train/air_pick/椋庣偖1064.npy,0,air_pick,train
train/train/air_pick/椋庣偖1504.npy,0,air_pick,train
train/train/air_pick/椋庣偖2268.npy,0,air_pick,train
train/train/air_pick/椋庣偖1785.npy,0,air_pick,train
train/train/air_pick/椋庣偖0913.npy,0,air_pick,train
train/train/air_pick/椋庣偖2603.npy,0,air_pick,train
train/train/air_pick/椋庣偖0170.npy,0,air_pick,train
train/train/air_pick/椋庣偖1898.npy,0,air_pick,train
train/train/air_pick/椋庣偖3870.npy,0,air_pick,train
train/train/air_pick/椋庣偖0331.npy,0,air_pick,train
train/train/air_pick/椋庣偖3672.npy,0,air_pick,train
train/train/air_pick/椋庣偖2865.npy,0,air_pick,train
train/train/air_pick/椋庣偖0889.npy,0,air_pick,train
train/train/air_pick/椋庣偖0480.npy,0,air_pick,train
train/train/air_pick/椋庣偖2765.npy,0,air_pick,train
train/train/air_pick/椋庣偖3786.npy,0,air_pick,train
train/train/air_pick/椋庣偖2627.npy,0,air_pick,train
train/train/air_pick/椋庣偖3620.npy,0,air_pick,train
train/train/air_pick/椋庣偖3538.npy,0,air_pick,train
train/train/air_pick/椋庣偖2941.npy,0,air_pick,train
train/train/air_pick/椋庣偖2578.npy,0,air_pick,train
train/train/air_pick/椋庣偖1924.npy,0,air_pick,train
train/train/air_pick/椋庣偖0991.npy,0,air_pick,train
train/train/air_pick/椋庣偖2192.npy,0,air_pick,train
train/train/air_pick/椋庣偖2307.npy,0,air_pick,train
train/train/air_pick/椋庣偖2184.npy,0,air_pick,train
train/train/air_pick/椋庣偖2265.npy,0,air_pick,train
train/train/air_pick/椋庣偖2773.npy,0,air_pick,train
train/train/air_pick/椋庣偖2974.npy,0,air_pick,train
train/train/air_pick/椋庣偖0974.npy,0,air_pick,train
train/train/air_pick/椋庣偖1747.npy,0,air_pick,train
train/train/air_pick/椋庣偖0237.npy,0,air_pick,train
train/train/air_pick/椋庣偖0511.npy,0,air_pick,train
train/train/air_pick/椋庣偖1913.npy,0,air_pick,train
train/train/air_pick/椋庣偖2337.npy,0,air_pick,train
train/train/air_pick/椋庣偖0083.npy,0,air_pick,train
train/train/air_pick/椋庣偖3595.npy,0,air_pick,train
train/train/air_pick/椋庣偖2858.npy,0,air_pick,train
train/train/air_pick/椋庣偖2408.npy,0,air_pick,train
train/train/air_pick/椋庣偖3727.npy,0,air_pick,train
train/train/air_pick/椋庣偖2764.npy,0,air_pick,train
train/train/air_pick/椋庣偖2922.npy,0,air_pick,train
train/train/air_pick/椋庣偖0622.npy,0,air_pick,train
train/train/air_pick/椋庣偖0181.npy,0,air_pick,train
train/train/air_pick/椋庣偖0003.npy,0,air_pick,train
train/train/air_pick/椋庣偖1494.npy,0,air_pick,train
train/train/air_pick/椋庣偖0130.npy,0,air_pick,train
train/train/air_pick/椋庣偖1452.npy,0,air_pick,train
train/train/air_pick/椋庣偖3607.npy,0,air_pick,train
train/train/air_pick/椋庣偖1485.npy,0,air_pick,train
train/train/air_pick/椋庣偖3743.npy,0,air_pick,train
train/train/air_pick/椋庣偖2041.npy,0,air_pick,train
train/train/air_pick/椋庣偖1476.npy,0,air_pick,train
train/train/air_pick/椋庣偖0933.npy,0,air_pick,train
train/train/air_pick/椋庣偖3793.npy,0,air_pick,train
train/train/air_pick/椋庣偖1790.npy,0,air_pick,train
train/train/air_pick/椋庣偖2630.npy,0,air_pick,train
train/train/air_pick/椋庣偖0319.npy,0,air_pick,train
train/train/air_pick/椋庣偖0607.npy,0,air_pick,train
train/train/air_pick/椋庣偖0116.npy,0,air_pick,train
train/train/air_pick/椋庣偖0418.npy,0,air_pick,train
train/train/air_pick/椋庣偖3681.npy,0,air_pick,train
train/train/air_pick/椋庣偖0860.npy,0,air_pick,train
train/train/air_pick/椋庣偖3736.npy,0,air_pick,train
train/train/air_pick/椋庣偖3641.npy,0,air_pick,train
train/train/air_pick/椋庣偖2911.npy,0,air_pick,train
train/train/air_pick/椋庣偖3421.npy,0,air_pick,train
train/train/air_pick/椋庣偖1063.npy,0,air_pick,train
train/train/air_pick/椋庣偖2402.npy,0,air_pick,train
train/train/air_pick/椋庣偖1467.npy,0,air_pick,train
train/train/air_pick/椋庣偖1864.npy,0,air_pick,train
train/train/air_pick/椋庣偖0585.npy,0,air_pick,train
train/train/air_pick/椋庣偖1435.npy,0,air_pick,train
train/train/air_pick/椋庣偖0087.npy,0,air_pick,train
train/train/air_pick/椋庣偖2749.npy,0,air_pick,train
train/train/air_pick/椋庣偖2415.npy,0,air_pick,train
train/train/air_pick/椋庣偖0406.npy,0,air_pick,train
train/train/air_pick/椋庣偖2954.npy,0,air_pick,train
train/train/air_pick/椋庣偖1444.npy,0,air_pick,train
train/train/air_pick/椋庣偖1057.npy,0,air_pick,train
train/train/air_pick/椋庣偖2928.npy,0,air_pick,train
train/train/air_pick/椋庣偖2678.npy,0,air_pick,train
train/train/air_pick/椋庣偖1765.npy,0,air_pick,train
train/train/air_pick/椋庣偖1783.npy,0,air_pick,train
train/train/air_pick/椋庣偖2797.npy,0,air_pick,train
train/train/air_pick/椋庣偖2653.npy,0,air_pick,train
train/train/air_pick/椋庣偖3473.npy,0,air_pick,train
train/train/air_pick/椋庣偖0157.npy,0,air_pick,train
train/train/air_pick/椋庣偖0863.npy,0,air_pick,train
train/train/air_pick/椋庣偖0487.npy,0,air_pick,train
train/train/air_pick/椋庣偖1840.npy,0,air_pick,train
train/train/air_pick/椋庣偖1441.npy,0,air_pick,train
train/train/air_pick/椋庣偖1075.npy,0,air_pick,train
train/train/air_pick/椋庣偖2135.npy,0,air_pick,train
train/train/air_pick/椋庣偖3819.npy,0,air_pick,train
train/train/air_pick/椋庣偖3845.npy,0,air_pick,train
train/train/air_pick/椋庣偖1752.npy,0,air_pick,train
train/train/air_pick/椋庣偖0267.npy,0,air_pick,train
train/train/air_pick/椋庣偖0379.npy,0,air_pick,train
train/train/air_pick/椋庣偖0099.npy,0,air_pick,train
train/train/air_pick/椋庣偖1699.npy,0,air_pick,train
train/train/air_pick/椋庣偖0825.npy,0,air_pick,train
train/train/air_pick/椋庣偖0890.npy,0,air_pick,train
train/train/air_pick/椋庣偖0617.npy,0,air_pick,train
train/train/air_pick/椋庣偖0075.npy,0,air_pick,train
train/train/air_pick/椋庣偖1397.npy,0,air_pick,train
train/train/air_pick/椋庣偖2304.npy,0,air_pick,train
train/train/air_pick/椋庣偖3557.npy,0,air_pick,train
train/train/air_pick/椋庣偖2289.npy,0,air_pick,train
train/train/air_pick/椋庣偖3470.npy,0,air_pick,train
train/train/air_pick/椋庣偖1372.npy,0,air_pick,train
train/train/air_pick/椋庣偖2843.npy,0,air_pick,train
train/train/air_pick/椋庣偖0623.npy,0,air_pick,train
train/train/air_pick/椋庣偖0702.npy,0,air_pick,train
train/train/air_pick/椋庣偖2436.npy,0,air_pick,train
train/train/air_pick/椋庣偖2564.npy,0,air_pick,train
train/train/air_pick/椋庣偖1870.npy,0,air_pick,train
train/train/air_pick/椋庣偖2252.npy,0,air_pick,train
train/train/air_pick/椋庣偖0793.npy,0,air_pick,train
train/train/air_pick/椋庣偖1175.npy,0,air_pick,train
train/train/air_pick/椋庣偖2269.npy,0,air_pick,train
train/train/air_pick/椋庣偖1309.npy,0,air_pick,train
train/train/air_pick/椋庣偖2602.npy,0,air_pick,train
train/train/air_pick/椋庣偖2698.npy,0,air_pick,train
train/train/air_pick/椋庣偖2890.npy,0,air_pick,train
train/train/air_pick/椋庣偖3430.npy,0,air_pick,train
train/train/air_pick/椋庣偖0795.npy,0,air_pick,train
train/train/air_pick/椋庣偖0918.npy,0,air_pick,train
train/train/air_pick/椋庣偖0956.npy,0,air_pick,train
train/train/air_pick/椋庣偖1145.npy,0,air_pick,train
train/train/air_pick/椋庣偖1390.npy,0,air_pick,train
train/train/air_pick/椋庣偖3534.npy,0,air_pick,train
train/train/air_pick/椋庣偖1044.npy,0,air_pick,train
train/train/air_pick/椋庣偖3591.npy,0,air_pick,train
train/train/air_pick/椋庣偖1945.npy,0,air_pick,train
train/train/air_pick/椋庣偖2381.npy,0,air_pick,train
train/train/air_pick/椋庣偖1460.npy,0,air_pick,train
train/train/air_pick/椋庣偖1120.npy,0,air_pick,train
train/train/air_pick/椋庣偖1155.npy,0,air_pick,train
train/train/air_pick/椋庣偖0385.npy,0,air_pick,train
train/train/air_pick/椋庣偖2977.npy,0,air_pick,train
train/train/air_pick/椋庣偖2392.npy,0,air_pick,train
train/train/air_pick/椋庣偖0761.npy,0,air_pick,train
train/train/air_pick/椋庣偖2389.npy,0,air_pick,train
train/train/air_pick/椋庣偖0257.npy,0,air_pick,train
train/train/air_pick/椋庣偖1018.npy,0,air_pick,train
train/train/air_pick/椋庣偖2470.npy,0,air_pick,train
train/train/air_pick/椋庣偖3020.npy,0,air_pick,train
train/train/air_pick/椋庣偖3446.npy,0,air_pick,train
train/train/air_pick/椋庣偖0473.npy,0,air_pick,train
train/train/air_pick/椋庣偖1609.npy,0,air_pick,train
train/train/air_pick/椋庣偖0429.npy,0,air_pick,train
train/train/air_pick/椋庣偖2475.npy,0,air_pick,train
train/train/air_pick/椋庣偖2920.npy,0,air_pick,train
train/train/air_pick/椋庣偖2904.npy,0,air_pick,train
train/train/air_pick/椋庣偖1440.npy,0,air_pick,train
train/train/air_pick/椋庣偖1958.npy,0,air_pick,train
train/train/air_pick/椋庣偖1020.npy,0,air_pick,train
train/train/air_pick/椋庣偖2271.npy,0,air_pick,train
train/train/air_pick/椋庣偖3420.npy,0,air_pick,train
train/train/air_pick/椋庣偖0168.npy,0,air_pick,train
train/train/air_pick/椋庣偖2589.npy,0,air_pick,train
train/train/air_pick/椋庣偖1975.npy,0,air_pick,train
train/train/air_pick/椋庣偖2259.npy,0,air_pick,train
train/train/air_pick/椋庣偖3479.npy,0,air_pick,train
train/train/air_pick/椋庣偖1118.npy,0,air_pick,train
train/train/air_pick/椋庣偖3748.npy,0,air_pick,train
train/train/air_pick/椋庣偖0701.npy,0,air_pick,train
train/train/air_pick/椋庣偖0804.npy,0,air_pick,train
train/train/air_pick/椋庣偖1086.npy,0,air_pick,train
train/train/air_pick/椋庣偖0624.npy,0,air_pick,train
train/train/air_pick/椋庣偖3674.npy,0,air_pick,train
train/train/air_pick/椋庣偖1116.npy,0,air_pick,train
train/train/air_pick/椋庣偖2501.npy,0,air_pick,train
train/train/air_pick/椋庣偖2824.npy,0,air_pick,train
train/train/air_pick/椋庣偖2923.npy,0,air_pick,train
train/train/air_pick/椋庣偖0693.npy,0,air_pick,train
train/train/air_pick/椋庣偖0430.npy,0,air_pick,train
train/train/air_pick/椋庣偖2223.npy,0,air_pick,train
train/train/air_pick/椋庣偖2549.npy,0,air_pick,train
train/train/air_pick/椋庣偖1628.npy,0,air_pick,train
train/train/air_pick/椋庣偖0541.npy,0,air_pick,train
train/train/air_pick/椋庣偖2251.npy,0,air_pick,train
train/train/air_pick/椋庣偖0845.npy,0,air_pick,train
train/train/air_pick/椋庣偖0146.npy,0,air_pick,train
train/train/air_pick/椋庣偖2375.npy,0,air_pick,train
train/train/air_pick/椋庣偖0135.npy,0,air_pick,train
train/train/air_pick/椋庣偖2092.npy,0,air_pick,train
train/train/air_pick/椋庣偖2058.npy,0,air_pick,train
train/train/air_pick/椋庣偖1227.npy,0,air_pick,train
train/train/air_pick/椋庣偖2563.npy,0,air_pick,train
train/train/air_pick/椋庣偖1973.npy,0,air_pick,train
train/train/air_pick/椋庣偖2078.npy,0,air_pick,train
train/train/air_pick/椋庣偖2100.npy,0,air_pick,train
train/train/air_pick/椋庣偖1290.npy,0,air_pick,train
train/train/air_pick/椋庣偖1087.npy,0,air_pick,train
train/train/air_pick/椋庣偖0393.npy,0,air_pick,train
train/train/air_pick/椋庣偖1277.npy,0,air_pick,train
train/train/air_pick/椋庣偖3547.npy,0,air_pick,train
train/train/air_pick/椋庣偖1313.npy,0,air_pick,train
train/train/air_pick/椋庣偖2667.npy,0,air_pick,train
train/train/air_pick/椋庣偖2282.npy,0,air_pick,train
train/train/air_pick/椋庣偖1493.npy,0,air_pick,train
train/train/air_pick/椋庣偖1207.npy,0,air_pick,train
train/train/air_pick/椋庣偖3482.npy,0,air_pick,train
train/train/air_pick/椋庣偖0789.npy,0,air_pick,train
train/train/air_pick/椋庣偖1930.npy,0,air_pick,train
train/train/air_pick/椋庣偖1450.npy,0,air_pick,train
train/train/air_pick/椋庣偖2256.npy,0,air_pick,train
train/train/air_pick/椋庣偖1849.npy,0,air_pick,train
train/train/air_pick/椋庣偖3836.npy,0,air_pick,train
train/train/air_pick/椋庣偖2994.npy,0,air_pick,train
train/train/air_pick/椋庣偖0486.npy,0,air_pick,train
train/train/air_pick/椋庣偖1345.npy,0,air_pick,train
train/train/air_pick/椋庣偖1421.npy,0,air_pick,train
train/train/air_pick/椋庣偖1132.npy,0,air_pick,train
train/train/air_pick/椋庣偖3050.npy,0,air_pick,train
train/train/air_pick/椋庣偖3810.npy,0,air_pick,train
train/train/air_pick/椋庣偖2692.npy,0,air_pick,train
train/train/air_pick/椋庣偖2013.npy,0,air_pick,train
train/train/air_pick/椋庣偖0771.npy,0,air_pick,train
train/train/air_pick/椋庣偖3613.npy,0,air_pick,train
train/train/air_pick/椋庣偖1375.npy,0,air_pick,train
train/train/air_pick/椋庣偖1107.npy,0,air_pick,train
train/train/air_pick/椋庣偖0983.npy,0,air_pick,train
train/train/air_pick/椋庣偖2747.npy,0,air_pick,train
train/train/air_pick/椋庣偖2910.npy,0,air_pick,train
train/train/air_pick/椋庣偖2138.npy,0,air_pick,train
train/train/air_pick/椋庣偖2643.npy,0,air_pick,train
train/train/air_pick/椋庣偖2176.npy,0,air_pick,train
train/train/air_pick/椋庣偖0985.npy,0,air_pick,train
train/train/air_pick/椋庣偖2891.npy,0,air_pick,train
train/train/air_pick/椋庣偖1386.npy,0,air_pick,train
train/train/air_pick/椋庣偖1276.npy,0,air_pick,train
train/train/air_pick/椋庣偖1451.npy,0,air_pick,train
train/train/air_pick/椋庣偖0350.npy,0,air_pick,train
train/train/air_pick/椋庣偖0026.npy,0,air_pick,train
train/train/air_pick/椋庣偖3848.npy,0,air_pick,train
train/train/air_pick/椋庣偖1519.npy,0,air_pick,train
train/train/air_pick/椋庣偖0784.npy,0,air_pick,train
train/train/air_pick/椋庣偖0586.npy,0,air_pick,train
train/train/air_pick/椋庣偖2385.npy,0,air_pick,train
train/train/air_pick/椋庣偖0048.npy,0,air_pick,train
train/train/air_pick/椋庣偖1266.npy,0,air_pick,train
train/train/air_pick/椋庣偖2918.npy,0,air_pick,train
train/train/air_pick/椋庣偖3068.npy,0,air_pick,train
train/train/air_pick/椋庣偖0241.npy,0,air_pick,train
train/train/air_pick/椋庣偖2177.npy,0,air_pick,train
train/train/air_pick/椋庣偖3442.npy,0,air_pick,train
train/train/air_pick/椋庣偖3495.npy,0,air_pick,train
train/train/air_pick/椋庣偖1588.npy,0,air_pick,train
train/train/air_pick/椋庣偖0413.npy,0,air_pick,train
train/train/air_pick/椋庣偖1761.npy,0,air_pick,train
train/train/air_pick/椋庣偖0463.npy,0,air_pick,train
train/train/air_pick/椋庣偖0165.npy,0,air_pick,train
train/train/air_pick/椋庣偖1268.npy,0,air_pick,train
train/train/air_pick/椋庣偖0531.npy,0,air_pick,train
train/train/air_pick/椋庣偖2521.npy,0,air_pick,train
train/train/air_pick/椋庣偖2510.npy,0,air_pick,train
train/train/air_pick/椋庣偖3541.npy,0,air_pick,train
train/train/air_pick/椋庣偖1660.npy,0,air_pick,train
train/train/air_pick/椋庣偖3732.npy,0,air_pick,train
train/train/air_pick/椋庣偖0538.npy,0,air_pick,train
train/train/air_pick/椋庣偖0153.npy,0,air_pick,train
train/train/air_pick/椋庣偖0109.npy,0,air_pick,train
train/train/air_pick/椋庣偖3883.npy,0,air_pick,train
train/train/air_pick/椋庣偖3832.npy,0,air_pick,train
train/train/air_pick/椋庣偖2506.npy,0,air_pick,train
train/train/air_pick/椋庣偖0872.npy,0,air_pick,train
train/train/air_pick/椋庣偖1792.npy,0,air_pick,train
train/train/air_pick/椋庣偖2963.npy,0,air_pick,train
train/train/air_pick/椋庣偖1325.npy,0,air_pick,train
train/train/air_pick/椋庣偖1804.npy,0,air_pick,train
train/train/air_pick/椋庣偖0344.npy,0,air_pick,train
train/train/air_pick/椋庣偖3623.npy,0,air_pick,train
train/train/air_pick/椋庣偖2286.npy,0,air_pick,train
train/train/air_pick/椋庣偖2723.npy,0,air_pick,train
train/train/air_pick/椋庣偖3510.npy,0,air_pick,train
train/train/air_pick/椋庣偖0330.npy,0,air_pick,train
train/train/air_pick/椋庣偖0266.npy,0,air_pick,train
train/train/air_pick/椋庣偖0425.npy,0,air_pick,train
train/train/air_pick/椋庣偖2949.npy,0,air_pick,train
train/train/air_pick/椋庣偖2441.npy,0,air_pick,train
train/train/air_pick/椋庣偖1899.npy,0,air_pick,train
train/train/air_pick/椋庣偖0166.npy,0,air_pick,train
train/train/air_pick/椋庣偖3721.npy,0,air_pick,train
train/train/air_pick/椋庣偖0412.npy,0,air_pick,train
train/train/air_pick/椋庣偖2832.npy,0,air_pick,train
train/train/air_pick/椋庣偖2124.npy,0,air_pick,train
train/train/air_pick/椋庣偖2242.npy,0,air_pick,train
train/train/air_pick/椋庣偖0392.npy,0,air_pick,train
train/train/air_pick/椋庣偖1604.npy,0,air_pick,train
train/train/air_pick/椋庣偖2511.npy,0,air_pick,train
train/train/air_pick/椋庣偖2889.npy,0,air_pick,train
train/train/air_pick/椋庣偖0120.npy,0,air_pick,train
train/train/air_pick/椋庣偖2398.npy,0,air_pick,train
train/train/air_pick/椋庣偖0593.npy,0,air_pick,train
train/train/air_pick/椋庣偖1101.npy,0,air_pick,train
train/train/air_pick/椋庣偖1332.npy,0,air_pick,train
train/train/air_pick/椋庣偖2105.npy,0,air_pick,train
train/train/air_pick/椋庣偖0785.npy,0,air_pick,train
train/train/air_pick/椋庣偖0347.npy,0,air_pick,train
train/train/air_pick/椋庣偖2981.npy,0,air_pick,train
train/train/air_pick/椋庣偖0629.npy,0,air_pick,train
train/train/air_pick/椋庣偖3456.npy,0,air_pick,train
train/train/air_pick/椋庣偖0210.npy,0,air_pick,train
train/train/air_pick/椋庣偖2060.npy,0,air_pick,train
train/train/air_pick/椋庣偖3650.npy,0,air_pick,train
train/train/air_pick/椋庣偖3018.npy,0,air_pick,train
train/train/air_pick/椋庣偖3657.npy,0,air_pick,train
train/train/air_pick/椋庣偖1260.npy,0,air_pick,train
train/train/air_pick/椋庣偖3052.npy,0,air_pick,train
train/train/air_pick/椋庣偖1283.npy,0,air_pick,train
train/train/air_pick/椋庣偖2962.npy,0,air_pick,train
train/train/air_pick/椋庣偖1436.npy,0,air_pick,train
train/train/air_pick/椋庣偖0897.npy,0,air_pick,train
train/train/air_pick/椋庣偖2323.npy,0,air_pick,train
train/train/air_pick/椋庣偖2909.npy,0,air_pick,train
train/train/air_pick/椋庣偖0848.npy,0,air_pick,train
train/train/air_pick/椋庣偖0927.npy,0,air_pick,train
train/train/air_pick/椋庣偖0436.npy,0,air_pick,train
train/train/air_pick/椋庣偖2003.npy,0,air_pick,train
train/train/air_pick/椋庣偖0776.npy,0,air_pick,train
train/train/air_pick/椋庣偖1168.npy,0,air_pick,train
train/train/air_pick/椋庣偖0800.npy,0,air_pick,train
train/train/air_pick/椋庣偖1112.npy,0,air_pick,train
train/train/air_pick/椋庣偖1872.npy,0,air_pick,train
train/train/air_pick/椋庣偖1551.npy,0,air_pick,train
train/train/air_pick/椋庣偖1352.npy,0,air_pick,train
train/train/air_pick/椋庣偖1586.npy,0,air_pick,train
train/train/air_pick/椋庣偖2472.npy,0,air_pick,train
train/train/air_pick/椋庣偖2834.npy,0,air_pick,train
train/train/air_pick/椋庣偖3796.npy,0,air_pick,train
train/train/air_pick/椋庣偖2503.npy,0,air_pick,train
train/train/air_pick/椋庣偖3540.npy,0,air_pick,train
train/train/air_pick/椋庣偖2881.npy,0,air_pick,train
train/train/air_pick/椋庣偖0408.npy,0,air_pick,train
train/train/air_pick/椋庣偖1890.npy,0,air_pick,train
train/train/air_pick/椋庣偖2675.npy,0,air_pick,train
train/train/air_pick/椋庣偖1078.npy,0,air_pick,train
train/train/air_pick/椋庣偖2586.npy,0,air_pick,train
train/train/air_pick/椋庣偖2801.npy,0,air_pick,train
train/train/air_pick/椋庣偖0140.npy,0,air_pick,train
train/train/air_pick/椋庣偖3634.npy,0,air_pick,train
train/train/air_pick/椋庣偖3803.npy,0,air_pick,train
train/train/air_pick/椋庣偖3775.npy,0,air_pick,train
train/train/air_pick/椋庣偖1152.npy,0,air_pick,train
train/train/air_pick/椋庣偖0898.npy,0,air_pick,train
train/train/air_pick/椋庣偖0733.npy,0,air_pick,train
train/train/air_pick/椋庣偖0195.npy,0,air_pick,train
train/train/air_pick/椋庣偖0556.npy,0,air_pick,train
train/train/air_pick/椋庣偖2727.npy,0,air_pick,train
train/train/air_pick/椋庣偖1714.npy,0,air_pick,train
train/train/air_pick/椋庣偖2321.npy,0,air_pick,train
train/train/air_pick/椋庣偖1999.npy,0,air_pick,train
train/train/air_pick/椋庣偖2302.npy,0,air_pick,train
train/train/air_pick/椋庣偖1491.npy,0,air_pick,train
train/train/air_pick/椋庣偖0963.npy,0,air_pick,train
train/train/air_pick/椋庣偖1217.npy,0,air_pick,train
train/train/air_pick/椋庣偖2463.npy,0,air_pick,train
train/train/air_pick/椋庣偖1204.npy,0,air_pick,train
train/train/air_pick/椋庣偖2633.npy,0,air_pick,train
train/train/air_pick/椋庣偖2750.npy,0,air_pick,train
train/train/air_pick/椋庣偖0710.npy,0,air_pick,train
train/train/air_pick/椋庣偖1960.npy,0,air_pick,train
train/train/air_pick/椋庣偖0376.npy,0,air_pick,train
train/train/air_pick/椋庣偖2736.npy,0,air_pick,train
train/train/air_pick/椋庣偖2127.npy,0,air_pick,train
train/train/air_pick/椋庣偖3568.npy,0,air_pick,train
train/train/air_pick/椋庣偖1830.npy,0,air_pick,train
train/train/air_pick/椋庣偖2230.npy,0,air_pick,train
train/train/air_pick/椋庣偖2805.npy,0,air_pick,train
train/train/air_pick/椋庣偖0543.npy,0,air_pick,train
train/train/air_pick/椋庣偖1328.npy,0,air_pick,train
train/train/air_pick/椋庣偖0601.npy,0,air_pick,train
train/train/air_pick/椋庣偖1618.npy,0,air_pick,train
train/train/air_pick/椋庣偖1981.npy,0,air_pick,train
train/train/air_pick/椋庣偖2742.npy,0,air_pick,train
train/train/air_pick/椋庣偖3612.npy,0,air_pick,train
train/train/air_pick/椋庣偖2746.npy,0,air_pick,train
train/train/air_pick/椋庣偖0088.npy,0,air_pick,train
train/train/air_pick/椋庣偖0073.npy,0,air_pick,train
train/train/air_pick/椋庣偖1226.npy,0,air_pick,train
train/train/air_pick/椋庣偖3490.npy,0,air_pick,train
train/train/air_pick/椋庣偖3808.npy,0,air_pick,train
train/train/air_pick/椋庣偖1782.npy,0,air_pick,train
train/train/air_pick/椋庣偖1846.npy,0,air_pick,train
train/train/air_pick/椋庣偖0434.npy,0,air_pick,train
train/train/air_pick/椋庣偖2629.npy,0,air_pick,train
train/train/air_pick/椋庣偖1933.npy,0,air_pick,train
train/train/air_pick/椋庣偖2919.npy,0,air_pick,train
train/train/air_pick/椋庣偖3508.npy,0,air_pick,train
train/train/air_pick/椋庣偖2139.npy,0,air_pick,train
train/train/air_pick/椋庣偖3072.npy,0,air_pick,train
train/train/air_pick/椋庣偖0544.npy,0,air_pick,train
train/train/air_pick/椋庣偖1373.npy,0,air_pick,train
train/train/air_pick/椋庣偖0304.npy,0,air_pick,train
train/train/air_pick/椋庣偖0198.npy,0,air_pick,train
train/train/air_pick/椋庣偖3696.npy,0,air_pick,train
train/train/air_pick/椋庣偖2553.npy,0,air_pick,train
train/train/air_pick/椋庣偖0560.npy,0,air_pick,train
train/train/air_pick/椋庣偖1471.npy,0,air_pick,train
train/train/air_pick/椋庣偖2023.npy,0,air_pick,train
train/train/air_pick/椋庣偖1140.npy,0,air_pick,train
train/train/air_pick/椋庣偖0506.npy,0,air_pick,train
train/train/air_pick/椋庣偖0587.npy,0,air_pick,train
train/train/air_pick/椋庣偖1196.npy,0,air_pick,train
train/train/air_pick/椋庣偖3449.npy,0,air_pick,train
train/train/air_pick/椋庣偖1685.npy,0,air_pick,train
train/train/air_pick/椋庣偖1038.npy,0,air_pick,train
train/train/air_pick/椋庣偖0094.npy,0,air_pick,train
train/train/air_pick/椋庣偖3445.npy,0,air_pick,train
train/train/air_pick/椋庣偖2217.npy,0,air_pick,train
train/train/air_pick/椋庣偖1040.npy,0,air_pick,train
train/train/air_pick/椋庣偖2504.npy,0,air_pick,train
train/train/air_pick/椋庣偖2647.npy,0,air_pick,train
train/train/air_pick/椋庣偖0252.npy,0,air_pick,train
train/train/air_pick/椋庣偖1891.npy,0,air_pick,train
train/train/air_pick/椋庣偖1172.npy,0,air_pick,train
train/train/air_pick/椋庣偖0532.npy,0,air_pick,train
train/train/air_pick/椋庣偖1620.npy,0,air_pick,train
train/train/air_pick/椋庣偖2309.npy,0,air_pick,train
train/train/air_pick/椋庣偖0896.npy,0,air_pick,train
train/train/air_pick/椋庣偖1403.npy,0,air_pick,train
train/train/air_pick/椋庣偖1212.npy,0,air_pick,train
train/train/air_pick/椋庣偖2990.npy,0,air_pick,train
train/train/air_pick/椋庣偖1376.npy,0,air_pick,train
train/train/air_pick/椋庣偖3771.npy,0,air_pick,train
train/train/air_pick/椋庣偖1730.npy,0,air_pick,train
train/train/air_pick/椋庣偖2171.npy,0,air_pick,train
train/train/air_pick/椋庣偖0715.npy,0,air_pick,train
train/train/air_pick/椋庣偖3523.npy,0,air_pick,train
train/train/air_pick/椋庣偖3627.npy,0,air_pick,train
train/train/air_pick/椋庣偖0273.npy,0,air_pick,train
train/train/air_pick/椋庣偖1758.npy,0,air_pick,train
train/train/air_pick/椋庣偖3439.npy,0,air_pick,train
train/train/air_pick/椋庣偖1149.npy,0,air_pick,train
train/train/air_pick/椋庣偖2113.npy,0,air_pick,train
train/train/air_pick/椋庣偖2870.npy,0,air_pick,train
train/train/air_pick/椋庣偖2339.npy,0,air_pick,train
train/train/air_pick/椋庣偖2786.npy,0,air_pick,train
train/train/air_pick/椋庣偖2816.npy,0,air_pick,train
train/train/air_pick/椋庣偖0639.npy,0,air_pick,train
train/train/air_pick/椋庣偖2367.npy,0,air_pick,train
train/train/air_pick/椋庣偖2167.npy,0,air_pick,train
train/train/air_pick/椋庣偖0972.npy,0,air_pick,train
train/train/air_pick/椋庣偖1177.npy,0,air_pick,train
train/train/air_pick/椋庣偖2703.npy,0,air_pick,train
train/train/air_pick/椋庣偖0246.npy,0,air_pick,train
train/train/air_pick/椋庣偖0265.npy,0,air_pick,train
train/train/air_pick/椋庣偖1029.npy,0,air_pick,train
train/train/air_pick/椋庣偖2492.npy,0,air_pick,train
train/train/air_pick/椋庣偖3730.npy,0,air_pick,train
train/train/air_pick/椋庣偖2952.npy,0,air_pick,train
train/train/air_pick/椋庣偖0465.npy,0,air_pick,train
train/train/air_pick/椋庣偖0148.npy,0,air_pick,train
train/train/air_pick/椋庣偖1799.npy,0,air_pick,train
train/train/air_pick/椋庣偖1986.npy,0,air_pick,train
train/train/air_pick/椋庣偖2093.npy,0,air_pick,train
train/train/air_pick/椋庣偖3772.npy,0,air_pick,train
train/train/air_pick/椋庣偖2342.npy,0,air_pick,train
train/train/air_pick/椋庣偖3799.npy,0,air_pick,train
train/train/air_pick/椋庣偖0141.npy,0,air_pick,train
train/train/air_pick/椋庣偖3520.npy,0,air_pick,train
train/train/air_pick/椋庣偖1725.npy,0,air_pick,train
train/train/air_pick/椋庣偖0361.npy,0,air_pick,train
train/train/air_pick/椋庣偖3036.npy,0,air_pick,train
train/train/air_pick/椋庣偖0846.npy,0,air_pick,train
train/train/air_pick/椋庣偖0184.npy,0,air_pick,train
train/train/air_pick/椋庣偖2984.npy,0,air_pick,train
train/train/air_pick/椋庣偖0101.npy,0,air_pick,train
train/train/air_pick/椋庣偖1417.npy,0,air_pick,train
train/train/air_pick/椋庣偖2068.npy,0,air_pick,train
train/train/air_pick/椋庣偖2895.npy,0,air_pick,train
train/train/air_pick/椋庣偖0878.npy,0,air_pick,train
train/train/air_pick/椋庣偖0602.npy,0,air_pick,train
train/train/air_pick/椋庣偖3434.npy,0,air_pick,train
train/train/air_pick/椋庣偖1943.npy,0,air_pick,train
train/train/air_pick/椋庣偖1468.npy,0,air_pick,train
train/train/air_pick/椋庣偖2554.npy,0,air_pick,train
train/train/air_pick/椋庣偖0015.npy,0,air_pick,train
train/train/air_pick/椋庣偖1010.npy,0,air_pick,train
train/train/air_pick/椋庣偖1711.npy,0,air_pick,train
train/train/air_pick/椋庣偖0603.npy,0,air_pick,train
train/train/air_pick/椋庣偖0640.npy,0,air_pick,train
train/train/air_pick/椋庣偖2965.npy,0,air_pick,train
train/train/air_pick/椋庣偖3527.npy,0,air_pick,train
train/train/air_pick/椋庣偖1306.npy,0,air_pick,train
train/train/air_pick/椋庣偖1367.npy,0,air_pick,train
train/train/air_pick/椋庣偖0902.npy,0,air_pick,train
train/train/air_pick/椋庣偖0977.npy,0,air_pick,train
train/train/air_pick/椋庣偖2278.npy,0,air_pick,train
train/train/air_pick/椋庣偖1293.npy,0,air_pick,train
train/train/air_pick/椋庣偖2161.npy,0,air_pick,train
train/train/air_pick/椋庣偖1341.npy,0,air_pick,train
train/train/air_pick/椋庣偖1583.npy,0,air_pick,train
train/train/air_pick/椋庣偖1458.npy,0,air_pick,train
train/train/air_pick/椋庣偖2482.npy,0,air_pick,train
train/train/air_pick/椋庣偖0296.npy,0,air_pick,train
train/train/air_pick/椋庣偖2620.npy,0,air_pick,train
train/train/air_pick/椋庣偖2062.npy,0,air_pick,train
train/train/air_pick/椋庣偖3601.npy,0,air_pick,train
train/train/air_pick/椋庣偖0821.npy,0,air_pick,train
train/train/air_pick/椋庣偖2073.npy,0,air_pick,train
train/train/air_pick/椋庣偖2825.npy,0,air_pick,train
train/train/air_pick/椋庣偖1808.npy,0,air_pick,train
train/train/air_pick/椋庣偖3071.npy,0,air_pick,train
train/train/air_pick/椋庣偖3823.npy,0,air_pick,train
train/train/air_pick/椋庣偖1190.npy,0,air_pick,train
train/train/air_pick/椋庣偖1059.npy,0,air_pick,train
train/train/air_pick/椋庣偖2166.npy,0,air_pick,train
train/train/air_pick/椋庣偖2357.npy,0,air_pick,train
train/train/air_pick/椋庣偖0971.npy,0,air_pick,train
train/train/air_pick/椋庣偖1355.npy,0,air_pick,train
train/train/air_pick/椋庣偖1431.npy,0,air_pick,train
train/train/air_pick/椋庣偖0696.npy,0,air_pick,train
train/train/air_pick/椋庣偖1778.npy,0,air_pick,train
train/train/air_pick/椋庣偖0679.npy,0,air_pick,train
train/train/air_pick/椋庣偖0056.npy,0,air_pick,train
train/train/air_pick/椋庣偖2989.npy,0,air_pick,train
train/train/air_pick/椋庣偖0658.npy,0,air_pick,train
train/train/air_pick/椋庣偖0813.npy,0,air_pick,train
train/train/air_pick/椋庣偖2343.npy,0,air_pick,train
train/train/air_pick/椋庣偖0909.npy,0,air_pick,train
train/train/air_pick/椋庣偖2373.npy,0,air_pick,train
train/train/air_pick/椋庣偖2877.npy,0,air_pick,train
train/train/air_pick/椋庣偖1060.npy,0,air_pick,train
train/train/air_pick/椋庣偖2810.npy,0,air_pick,train
train/train/air_pick/椋庣偖2966.npy,0,air_pick,train
train/train/air_pick/椋庣偖2711.npy,0,air_pick,train
train/train/air_pick/椋庣偖2574.npy,0,air_pick,train
train/train/air_pick/椋庣偖1455.npy,0,air_pick,train
train/train/air_pick/椋庣偖2291.npy,0,air_pick,train
train/train/air_pick/椋庣偖1203.npy,0,air_pick,train
train/train/air_pick/椋庣偖2902.npy,0,air_pick,train
train/train/air_pick/椋庣偖0955.npy,0,air_pick,train
train/train/air_pick/椋庣偖2022.npy,0,air_pick,train
train/train/air_pick/椋庣偖1339.npy,0,air_pick,train
train/train/air_pick/椋庣偖3580.npy,0,air_pick,train
train/train/air_pick/椋庣偖2190.npy,0,air_pick,train
train/train/air_pick/椋庣偖2969.npy,0,air_pick,train
train/train/air_pick/椋庣偖2025.npy,0,air_pick,train
train/train/air_pick/椋庣偖3700.npy,0,air_pick,train
train/train/air_pick/椋庣偖0726.npy,0,air_pick,train
train/train/air_pick/椋庣偖0742.npy,0,air_pick,train
train/train/air_pick/椋庣偖2604.npy,0,air_pick,train
train/train/air_pick/椋庣偖3724.npy,0,air_pick,train
train/train/air_pick/椋庣偖3815.npy,0,air_pick,train
train/train/air_pick/椋庣偖0477.npy,0,air_pick,train
train/train/air_pick/椋庣偖1077.npy,0,air_pick,train
train/train/air_pick/椋庣偖3643.npy,0,air_pick,train
train/train/air_pick/椋庣偖2172.npy,0,air_pick,train
train/train/air_pick/椋庣偖3690.npy,0,air_pick,train
train/train/air_pick/椋庣偖2975.npy,0,air_pick,train
train/train/air_pick/椋庣偖3875.npy,0,air_pick,train
train/train/air_pick/椋庣偖0853.npy,0,air_pick,train
train/train/air_pick/椋庣偖2456.npy,0,air_pick,train
train/train/air_pick/椋庣偖1691.npy,0,air_pick,train
train/train/air_pick/椋庣偖0370.npy,0,air_pick,train
train/train/air_pick/椋庣偖1774.npy,0,air_pick,train
train/train/air_pick/椋庣偖3746.npy,0,air_pick,train
train/train/air_pick/椋庣偖1346.npy,0,air_pick,train
train/train/air_pick/椋庣偖0944.npy,0,air_pick,train
train/train/air_pick/椋庣偖2950.npy,0,air_pick,train
train/train/air_pick/椋庣偖2794.npy,0,air_pick,train
train/train/air_pick/椋庣偖0608.npy,0,air_pick,train
train/train/air_pick/椋庣偖1855.npy,0,air_pick,train
train/train/air_pick/椋庣偖2235.npy,0,air_pick,train
train/train/air_pick/椋庣偖3582.npy,0,air_pick,train
train/train/air_pick/椋庣偖1335.npy,0,air_pick,train
train/train/air_pick/椋庣偖2146.npy,0,air_pick,train
train/train/air_pick/椋庣偖1195.npy,0,air_pick,train
train/train/air_pick/椋庣偖1921.npy,0,air_pick,train
train/train/air_pick/椋庣偖2285.npy,0,air_pick,train
train/train/air_pick/椋庣偖1635.npy,0,air_pick,train
train/train/air_pick/椋庣偖1715.npy,0,air_pick,train
train/train/air_pick/椋庣偖3806.npy,0,air_pick,train
train/train/air_pick/椋庣偖1719.npy,0,air_pick,train
train/train/air_pick/椋庣偖1170.npy,0,air_pick,train
train/train/air_pick/椋庣偖2089.npy,0,air_pick,train
train/train/air_pick/椋庣偖0152.npy,0,air_pick,train
train/train/air_pick/椋庣偖2024.npy,0,air_pick,train
train/train/air_pick/椋庣偖0879.npy,0,air_pick,train
train/train/air_pick/椋庣偖0464.npy,0,air_pick,train
train/train/air_pick/椋庣偖1122.npy,0,air_pick,train
train/train/air_pick/椋庣偖3554.npy,0,air_pick,train
train/train/air_pick/椋庣偖2249.npy,0,air_pick,train
train/train/air_pick/椋庣偖2526.npy,0,air_pick,train
train/train/air_pick/椋庣偖1213.npy,0,air_pick,train
train/train/air_pick/椋庣偖2542.npy,0,air_pick,train
train/train/air_pick/椋庣偖0945.npy,0,air_pick,train
train/train/air_pick/椋庣偖1914.npy,0,air_pick,train
train/train/air_pick/椋庣偖0455.npy,0,air_pick,train
train/train/air_pick/椋庣偖1138.npy,0,air_pick,train
train/train/air_pick/椋庣偖0300.npy,0,air_pick,train
train/train/air_pick/椋庣偖1613.npy,0,air_pick,train
train/train/air_pick/椋庣偖2052.npy,0,air_pick,train
train/train/air_pick/椋庣偖2400.npy,0,air_pick,train
train/train/air_pick/椋庣偖2395.npy,0,air_pick,train
train/train/air_pick/椋庣偖0942.npy,0,air_pick,train
train/train/air_pick/椋庣偖1716.npy,0,air_pick,train
train/train/air_pick/椋庣偖1401.npy,0,air_pick,train
train/train/air_pick/椋庣偖0258.npy,0,air_pick,train
train/train/air_pick/椋庣偖2272.npy,0,air_pick,train
train/train/air_pick/椋庣偖2178.npy,0,air_pick,train
train/train/air_pick/椋庣偖1209.npy,0,air_pick,train
train/train/air_pick/椋庣偖2844.npy,0,air_pick,train
train/train/air_pick/椋庣偖1587.npy,0,air_pick,train
train/train/air_pick/椋庣偖3697.npy,0,air_pick,train
train/train/air_pick/椋庣偖2125.npy,0,air_pick,train
train/train/air_pick/椋庣偖0563.npy,0,air_pick,train
train/train/air_pick/椋庣偖2128.npy,0,air_pick,train
train/train/air_pick/椋庣偖2029.npy,0,air_pick,train
train/train/air_pick/椋庣偖0916.npy,0,air_pick,train
train/train/air_pick/椋庣偖1696.npy,0,air_pick,train
train/train/air_pick/椋庣偖1781.npy,0,air_pick,train
train/train/air_pick/椋庣偖1664.npy,0,air_pick,train
train/train/air_pick/椋庣偖3682.npy,0,air_pick,train
train/train/air_pick/椋庣偖2233.npy,0,air_pick,train
train/train/air_pick/椋庣偖3871.npy,0,air_pick,train
train/train/air_pick/椋庣偖1723.npy,0,air_pick,train
train/train/air_pick/椋庣偖3844.npy,0,air_pick,train
train/train/air_pick/椋庣偖1662.npy,0,air_pick,train
train/train/air_pick/椋庣偖3488.npy,0,air_pick,train
train/train/air_pick/椋庣偖2210.npy,0,air_pick,train
train/train/air_pick/椋庣偖1938.npy,0,air_pick,train
train/train/air_pick/椋庣偖2283.npy,0,air_pick,train
train/train/air_pick/椋庣偖2065.npy,0,air_pick,train
train/train/air_pick/椋庣偖1582.npy,0,air_pick,train
train/train/air_pick/椋庣偖1666.npy,0,air_pick,train
train/train/air_pick/椋庣偖0169.npy,0,air_pick,train
train/train/air_pick/椋庣偖1575.npy,0,air_pick,train
train/train/air_pick/椋庣偖1463.npy,0,air_pick,train
train/train/air_pick/椋庣偖2684.npy,0,air_pick,train
train/train/air_pick/椋庣偖0102.npy,0,air_pick,train
train/train/air_pick/椋庣偖0759.npy,0,air_pick,train
train/train/air_pick/椋庣偖2391.npy,0,air_pick,train
train/train/air_pick/椋庣偖0336.npy,0,air_pick,train
train/train/air_pick/椋庣偖2322.npy,0,air_pick,train
train/train/air_pick/椋庣偖2745.npy,0,air_pick,train
train/train/air_pick/椋庣偖2173.npy,0,air_pick,train
train/train/air_pick/椋庣偖0651.npy,0,air_pick,train
train/train/air_pick/椋庣偖1962.npy,0,air_pick,train
train/train/air_pick/椋庣偖1542.npy,0,air_pick,train
train/train/air_pick/椋庣偖3047.npy,0,air_pick,train
train/train/air_pick/椋庣偖0810.npy,0,air_pick,train
train/train/air_pick/椋庣偖0260.npy,0,air_pick,train
train/train/air_pick/椋庣偖0691.npy,0,air_pick,train
train/train/air_pick/椋庣偖2057.npy,0,air_pick,train
train/train/air_pick/椋庣偖3001.npy,0,air_pick,train
train/train/air_pick/椋庣偖2084.npy,0,air_pick,train
train/train/air_pick/椋庣偖2390.npy,0,air_pick,train
train/train/air_pick/椋庣偖3436.npy,0,air_pick,train
train/train/air_pick/椋庣偖2109.npy,0,air_pick,train
train/train/air_pick/椋庣偖1903.npy,0,air_pick,train
train/train/air_pick/椋庣偖1881.npy,0,air_pick,train
train/train/air_pick/椋庣偖0598.npy,0,air_pick,train
train/train/air_pick/椋庣偖1929.npy,0,air_pick,train
train/train/air_pick/椋庣偖3733.npy,0,air_pick,train
train/train/air_pick/椋庣偖2807.npy,0,air_pick,train
train/train/air_pick/椋庣偖3837.npy,0,air_pick,train
train/train/air_pick/椋庣偖0806.npy,0,air_pick,train
train/train/air_pick/椋庣偖2598.npy,0,air_pick,train
train/train/air_pick/椋庣偖2038.npy,0,air_pick,train
train/train/air_pick/椋庣偖2409.npy,0,air_pick,train
train/train/air_pick/椋庣偖3572.npy,0,air_pick,train
train/train/air_pick/椋庣偖2517.npy,0,air_pick,train
train/train/air_pick/椋庣偖0318.npy,0,air_pick,train
train/train/air_pick/椋庣偖2992.npy,0,air_pick,train
train/train/air_pick/椋庣偖2099.npy,0,air_pick,train
train/train/air_pick/椋庣偖1264.npy,0,air_pick,train
train/train/air_pick/椋庣偖2789.npy,0,air_pick,train
train/train/air_pick/椋庣偖2929.npy,0,air_pick,train
train/train/air_pick/椋庣偖2300.npy,0,air_pick,train
train/train/air_pick/椋庣偖2600.npy,0,air_pick,train
train/train/air_pick/椋庣偖2721.npy,0,air_pick,train
train/train/air_pick/椋庣偖0268.npy,0,air_pick,train
train/train/air_pick/椋庣偖0038.npy,0,air_pick,train
train/train/air_pick/椋庣偖2888.npy,0,air_pick,train
train/train/air_pick/椋庣偖0134.npy,0,air_pick,train
train/train/air_pick/椋庣偖0657.npy,0,air_pick,train
train/train/air_pick/椋庣偖3576.npy,0,air_pick,train
train/train/air_pick/椋庣偖1265.npy,0,air_pick,train
train/train/air_pick/椋庣偖3029.npy,0,air_pick,train
train/train/air_pick/椋庣偖1639.npy,0,air_pick,train
train/train/air_pick/椋庣偖0142.npy,0,air_pick,train
train/train/air_pick/椋庣偖0670.npy,0,air_pick,train
train/train/air_pick/椋庣偖1557.npy,0,air_pick,train
train/train/air_pick/椋庣偖1043.npy,0,air_pick,train
train/train/air_pick/椋庣偖1109.npy,0,air_pick,train
train/train/air_pick/椋庣偖2795.npy,0,air_pick,train
train/train/air_pick/椋庣偖2037.npy,0,air_pick,train
train/train/air_pick/椋庣偖1769.npy,0,air_pick,train
train/train/air_pick/椋庣偖1926.npy,0,air_pick,train
train/train/air_pick/椋庣偖2151.npy,0,air_pick,train
train/train/air_pick/椋庣偖0086.npy,0,air_pick,train
train/train/air_pick/椋庣偖2618.npy,0,air_pick,train
train/train/air_pick/椋庣偖3053.npy,0,air_pick,train
train/train/air_pick/椋庣偖0857.npy,0,air_pick,train
train/train/air_pick/椋庣偖3753.npy,0,air_pick,train
train/train/air_pick/椋庣偖0637.npy,0,air_pick,train
train/train/air_pick/椋庣偖2134.npy,0,air_pick,train
train/train/air_pick/椋庣偖0309.npy,0,air_pick,train
train/train/air_pick/椋庣偖1833.npy,0,air_pick,train
train/train/air_pick/椋庣偖0427.npy,0,air_pick,train
train/train/air_pick/椋庣偖1469.npy,0,air_pick,train
train/train/air_pick/椋庣偖0894.npy,0,air_pick,train
train/train/air_pick/椋庣偖2851.npy,0,air_pick,train
train/train/air_pick/椋庣偖2126.npy,0,air_pick,train
train/train/air_pick/椋庣偖0546.npy,0,air_pick,train
train/train/air_pick/椋庣偖2768.npy,0,air_pick,train
train/train/air_pick/椋庣偖3882.npy,0,air_pick,train
train/train/air_pick/椋庣偖1812.npy,0,air_pick,train
train/train/air_pick/椋庣偖2995.npy,0,air_pick,train
train/train/air_pick/椋庣偖2270.npy,0,air_pick,train
train/train/air_pick/椋庣偖0407.npy,0,air_pick,train
train/train/air_pick/椋庣偖1297.npy,0,air_pick,train
train/train/air_pick/椋庣偖2311.npy,0,air_pick,train
train/train/air_pick/椋庣偖2298.npy,0,air_pick,train
train/train/air_pick/椋庣偖2363.npy,0,air_pick,train
train/train/air_pick/椋庣偖2519.npy,0,air_pick,train
train/train/air_pick/椋庣偖0154.npy,0,air_pick,train
train/train/air_pick/椋庣偖2855.npy,0,air_pick,train
train/train/air_pick/椋庣偖3797.npy,0,air_pick,train
train/train/air_pick/椋庣偖2913.npy,0,air_pick,train
train/train/air_pick/椋庣偖1668.npy,0,air_pick,train
train/train/air_pick/椋庣偖2352.npy,0,air_pick,train
train/train/air_pick/椋庣偖3631.npy,0,air_pick,train
train/train/air_pick/椋庣偖0449.npy,0,air_pick,train
train/train/air_pick/椋庣偖0203.npy,0,air_pick,train
train/train/air_pick/椋庣偖0572.npy,0,air_pick,train
train/train/air_pick/椋庣偖2220.npy,0,air_pick,train
train/train/air_pick/椋庣偖2296.npy,0,air_pick,train
train/train/air_pick/椋庣偖0734.npy,0,air_pick,train
train/train/air_pick/椋庣偖2072.npy,0,air_pick,train
train/train/air_pick/椋庣偖2837.npy,0,air_pick,train
train/train/air_pick/椋庣偖2835.npy,0,air_pick,train
train/train/air_pick/椋庣偖0513.npy,0,air_pick,train
train/train/air_pick/椋庣偖0834.npy,0,air_pick,train
train/train/air_pick/椋庣偖2232.npy,0,air_pick,train
train/train/air_pick/椋庣偖0208.npy,0,air_pick,train
train/train/air_pick/椋庣偖2120.npy,0,air_pick,train
train/train/air_pick/椋庣偖0234.npy,0,air_pick,train
train/train/air_pick/椋庣偖2310.npy,0,air_pick,train
train/train/air_pick/椋庣偖1917.npy,0,air_pick,train
train/train/air_pick/椋庣偖3039.npy,0,air_pick,train
train/train/air_pick/椋庣偖2946.npy,0,air_pick,train
train/train/air_pick/椋庣偖1529.npy,0,air_pick,train
train/train/air_pick/椋庣偖2437.npy,0,air_pick,train
train/train/air_pick/椋庣偖0337.npy,0,air_pick,train
train/train/air_pick/椋庣偖1892.npy,0,air_pick,train
train/train/air_pick/椋庣偖3451.npy,0,air_pick,train
train/train/air_pick/椋庣偖3704.npy,0,air_pick,train
train/train/air_pick/椋庣偖1912.npy,0,air_pick,train
train/train/air_pick/椋庣偖2191.npy,0,air_pick,train
train/train/air_pick/椋庣偖0098.npy,0,air_pick,train
train/train/air_pick/椋庣偖3533.npy,0,air_pick,train
train/train/air_pick/椋庣偖0010.npy,0,air_pick,train
train/train/air_pick/椋庣偖1054.npy,0,air_pick,train
train/train/air_pick/椋庣偖2654.npy,0,air_pick,train
train/train/air_pick/椋庣偖0502.npy,0,air_pick,train
train/train/air_pick/椋庣偖1953.npy,0,air_pick,train
train/train/air_pick/椋庣偖0674.npy,0,air_pick,train
train/train/air_pick/椋庣偖2527.npy,0,air_pick,train
train/train/air_pick/椋庣偖1965.npy,0,air_pick,train
train/train/air_pick/椋庣偖1049.npy,0,air_pick,train
train/train/air_pick/椋庣偖0656.npy,0,air_pick,train
train/train/air_pick/椋庣偖1692.npy,0,air_pick,train
train/train/air_pick/椋庣偖1886.npy,0,air_pick,train
train/train/air_pick/椋庣偖1133.npy,0,air_pick,train
train/train/air_pick/椋庣偖2605.npy,0,air_pick,train
train/train/air_pick/椋庣偖0362.npy,0,air_pick,train
train/train/air_pick/椋庣偖0729.npy,0,air_pick,train
train/train/air_pick/椋庣偖2722.npy,0,air_pick,train
train/train/air_pick/椋庣偖0953.npy,0,air_pick,train
train/train/air_pick/椋庣偖0539.npy,0,air_pick,train
train/train/air_pick/椋庣偖1959.npy,0,air_pick,train
train/train/air_pick/椋庣偖3622.npy,0,air_pick,train
train/train/air_pick/椋庣偖2496.npy,0,air_pick,train
train/train/air_pick/椋庣偖0180.npy,0,air_pick,train
train/train/air_pick/椋庣偖0659.npy,0,air_pick,train
train/train/air_pick/椋庣偖3041.npy,0,air_pick,train
train/train/air_pick/椋庣偖0371.npy,0,air_pick,train
train/train/air_pick/椋庣偖2484.npy,0,air_pick,train
train/train/air_pick/椋庣偖3450.npy,0,air_pick,train
train/train/air_pick/椋庣偖2419.npy,0,air_pick,train
train/train/air_pick/椋庣偖1966.npy,0,air_pick,train
train/train/air_pick/椋庣偖0378.npy,0,air_pick,train
train/train/air_pick/椋庣偖3847.npy,0,air_pick,train
train/train/air_pick/椋庣偖0655.npy,0,air_pick,train
train/train/air_pick/椋庣偖0523.npy,0,air_pick,train
train/train/air_pick/椋庣偖0980.npy,0,air_pick,train
train/train/air_pick/椋庣偖0055.npy,0,air_pick,train
train/train/air_pick/椋庣偖2971.npy,0,air_pick,train
train/train/air_pick/椋庣偖1502.npy,0,air_pick,train
train/train/air_pick/椋庣偖2182.npy,0,air_pick,train
train/train/air_pick/椋庣偖0115.npy,0,air_pick,train
train/train/air_pick/椋庣偖2358.npy,0,air_pick,train
train/train/air_pick/椋庣偖2155.npy,0,air_pick,train
train/train/air_pick/椋庣偖1928.npy,0,air_pick,train
train/train/air_pick/椋庣偖0357.npy,0,air_pick,train
train/train/air_pick/椋庣偖0390.npy,0,air_pick,train
train/train/air_pick/椋庣偖1731.npy,0,air_pick,train
train/train/air_pick/椋庣偖2198.npy,0,air_pick,train
train/train/air_pick/椋庣偖2039.npy,0,air_pick,train
train/train/air_pick/椋庣偖0280.npy,0,air_pick,train
train/train/air_pick/椋庣偖3702.npy,0,air_pick,train
train/train/air_pick/椋庣偖1889.npy,0,air_pick,train
train/train/air_pick/椋庣偖1498.npy,0,air_pick,train
train/train/air_pick/椋庣偖0615.npy,0,air_pick,train
train/train/air_pick/椋庣偖2982.npy,0,air_pick,train
train/train/air_pick/椋庣偖3715.npy,0,air_pick,train
train/train/air_pick/椋庣偖1254.npy,0,air_pick,train
train/train/air_pick/椋庣偖1392.npy,0,air_pick,train
train/train/air_pick/椋庣偖1868.npy,0,air_pick,train
train/train/air_pick/椋庣偖2077.npy,0,air_pick,train
train/train/air_pick/椋庣偖3647.npy,0,air_pick,train
train/train/air_pick/椋庣偖0356.npy,0,air_pick,train
train/train/air_pick/椋庣偖3566.npy,0,air_pick,train
train/train/air_pick/椋庣偖1684.npy,0,air_pick,train
train/train/air_pick/椋庣偖0756.npy,0,air_pick,train
train/train/air_pick/椋庣偖1492.npy,0,air_pick,train
train/train/air_pick/椋庣偖1148.npy,0,air_pick,train
train/train/air_pick/椋庣偖1126.npy,0,air_pick,train
train/train/air_pick/椋庣偖3665.npy,0,air_pick,train
train/train/air_pick/椋庣偖1879.npy,0,air_pick,train
train/train/air_pick/椋庣偖2583.npy,0,air_pick,train
train/train/air_pick/椋庣偖2776.npy,0,air_pick,train
train/train/air_pick/椋庣偖0722.npy,0,air_pick,train
train/train/air_pick/椋庣偖1224.npy,0,air_pick,train
train/train/air_pick/椋庣偖0837.npy,0,air_pick,train
train/train/air_pick/椋庣偖0662.npy,0,air_pick,train
train/train/air_pick/椋庣偖2341.npy,0,air_pick,train
train/train/air_pick/椋庣偖3553.npy,0,air_pick,train
train/train/air_pick/椋庣偖0766.npy,0,air_pick,train
train/train/air_pick/椋庣偖2613.npy,0,air_pick,train
train/train/air_pick/椋庣偖0831.npy,0,air_pick,train
train/train/air_pick/椋庣偖3723.npy,0,air_pick,train
train/train/air_pick/椋庣偖1763.npy,0,air_pick,train
train/train/air_pick/椋庣偖0127.npy,0,air_pick,train
train/train/air_pick/椋庣偖2901.npy,0,air_pick,train
train/train/air_pick/椋庣偖2118.npy,0,air_pick,train
train/train/air_pick/椋庣偖2524.npy,0,air_pick,train
train/train/air_pick/椋庣偖2219.npy,0,air_pick,train
train/train/air_pick/椋庣偖2644.npy,0,air_pick,train
train/train/air_pick/椋庣偖2439.npy,0,air_pick,train
train/train/air_pick/椋庣偖1936.npy,0,air_pick,train
train/train/air_pick/椋庣偖3474.npy,0,air_pick,train
train/train/air_pick/椋庣偖0315.npy,0,air_pick,train
train/train/air_pick/椋庣偖3719.npy,0,air_pick,train
train/train/air_pick/椋庣偖2561.npy,0,air_pick,train
train/train/air_pick/椋庣偖2045.npy,0,air_pick,train
train/train/air_pick/椋庣偖0549.npy,0,air_pick,train
train/train/air_pick/椋庣偖2032.npy,0,air_pick,train
train/train/air_pick/椋庣偖0580.npy,0,air_pick,train
train/train/air_pick/椋庣偖1237.npy,0,air_pick,train
train/train/air_pick/椋庣偖1225.npy,0,air_pick,train
train/train/air_pick/椋庣偖0874.npy,0,air_pick,train
train/train/air_pick/椋庣偖1767.npy,0,air_pick,train
train/train/air_pick/椋庣偖3524.npy,0,air_pick,train
train/train/air_pick/椋庣偖3842.npy,0,air_pick,train
train/train/air_pick/椋庣偖2785.npy,0,air_pick,train
train/train/air_pick/椋庣偖0090.npy,0,air_pick,train
train/train/air_pick/椋庣偖1789.npy,0,air_pick,train
train/train/air_pick/椋庣偖3522.npy,0,air_pick,train
train/train/air_pick/椋庣偖1821.npy,0,air_pick,train
train/train/air_pick/椋庣偖0235.npy,0,air_pick,train
train/train/air_pick/椋庣偖0107.npy,0,air_pick,train
train/train/air_pick/椋庣偖0676.npy,0,air_pick,train
train/train/air_pick/椋庣偖3805.npy,0,air_pick,train
train/train/air_pick/椋庣偖0912.npy,0,air_pick,train
train/train/air_pick/椋庣偖0979.npy,0,air_pick,train
train/train/air_pick/椋庣偖2646.npy,0,air_pick,train
train/train/air_pick/椋庣偖2143.npy,0,air_pick,train
train/train/air_pick/椋庣偖3878.npy,0,air_pick,train
train/train/air_pick/椋庣偖0472.npy,0,air_pick,train
train/train/air_pick/椋庣偖2114.npy,0,air_pick,train
train/train/air_pick/椋庣偖3699.npy,0,air_pick,train
train/train/air_pick/椋庣偖2345.npy,0,air_pick,train
train/train/air_pick/椋庣偖2719.npy,0,air_pick,train
train/train/air_pick/椋庣偖1688.npy,0,air_pick,train
train/train/air_pick/椋庣偖1757.npy,0,air_pick,train
train/train/air_pick/椋庣偖0217.npy,0,air_pick,train
train/train/air_pick/椋庣偖0981.npy,0,air_pick,train
train/train/air_pick/椋庣偖3462.npy,0,air_pick,train
train/train/air_pick/椋庣偖3867.npy,0,air_pick,train
train/train/air_pick/椋庣偖1404.npy,0,air_pick,train
train/train/air_pick/椋庣偖2621.npy,0,air_pick,train
train/train/air_pick/椋庣偖0040.npy,0,air_pick,train
train/train/air_pick/椋庣偖2108.npy,0,air_pick,train
train/train/air_pick/椋庣偖2277.npy,0,air_pick,train
train/train/air_pick/椋庣偖1327.npy,0,air_pick,train
train/train/air_pick/椋庣偖2744.npy,0,air_pick,train
train/train/air_pick/椋庣偖2849.npy,0,air_pick,train
train/train/air_pick/椋庣偖3638.npy,0,air_pick,train
train/train/air_pick/椋庣偖2053.npy,0,air_pick,train
train/train/air_pick/椋庣偖2915.npy,0,air_pick,train
train/train/air_pick/椋庣偖0935.npy,0,air_pick,train
train/train/air_pick/椋庣偖0754.npy,0,air_pick,train
train/train/air_pick/椋庣偖0762.npy,0,air_pick,train
train/train/air_pick/椋庣偖3706.npy,0,air_pick,train
train/train/air_pick/椋庣偖0329.npy,0,air_pick,train
train/train/air_pick/椋庣偖3024.npy,0,air_pick,train
train/train/air_pick/椋庣偖2149.npy,0,air_pick,train
train/train/air_pick/椋庣偖3596.npy,0,air_pick,train
train/train/air_pick/椋庣偖1574.npy,0,air_pick,train
train/train/air_pick/椋庣偖3562.npy,0,air_pick,train
train/train/air_pick/椋庣偖2376.npy,0,air_pick,train
train/train/air_pick/椋庣偖1624.npy,0,air_pick,train
train/train/air_pick/椋庣偖0967.npy,0,air_pick,train
train/train/air_pick/椋庣偖1285.npy,0,air_pick,train
train/train/air_pick/椋庣偖0202.npy,0,air_pick,train
train/train/air_pick/椋庣偖0346.npy,0,air_pick,train
train/train/air_pick/椋庣偖0416.npy,0,air_pick,train
train/train/air_pick/椋庣偖1201.npy,0,air_pick,train
train/train/air_pick/椋庣偖0284.npy,0,air_pick,train
train/train/air_pick/椋庣偖1106.npy,0,air_pick,train
train/train/air_pick/椋庣偖2451.npy,0,air_pick,train
train/train/air_pick/椋庣偖2324.npy,0,air_pick,train
train/train/air_pick/椋庣偖2541.npy,0,air_pick,train
train/train/air_pick/椋庣偖1874.npy,0,air_pick,train
train/train/air_pick/椋庣偖0976.npy,0,air_pick,train
train/train/air_pick/椋庣偖1350.npy,0,air_pick,train
train/train/air_pick/椋庣偖2732.npy,0,air_pick,train
train/train/air_pick/椋庣偖3776.npy,0,air_pick,train
train/train/air_pick/椋庣偖3840.npy,0,air_pick,train
train/train/air_pick/椋庣偖0553.npy,0,air_pick,train
train/train/air_pick/椋庣偖1671.npy,0,air_pick,train
train/train/air_pick/椋庣偖3739.npy,0,air_pick,train
train/train/air_pick/椋庣偖0283.npy,0,air_pick,train
train/train/air_pick/椋庣偖0451.npy,0,air_pick,train
train/train/air_pick/椋庣偖0036.npy,0,air_pick,train
train/train/air_pick/椋庣偖3636.npy,0,air_pick,train
train/train/air_pick/椋庣偖2234.npy,0,air_pick,train
train/train/air_pick/椋庣偖0302.npy,0,air_pick,train
train/train/air_pick/椋庣偖2985.npy,0,air_pick,train
train/train/air_pick/椋庣偖0453.npy,0,air_pick,train
train/train/air_pick/椋庣偖0610.npy,0,air_pick,train
train/train/air_pick/椋庣偖2804.npy,0,air_pick,train
train/train/air_pick/椋庣偖2333.npy,0,air_pick,train
train/train/air_pick/椋庣偖1111.npy,0,air_pick,train
train/train/air_pick/椋庣偖1134.npy,0,air_pick,train
train/train/air_pick/椋庣偖0823.npy,0,air_pick,train
train/train/air_pick/椋庣偖0717.npy,0,air_pick,train
train/train/air_pick/椋庣偖1559.npy,0,air_pick,train
train/train/air_pick/椋庣偖3040.npy,0,air_pick,train
train/train/air_pick/椋庣偖0255.npy,0,air_pick,train
train/train/air_pick/椋庣偖0882.npy,0,air_pick,train
train/train/air_pick/椋庣偖2766.npy,0,air_pick,train
train/train/air_pick/椋庣偖2862.npy,0,air_pick,train
train/train/air_pick/椋庣偖0016.npy,0,air_pick,train
train/train/air_pick/椋庣偖0818.npy,0,air_pick,train
train/train/air_pick/椋庣偖3475.npy,0,air_pick,train
train/train/air_pick/椋庣偖3529.npy,0,air_pick,train
train/train/air_pick/椋庣偖2596.npy,0,air_pick,train
train/train/air_pick/椋庣偖3649.npy,0,air_pick,train
train/train/air_pick/椋庣偖2639.npy,0,air_pick,train
train/train/air_pick/椋庣偖2897.npy,0,air_pick,train
train/train/air_pick/椋庣偖1174.npy,0,air_pick,train
train/train/air_pick/椋庣偖2115.npy,0,air_pick,train
train/train/air_pick/椋庣偖2284.npy,0,air_pick,train
train/train/air_pick/椋庣偖1374.npy,0,air_pick,train
train/train/air_pick/椋庣偖3573.npy,0,air_pick,train
train/train/air_pick/椋庣偖0111.npy,0,air_pick,train
train/train/air_pick/椋庣偖3586.npy,0,air_pick,train
train/train/air_pick/椋庣偖2257.npy,0,air_pick,train
train/train/air_pick/椋庣偖0951.npy,0,air_pick,train
train/train/air_pick/椋庣偖0537.npy,0,air_pick,train
train/train/air_pick/椋庣偖2884.npy,0,air_pick,train
train/train/air_pick/椋庣偖2195.npy,0,air_pick,train
train/train/air_pick/椋庣偖1710.npy,0,air_pick,train
train/train/air_pick/椋庣偖1090.npy,0,air_pick,train
train/train/air_pick/椋庣偖0548.npy,0,air_pick,train
train/train/air_pick/椋庣偖3868.npy,0,air_pick,train
train/train/air_pick/椋庣偖1113.npy,0,air_pick,train
train/train/air_pick/椋庣偖1191.npy,0,air_pick,train
train/train/air_pick/椋庣偖2485.npy,0,air_pick,train
train/train/air_pick/椋庣偖1985.npy,0,air_pick,train
train/train/air_pick/椋庣偖0103.npy,0,air_pick,train
train/train/air_pick/椋庣偖1589.npy,0,air_pick,train
train/train/air_pick/椋庣偖0512.npy,0,air_pick,train
train/train/air_pick/椋庣偖3817.npy,0,air_pick,train
train/train/air_pick/椋庣偖3779.npy,0,air_pick,train
train/train/air_pick/椋庣偖2031.npy,0,air_pick,train
train/train/air_pick/椋庣偖0730.npy,0,air_pick,train
train/train/air_pick/椋庣偖3498.npy,0,air_pick,train
train/train/air_pick/椋庣偖2332.npy,0,air_pick,train
train/train/air_pick/椋庣偖0755.npy,0,air_pick,train
train/train/air_pick/椋庣偖0143.npy,0,air_pick,train
train/train/air_pick/椋庣偖3887.npy,0,air_pick,train
train/train/air_pick/椋庣偖1910.npy,0,air_pick,train
train/train/air_pick/椋庣偖2465.npy,0,air_pick,train
train/train/air_pick/椋庣偖0384.npy,0,air_pick,train
train/train/air_pick/椋庣偖2691.npy,0,air_pick,train
train/train/air_pick/椋庣偖1320.npy,0,air_pick,train
train/train/air_pick/椋庣偖0768.npy,0,air_pick,train
train/train/air_pick/椋庣偖1816.npy,0,air_pick,train
train/train/air_pick/椋庣偖0307.npy,0,air_pick,train
train/train/air_pick/椋庣偖0150.npy,0,air_pick,train
train/train/air_pick/椋庣偖1593.npy,0,air_pick,train
train/train/air_pick/椋庣偖0218.npy,0,air_pick,train
train/train/air_pick/椋庣偖1920.npy,0,air_pick,train
train/train/air_pick/椋庣偖3747.npy,0,air_pick,train
train/train/air_pick/椋庣偖2696.npy,0,air_pick,train
train/train/air_pick/椋庣偖1206.npy,0,air_pick,train
train/train/air_pick/椋庣偖0069.npy,0,air_pick,train
train/train/air_pick/椋庣偖1388.npy,0,air_pick,train
train/train/air_pick/椋庣偖2030.npy,0,air_pick,train
train/train/air_pick/椋庣偖2763.npy,0,air_pick,train
train/train/air_pick/椋庣偖3637.npy,0,air_pick,train
train/train/air_pick/椋庣偖3729.npy,0,air_pick,train
train/train/air_pick/椋庣偖1093.npy,0,air_pick,train
train/train/air_pick/椋庣偖0744.npy,0,air_pick,train
train/train/air_pick/椋庣偖1844.npy,0,air_pick,train
train/train/air_pick/椋庣偖2076.npy,0,air_pick,train
train/train/air_pick/椋庣偖2086.npy,0,air_pick,train
train/train/air_pick/椋庣偖0614.npy,0,air_pick,train
train/train/air_pick/椋庣偖1354.npy,0,air_pick,train
train/train/air_pick/椋庣偖0819.npy,0,air_pick,train
train/train/air_pick/椋庣偖2893.npy,0,air_pick,train
train/train/air_pick/椋庣偖2355.npy,0,air_pick,train
train/train/air_pick/椋庣偖0176.npy,0,air_pick,train
train/train/air_pick/椋庣偖1741.npy,0,air_pick,train
train/train/air_pick/椋庣偖1016.npy,0,air_pick,train
train/train/air_pick/椋庣偖0782.npy,0,air_pick,train
train/train/air_pick/椋庣偖0004.npy,0,air_pick,train
train/train/air_pick/椋庣偖0334.npy,0,air_pick,train
train/train/air_pick/椋庣偖1130.npy,0,air_pick,train
train/train/air_pick/椋庣偖0869.npy,0,air_pick,train
train/train/air_pick/椋庣偖0767.npy,0,air_pick,train
train/train/air_pick/椋庣偖0599.npy,0,air_pick,train
train/train/air_pick/椋庣偖0231.npy,0,air_pick,train
train/train/air_pick/椋庣偖3438.npy,0,air_pick,train
train/train/air_pick/椋庣偖1648.npy,0,air_pick,train
train/train/air_pick/椋庣偖1329.npy,0,air_pick,train
train/train/air_pick/椋庣偖2972.npy,0,air_pick,train
train/train/air_pick/椋庣偖1619.npy,0,air_pick,train
train/train/air_pick/椋庣偖1274.npy,0,air_pick,train
train/train/air_pick/椋庣偖2133.npy,0,air_pick,train
train/train/air_pick/椋庣偖1244.npy,0,air_pick,train
train/train/air_pick/椋庣偖0030.npy,0,air_pick,train
train/train/air_pick/椋庣偖1722.npy,0,air_pick,train
train/train/air_pick/椋庣偖1611.npy,0,air_pick,train
train/train/air_pick/椋庣偖3016.npy,0,air_pick,train
train/train/air_pick/椋庣偖0032.npy,0,air_pick,train
train/train/air_pick/椋庣偖2856.npy,0,air_pick,train
train/train/air_pick/椋庣偖0579.npy,0,air_pick,train
train/train/air_pick/椋庣偖1164.npy,0,air_pick,train
train/train/air_pick/椋庣偖0936.npy,0,air_pick,train
train/train/air_pick/椋庣偖0338.npy,0,air_pick,train
train/train/air_pick/椋庣偖2183.npy,0,air_pick,train
train/train/air_pick/椋庣偖0144.npy,0,air_pick,train
train/train/air_pick/椋庣偖0664.npy,0,air_pick,train
train/train/air_pick/椋庣偖0394.npy,0,air_pick,train
train/train/air_pick/椋庣偖0509.npy,0,air_pick,train
train/train/air_pick/椋庣偖3879.npy,0,air_pick,train
train/train/air_pick/椋庣偖0910.npy,0,air_pick,train
train/train/air_pick/椋庣偖0791.npy,0,air_pick,train
train/train/air_pick/椋庣偖2886.npy,0,air_pick,train
train/train/air_pick/椋庣偖2912.npy,0,air_pick,train
train/train/air_pick/椋庣偖2592.npy,0,air_pick,train
train/train/air_pick/椋庣偖1904.npy,0,air_pick,train
train/train/air_pick/椋庣偖3763.npy,0,air_pick,train
train/train/air_pick/椋庣偖2547.npy,0,air_pick,train
train/train/air_pick/椋庣偖0921.npy,0,air_pick,train
train/train/air_pick/椋庣偖0444.npy,0,air_pick,train
train/train/air_pick/椋庣偖2438.npy,0,air_pick,train
train/train/air_pick/椋庣偖0798.npy,0,air_pick,train
train/train/air_pick/椋庣偖1875.npy,0,air_pick,train
train/train/air_pick/椋庣偖1798.npy,0,air_pick,train
train/train/air_pick/椋庣偖0792.npy,0,air_pick,train
train/train/air_pick/椋庣偖1330.npy,0,air_pick,train
train/train/air_pick/椋庣偖2021.npy,0,air_pick,train
train/train/air_pick/椋庣偖0567.npy,0,air_pick,train
train/train/air_pick/椋庣偖1076.npy,0,air_pick,train
train/train/air_pick/椋庣偖1369.npy,0,air_pick,train
train/train/air_pick/椋庣偖0699.npy,0,air_pick,train
train/train/air_pick/椋庣偖2585.npy,0,air_pick,train
train/train/air_pick/椋庣偖1882.npy,0,air_pick,train
train/train/air_pick/椋庣偖1378.npy,0,air_pick,train
train/train/air_pick/椋庣偖3659.npy,0,air_pick,train
train/train/air_pick/椋庣偖1222.npy,0,air_pick,train
train/train/air_pick/椋庣偖1873.npy,0,air_pick,train
train/train/air_pick/椋庣偖1482.npy,0,air_pick,train
train/train/air_pick/椋庣偖0975.npy,0,air_pick,train
train/train/air_pick/椋庣偖1036.npy,0,air_pick,train
train/train/air_pick/椋庣偖2649.npy,0,air_pick,train
train/train/air_pick/椋庣偖1124.npy,0,air_pick,train
train/train/air_pick/椋庣偖0239.npy,0,air_pick,train
train/train/air_pick/椋庣偖1301.npy,0,air_pick,train
train/train/air_pick/椋庣偖1982.npy,0,air_pick,train
train/train/air_pick/椋庣偖1348.npy,0,air_pick,train
train/train/air_pick/椋庣偖3619.npy,0,air_pick,train
train/train/air_pick/椋庣偖2823.npy,0,air_pick,train
train/train/air_pick/椋庣偖2948.npy,0,air_pick,train
train/train/air_pick/椋庣偖0082.npy,0,air_pick,train
train/train/air_pick/椋庣偖2374.npy,0,air_pick,train
train/train/air_pick/椋庣偖2988.npy,0,air_pick,train
train/train/air_pick/椋庣偖2595.npy,0,air_pick,train
train/train/air_pick/椋庣偖1678.npy,0,air_pick,train
train/train/air_pick/椋庣偖2876.npy,0,air_pick,train
train/train/air_pick/椋庣偖1180.npy,0,air_pick,train
train/train/air_pick/椋庣偖0448.npy,0,air_pick,train
train/train/air_pick/椋庣偖0873.npy,0,air_pick,train
train/train/air_pick/椋庣偖1466.npy,0,air_pick,train
train/train/air_pick/椋庣偖1303.npy,0,air_pick,train
train/train/air_pick/椋庣偖2262.npy,0,air_pick,train
train/train/air_pick/椋庣偖2040.npy,0,air_pick,train
train/train/air_pick/椋庣偖2779.npy,0,air_pick,train
train/train/air_pick/椋庣偖0501.npy,0,air_pick,train
train/train/air_pick/椋庣偖1683.npy,0,air_pick,train
train/train/air_pick/椋庣偖1622.npy,0,air_pick,train
train/train/air_pick/椋庣偖0489.npy,0,air_pick,train
train/train/air_pick/椋庣偖0747.npy,0,air_pick,train
train/train/air_pick/椋庣偖1247.npy,0,air_pick,train
train/train/air_pick/椋庣偖2740.npy,0,air_pick,train
train/train/air_pick/椋庣偖3504.npy,0,air_pick,train
train/train/air_pick/椋庣偖0773.npy,0,air_pick,train
train/train/air_pick/椋庣偖1188.npy,0,air_pick,train
train/train/air_pick/椋庣偖3069.npy,0,air_pick,train
train/train/air_pick/椋庣偖0387.npy,0,air_pick,train
train/train/air_pick/椋庣偖2228.npy,0,air_pick,train
train/train/air_pick/椋庣偖0288.npy,0,air_pick,train
train/train/air_pick/椋庣偖3517.npy,0,air_pick,train
train/train/air_pick/椋庣偖2354.npy,0,air_pick,train
train/train/air_pick/椋庣偖1525.npy,0,air_pick,train
train/train/air_pick/椋庣偖2098.npy,0,air_pick,train
train/train/air_pick/椋庣偖2793.npy,0,air_pick,train
train/train/air_pick/椋庣偖2266.npy,0,air_pick,train
train/train/air_pick/椋庣偖0460.npy,0,air_pick,train
train/train/air_pick/椋庣偖3770.npy,0,air_pick,train
train/train/air_pick/椋庣偖3417.npy,0,air_pick,train
train/train/air_pick/椋庣偖0672.npy,0,air_pick,train
train/train/air_pick/椋庣偖1834.npy,0,air_pick,train
train/train/air_pick/椋庣偖1255.npy,0,air_pick,train
train/train/air_pick/椋庣偖2566.npy,0,air_pick,train
train/train/air_pick/椋庣偖2368.npy,0,air_pick,train
train/train/air_pick/椋庣偖1773.npy,0,air_pick,train
train/train/air_pick/椋庣偖1721.npy,0,air_pick,train
train/train/air_pick/椋庣偖0000.npy,0,air_pick,train
train/train/air_pick/椋庣偖0871.npy,0,air_pick,train
train/train/air_pick/椋庣偖3621.npy,0,air_pick,train
train/train/air_pick/椋庣偖0411.npy,0,air_pick,train
train/train/air_pick/椋庣偖0940.npy,0,air_pick,train
train/train/air_pick/椋庣偖0568.npy,0,air_pick,train
train/train/air_pick/椋庣偖3583.npy,0,air_pick,train
train/train/air_pick/椋庣偖2159.npy,0,air_pick,train
train/train/air_pick/椋庣偖1823.npy,0,air_pick,train
train/train/air_pick/椋庣偖1326.npy,0,air_pick,train
train/train/air_pick/椋庣偖1909.npy,0,air_pick,train
train/train/air_pick/椋庣偖1642.npy,0,air_pick,train
train/train/air_pick/椋庣偖2864.npy,0,air_pick,train
train/train/air_pick/椋庣偖1543.npy,0,air_pick,train
train/train/air_pick/椋庣偖1005.npy,0,air_pick,train
train/train/air_pick/椋庣偖2662.npy,0,air_pick,train
train/train/air_pick/椋庣偖3784.npy,0,air_pick,train
train/train/air_pick/椋庣偖2538.npy,0,air_pick,train
train/train/air_pick/椋庣偖1705.npy,0,air_pick,train
train/train/air_pick/椋庣偖1184.npy,0,air_pick,train
train/train/air_pick/椋庣偖2606.npy,0,air_pick,train
train/train/air_pick/椋庣偖3862.npy,0,air_pick,train
train/train/air_pick/椋庣偖3571.npy,0,air_pick,train
train/train/air_pick/椋庣偖1612.npy,0,air_pick,train
train/train/air_pick/椋庣偖3734.npy,0,air_pick,train
train/train/air_pick/椋庣偖2434.npy,0,air_pick,train
train/train/air_pick/椋庣偖1768.npy,0,air_pick,train
train/train/air_pick/椋庣偖3856.npy,0,air_pick,train
train/train/air_pick/椋庣偖0274.npy,0,air_pick,train
train/train/air_pick/椋庣偖0569.npy,0,air_pick,train
train/train/air_pick/椋庣偖2069.npy,0,air_pick,train
train/train/air_pick/椋庣偖3885.npy,0,air_pick,train
train/train/air_pick/椋庣偖2315.npy,0,air_pick,train
train/train/air_pick/椋庣偖2575.npy,0,air_pick,train
train/train/air_pick/椋庣偖1256.npy,0,air_pick,train
train/train/air_pick/椋庣偖2466.npy,0,air_pick,train
train/train/air_pick/椋庣偖0812.npy,0,air_pick,train
train/train/air_pick/椋庣偖0117.npy,0,air_pick,train
train/train/air_pick/椋庣偖0020.npy,0,air_pick,train
train/train/air_pick/椋庣偖0151.npy,0,air_pick,train
train/train/air_pick/椋庣偖1047.npy,0,air_pick,train
train/train/air_pick/椋庣偖2175.npy,0,air_pick,train
train/train/air_pick/椋庣偖1105.npy,0,air_pick,train
train/train/air_pick/椋庣偖0312.npy,0,air_pick,train
train/train/air_pick/椋庣偖0799.npy,0,air_pick,train
train/train/air_pick/椋庣偖0212.npy,0,air_pick,train
train/train/air_pick/椋庣偖3578.npy,0,air_pick,train
train/train/air_pick/椋庣偖2483.npy,0,air_pick,train
train/train/air_pick/椋庣偖1703.npy,0,air_pick,train
train/train/air_pick/椋庣偖1760.npy,0,air_pick,train
train/train/air_pick/椋庣偖1673.npy,0,air_pick,train
train/train/air_pick/椋庣偖1187.npy,0,air_pick,train
train/train/air_pick/椋庣偖3017.npy,0,air_pick,train
train/train/air_pick/椋庣偖1006.npy,0,air_pick,train
train/train/air_pick/椋庣偖0179.npy,0,air_pick,train
train/train/air_pick/椋庣偖0189.npy,0,air_pick,train
train/train/air_pick/椋庣偖1825.npy,0,air_pick,train
train/train/air_pick/椋庣偖2293.npy,0,air_pick,train
train/train/air_pick/椋庣偖1270.npy,0,air_pick,train
train/train/air_pick/椋庣偖2724.npy,0,air_pick,train
train/train/air_pick/椋庣偖2194.npy,0,air_pick,train
train/train/air_pick/椋庣偖2444.npy,0,air_pick,train
train/train/air_pick/椋庣偖1215.npy,0,air_pick,train
train/train/air_pick/椋庣偖0685.npy,0,air_pick,train
train/train/air_pick/椋庣偖3034.npy,0,air_pick,train
train/train/air_pick/椋庣偖1364.npy,0,air_pick,train
train/train/air_pick/椋庣偖2222.npy,0,air_pick,train
train/train/air_pick/椋庣偖0802.npy,0,air_pick,train
train/train/air_pick/椋庣偖0864.npy,0,air_pick,train
train/train/air_pick/椋庣偖3624.npy,0,air_pick,train
train/train/air_pick/椋庣偖3728.npy,0,air_pick,train
train/train/air_pick/椋庣偖1178.npy,0,air_pick,train
train/train/air_pick/椋庣偖3435.npy,0,air_pick,train
train/train/air_pick/椋庣偖2820.npy,0,air_pick,train
train/train/air_pick/椋庣偖0770.npy,0,air_pick,train
train/train/air_pick/椋庣偖3432.npy,0,air_pick,train
train/train/air_pick/椋庣偖1273.npy,0,air_pick,train
train/train/air_pick/椋庣偖2652.npy,0,air_pick,train
train/train/air_pick/椋庣偖0852.npy,0,air_pick,train
train/train/air_pick/椋庣偖2162.npy,0,air_pick,train
train/train/air_pick/椋庣偖3795.npy,0,air_pick,train
train/train/air_pick/椋庣偖0044.npy,0,air_pick,train
train/train/air_pick/椋庣偖1358.npy,0,air_pick,train
train/train/air_pick/椋庣偖2002.npy,0,air_pick,train
train/train/air_pick/椋庣偖0383.npy,0,air_pick,train
train/train/air_pick/椋庣偖1813.npy,0,air_pick,train
train/train/air_pick/椋庣偖0025.npy,0,air_pick,train
train/train/air_pick/椋庣偖2301.npy,0,air_pick,train
train/train/air_pick/椋庣偖0060.npy,0,air_pick,train
train/train/air_pick/椋庣偖2772.npy,0,air_pick,train
train/train/air_pick/椋庣偖1449.npy,0,air_pick,train
train/train/air_pick/椋庣偖1334.npy,0,air_pick,train
train/train/air_pick/椋庣偖2796.npy,0,air_pick,train
train/train/air_pick/椋庣偖0728.npy,0,air_pick,train
train/train/air_pick/椋庣偖3606.npy,0,air_pick,train
train/train/air_pick/椋庣偖2755.npy,0,air_pick,train
train/train/air_pick/椋庣偖0631.npy,0,air_pick,train
train/train/air_pick/椋庣偖1739.npy,0,air_pick,train
train/train/air_pick/椋庣偖1762.npy,0,air_pick,train
train/train/air_pick/椋庣偖2490.npy,0,air_pick,train
train/train/air_pick/椋庣偖2205.npy,0,air_pick,train
train/train/air_pick/椋庣偖1615.npy,0,air_pick,train
train/train/air_pick/椋庣偖3822.npy,0,air_pick,train
train/train/air_pick/椋庣偖1098.npy,0,air_pick,train
train/train/air_pick/椋庣偖0340.npy,0,air_pick,train
train/train/air_pick/椋庣偖0929.npy,0,air_pick,train
train/train/air_pick/椋庣偖2531.npy,0,air_pick,train
train/train/air_pick/椋庣偖2350.npy,0,air_pick,train
train/train/air_pick/椋庣偖3794.npy,0,air_pick,train
train/train/air_pick/椋庣偖1654.npy,0,air_pick,train
train/train/air_pick/椋庣偖1906.npy,0,air_pick,train
train/train/air_pick/椋庣偖2741.npy,0,air_pick,train
train/train/air_pick/椋庣偖3731.npy,0,air_pick,train
train/train/air_pick/椋庣偖0875.npy,0,air_pick,train
train/train/air_pick/椋庣偖2179.npy,0,air_pick,train
train/train/air_pick/椋庣偖0964.npy,0,air_pick,train
train/train/air_pick/椋庣偖0900.npy,0,air_pick,train
train/train/air_pick/椋庣偖0220.npy,0,air_pick,train
train/train/air_pick/椋庣偖1748.npy,0,air_pick,train
train/train/air_pick/椋庣偖0865.npy,0,air_pick,train
train/train/air_pick/椋庣偖1426.npy,0,air_pick,train
train/train/air_pick/椋庣偖2808.npy,0,air_pick,train
train/train/air_pick/椋庣偖2938.npy,0,air_pick,train
train/train/air_pick/椋庣偖1652.npy,0,air_pick,train
train/train/air_pick/椋庣偖1592.npy,0,air_pick,train
train/train/air_pick/椋庣偖3827.npy,0,air_pick,train
train/train/air_pick/椋庣偖0281.npy,0,air_pick,train
train/train/air_pick/椋庣偖1167.npy,0,air_pick,train
train/train/air_pick/椋庣偖1680.npy,0,air_pick,train
train/train/air_pick/椋庣偖0727.npy,0,air_pick,train
train/train/air_pick/椋庣偖0051.npy,0,air_pick,train
train/train/air_pick/椋庣偖0590.npy,0,air_pick,train
train/train/air_pick/椋庣偖2601.npy,0,air_pick,train
train/train/air_pick/椋庣偖3458.npy,0,air_pick,train
train/train/air_pick/椋庣偖1957.npy,0,air_pick,train
train/train/air_pick/椋庣偖2152.npy,0,air_pick,train
train/train/air_pick/椋庣偖1780.npy,0,air_pick,train
train/train/air_pick/椋庣偖1801.npy,0,air_pick,train
train/train/air_pick/椋庣偖2582.npy,0,air_pick,train
train/train/air_pick/椋庣偖0595.npy,0,air_pick,train
train/train/air_pick/椋庣偖2770.npy,0,air_pick,train
train/train/air_pick/椋庣偖2200.npy,0,air_pick,train
train/train/air_pick/椋庣偖3507.npy,0,air_pick,train
train/train/air_pick/椋庣偖0790.npy,0,air_pick,train
train/train/air_pick/椋庣偖0276.npy,0,air_pick,train
train/train/air_pick/椋庣偖0136.npy,0,air_pick,train
train/train/air_pick/椋庣偖0931.npy,0,air_pick,train
train/train/air_pick/椋庣偖1500.npy,0,air_pick,train
train/train/air_pick/椋庣偖0666.npy,0,air_pick,train
train/train/air_pick/椋庣偖0353.npy,0,air_pick,train
train/train/air_pick/椋庣偖1996.npy,0,air_pick,train
train/train/air_pick/椋庣偖1555.npy,0,air_pick,train
train/train/air_pick/椋庣偖1121.npy,0,air_pick,train
train/train/air_pick/椋庣偖1908.npy,0,air_pick,train
train/train/air_pick/椋庣偖2048.npy,0,air_pick,train
train/train/air_pick/椋庣偖1030.npy,0,air_pick,train
train/train/air_pick/椋庣偖1687.npy,0,air_pick,train
train/train/air_pick/椋庣偖1518.npy,0,air_pick,train
train/train/air_pick/椋庣偖1153.npy,0,air_pick,train
train/train/air_pick/椋庣偖0254.npy,0,air_pick,train
train/train/air_pick/椋庣偖1585.npy,0,air_pick,train
train/train/air_pick/椋庣偖0471.npy,0,air_pick,train
train/train/air_pick/椋庣偖1931.npy,0,air_pick,train
train/train/air_pick/椋庣偖1108.npy,0,air_pick,train
train/train/air_pick/椋庣偖1871.npy,0,air_pick,train
train/train/air_pick/椋庣偖0171.npy,0,air_pick,train
train/train/air_pick/椋庣偖1216.npy,0,air_pick,train
train/train/air_pick/椋庣偖1614.npy,0,air_pick,train
train/train/air_pick/椋庣偖0899.npy,0,air_pick,train
train/train/air_pick/椋庣偖0694.npy,0,air_pick,train
train/train/air_pick/椋庣偖0138.npy,0,air_pick,train
train/train/air_pick/椋庣偖3444.npy,0,air_pick,train
train/train/air_pick/椋庣偖2180.npy,0,air_pick,train
train/train/air_pick/椋庣偖3537.npy,0,air_pick,train
train/train/air_pick/椋庣偖1581.npy,0,air_pick,train
train/train/air_pick/椋庣偖2079.npy,0,air_pick,train
train/train/air_pick/椋庣偖0969.npy,0,air_pick,train
train/train/air_pick/椋庣偖0575.npy,0,air_pick,train
train/train/air_pick/椋庣偖2131.npy,0,air_pick,train
train/train/air_pick/椋庣偖0566.npy,0,air_pick,train
train/train/air_pick/椋庣偖0858.npy,0,air_pick,train
train/train/air_pick/椋庣偖1443.npy,0,air_pick,train
train/train/air_pick/椋庣偖2059.npy,0,air_pick,train
train/train/air_pick/椋庣偖2416.npy,0,air_pick,train
train/train/air_pick/椋庣偖0228.npy,0,air_pick,train
train/train/air_pick/椋庣偖3418.npy,0,air_pick,train
train/train/air_pick/椋庣偖1510.npy,0,air_pick,train
train/train/air_pick/椋庣偖0673.npy,0,air_pick,train
train/train/air_pick/椋庣偖2074.npy,0,air_pick,train
train/train/air_pick/椋庣偖1577.npy,0,air_pick,train
train/train/air_pick/椋庣偖2771.npy,0,air_pick,train
train/train/air_pick/椋庣偖1425.npy,0,air_pick,train
train/train/air_pick/椋庣偖1681.npy,0,air_pick,train
train/train/air_pick/椋庣偖1603.npy,0,air_pick,train
train/train/air_pick/椋庣偖0493.npy,0,air_pick,train
train/train/air_pick/椋庣偖1772.npy,0,air_pick,train
train/train/air_pick/椋庣偖0236.npy,0,air_pick,train
train/train/air_pick/椋庣偖2349.npy,0,air_pick,train
train/train/air_pick/椋庣偖2576.npy,0,air_pick,train
train/train/air_pick/椋庣偖0630.npy,0,air_pick,train
train/train/air_pick/椋庣偖2660.npy,0,air_pick,train
train/train/air_pick/椋庣偖1708.npy,0,air_pick,train
train/train/air_pick/椋庣偖3884.npy,0,air_pick,train
train/train/air_pick/椋庣偖1360.npy,0,air_pick,train
train/train/air_pick/椋庣偖0021.npy,0,air_pick,train
train/train/air_pick/椋庣偖0997.npy,0,air_pick,train
train/train/air_pick/椋庣偖0269.npy,0,air_pick,train
train/train/air_pick/椋庣偖3015.npy,0,air_pick,train
train/train/air_pick/椋庣偖0681.npy,0,air_pick,train
train/train/air_pick/椋庣偖2565.npy,0,air_pick,train
train/train/air_pick/椋庣偖1091.npy,0,air_pick,train
train/train/air_pick/椋庣偖0547.npy,0,air_pick,train
train/train/air_pick/椋庣偖0292.npy,0,air_pick,train
train/train/air_pick/椋庣偖1754.npy,0,air_pick,train
train/train/air_pick/椋庣偖2821.npy,0,air_pick,train
train/train/air_pick/椋庣偖1370.npy,0,air_pick,train
train/train/air_pick/椋庣偖1382.npy,0,air_pick,train
train/train/air_pick/椋庣偖0504.npy,0,air_pick,train
train/train/air_pick/椋庣偖1571.npy,0,air_pick,train
train/train/air_pick/椋庣偖1454.npy,0,air_pick,train
train/train/air_pick/椋庣偖0741.npy,0,air_pick,train
train/train/air_pick/椋庣偖0745.npy,0,air_pick,train
train/train/air_pick/椋庣偖2479.npy,0,air_pick,train
train/train/air_pick/椋庣偖3411.npy,0,air_pick,train
train/train/air_pick/椋庣偖1766.npy,0,air_pick,train
train/train/air_pick/椋庣偖2448.npy,0,air_pick,train
train/train/air_pick/椋庣偖0698.npy,0,air_pick,train
train/train/air_pick/椋庣偖1017.npy,0,air_pick,train
train/train/air_pick/椋庣偖2238.npy,0,air_pick,train
train/train/air_pick/椋庣偖3790.npy,0,air_pick,train
train/train/air_pick/椋庣偖2581.npy,0,air_pick,train
train/train/air_pick/椋庣偖3800.npy,0,air_pick,train
train/train/air_pick/椋庣偖3549.npy,0,air_pick,train
train/train/air_pick/椋庣偖0126.npy,0,air_pick,train
train/train/air_pick/椋庣偖0306.npy,0,air_pick,train
train/train/air_pick/椋庣偖0259.npy,0,air_pick,train
train/train/air_pick/椋庣偖2188.npy,0,air_pick,train
train/train/air_pick/椋庣偖0561.npy,0,air_pick,train
train/train/air_pick/椋庣偖2101.npy,0,air_pick,train
train/train/air_pick/椋庣偖2956.npy,0,air_pick,train
train/train/air_pick/椋庣偖1288.npy,0,air_pick,train
train/train/air_pick/椋庣偖2411.npy,0,air_pick,train
train/train/air_pick/椋庣偖2481.npy,0,air_pick,train
train/train/air_pick/椋庣偖2254.npy,0,air_pick,train
train/train/air_pick/椋庣偖0335.npy,0,air_pick,train
train/train/air_pick/椋庣偖3493.npy,0,air_pick,train
train/train/air_pick/椋庣偖0380.npy,0,air_pick,train
train/train/air_pick/椋庣偖0200.npy,0,air_pick,train
train/train/air_pick/椋庣偖0703.npy,0,air_pick,train
train/train/air_pick/椋庣偖0187.npy,0,air_pick,train
train/train/air_pick/椋庣偖3725.npy,0,air_pick,train
train/train/air_pick/椋庣偖0919.npy,0,air_pick,train
train/train/air_pick/椋庣偖3653.npy,0,air_pick,train
train/train/air_pick/椋庣偖3407.npy,0,air_pick,train
train/train/air_pick/椋庣偖0156.npy,0,air_pick,train
train/train/air_pick/椋庣偖1035.npy,0,air_pick,train
train/train/air_pick/椋庣偖1231.npy,0,air_pick,train
train/train/air_pick/椋庣偖1074.npy,0,air_pick,train
train/train/air_pick/椋庣偖0012.npy,0,air_pick,train
train/train/air_pick/椋庣偖0648.npy,0,air_pick,train
train/train/air_pick/椋庣偖3481.npy,0,air_pick,train
train/train/air_pick/椋庣偖3608.npy,0,air_pick,train
train/train/air_pick/椋庣偖3429.npy,0,air_pick,train
train/train/air_pick/椋庣偖1162.npy,0,air_pick,train
train/train/air_pick/椋庣偖0222.npy,0,air_pick,train
train/train/air_pick/椋庣偖1883.npy,0,air_pick,train
train/train/air_pick/椋庣偖0934.npy,0,air_pick,train
train/train/air_pick/椋庣偖1453.npy,0,air_pick,train
train/train/air_pick/椋庣偖2590.npy,0,air_pick,train
train/train/air_pick/椋庣偖0542.npy,0,air_pick,train
train/train/air_pick/椋庣偖0573.npy,0,air_pick,train
train/train/air_pick/椋庣偖0618.npy,0,air_pick,train
train/train/air_pick/椋庣偖0855.npy,0,air_pick,train
train/train/air_pick/椋庣偖1848.npy,0,air_pick,train
train/train/air_pick/椋庣偖1501.npy,0,air_pick,train
train/train/air_pick/椋庣偖1541.npy,0,air_pick,train
train/train/air_pick/椋庣偖1580.npy,0,air_pick,train
train/train/air_pick/椋庣偖3737.npy,0,air_pick,train
train/train/air_pick/椋庣偖2122.npy,0,air_pick,train
train/train/air_pick/椋庣偖3632.npy,0,air_pick,train
train/train/air_pick/椋庣偖0066.npy,0,air_pick,train
train/train/air_pick/椋庣偖2668.npy,0,air_pick,train
train/train/air_pick/椋庣偖1822.npy,0,air_pick,train
train/train/air_pick/椋庣偖3876.npy,0,air_pick,train
train/train/air_pick/椋庣偖0172.npy,0,air_pick,train
train/train/air_pick/椋庣偖3548.npy,0,air_pick,train
train/train/air_pick/椋庣偖1169.npy,0,air_pick,train
train/train/air_pick/椋庣偖3567.npy,0,air_pick,train
train/train/air_pick/椋庣偖2467.npy,0,air_pick,train
train/train/air_pick/椋庣偖0606.npy,0,air_pick,train
train/train/air_pick/椋庣偖1151.npy,0,air_pick,train
train/train/air_pick/椋庣偖2382.npy,0,air_pick,train
train/train/air_pick/椋庣偖2840.npy,0,air_pick,train
train/train/air_pick/椋庣偖3503.npy,0,air_pick,train
train/train/air_pick/椋庣偖3555.npy,0,air_pick,train
train/train/air_pick/椋庣偖2404.npy,0,air_pick,train
train/train/air_pick/椋庣偖0019.npy,0,air_pick,train
train/train/air_pick/椋庣偖0363.npy,0,air_pick,train
train/train/air_pick/椋庣偖0524.npy,0,air_pick,train
train/train/air_pick/椋庣偖1154.npy,0,air_pick,train
train/train/air_pick/椋庣偖3038.npy,0,air_pick,train
train/train/air_pick/椋庣偖2088.npy,0,air_pick,train
train/train/air_pick/椋庣偖1536.npy,0,air_pick,train
train/train/air_pick/椋庣偖1235.npy,0,air_pick,train
train/train/air_pick/椋庣偖1337.npy,0,air_pick,train
train/train/air_pick/椋庣偖0925.npy,0,air_pick,train
train/train/air_pick/椋庣偖0613.npy,0,air_pick,train
train/train/air_pick/椋庣偖1787.npy,0,air_pick,train
train/train/air_pick/椋庣偖1261.npy,0,air_pick,train
train/train/air_pick/椋庣偖0811.npy,0,air_pick,train
train/train/air_pick/椋庣偖0023.npy,0,air_pick,train
train/train/air_pick/椋庣偖3801.npy,0,air_pick,train
train/train/air_pick/椋庣偖2117.npy,0,air_pick,train
train/train/air_pick/椋庣偖1644.npy,0,air_pick,train
train/train/air_pick/椋庣偖2599.npy,0,air_pick,train
train/train/air_pick/椋庣偖1398.npy,0,air_pick,train
train/train/air_pick/椋庣偖0278.npy,0,air_pick,train
train/train/air_pick/椋庣偖0193.npy,0,air_pick,train
train/train/air_pick/椋庣偖2379.npy,0,air_pick,train
train/train/air_pick/椋庣偖1516.npy,0,air_pick,train
train/train/air_pick/椋庣偖1607.npy,0,air_pick,train
train/train/air_pick/椋庣偖1533.npy,0,air_pick,train
train/train/air_pick/椋庣偖2580.npy,0,air_pick,train
train/train/air_pick/椋庣偖1344.npy,0,air_pick,train
train/train/air_pick/椋庣偖1977.npy,0,air_pick,train
train/train/air_pick/椋庣偖2619.npy,0,air_pick,train
train/train/air_pick/椋庣偖0716.npy,0,air_pick,train
train/train/air_pick/椋庣偖0238.npy,0,air_pick,train
train/train/air_pick/椋庣偖1380.npy,0,air_pick,train
train/train/air_pick/椋庣偖2055.npy,0,air_pick,train
train/train/air_pick/椋庣偖3865.npy,0,air_pick,train
train/train/air_pick/椋庣偖2397.npy,0,air_pick,train
train/train/air_pick/椋庣偖2558.npy,0,air_pick,train
train/train/air_pick/椋庣偖2658.npy,0,air_pick,train
train/train/air_pick/椋庣偖0043.npy,0,air_pick,train
train/train/air_pick/椋庣偖1667.npy,0,air_pick,train
train/train/air_pick/椋庣偖1115.npy,0,air_pick,train
train/train/air_pick/椋庣偖0324.npy,0,air_pick,train
train/train/air_pick/椋庣偖0317.npy,0,air_pick,train
train/train/air_pick/椋庣偖1387.npy,0,air_pick,train
train/train/air_pick/椋庣偖3463.npy,0,air_pick,train
train/train/air_pick/椋庣偖0014.npy,0,air_pick,train
train/train/air_pick/椋庣偖3032.npy,0,air_pick,train
train/train/air_pick/椋庣偖0445.npy,0,air_pick,train
train/train/air_pick/椋庣偖1192.npy,0,air_pick,train
train/train/air_pick/椋庣偖0197.npy,0,air_pick,train
train/train/air_pick/椋庣偖1250.npy,0,air_pick,train
train/train/air_pick/椋庣偖2859.npy,0,air_pick,train
train/train/air_pick/椋庣偖3597.npy,0,air_pick,train
train/train/air_pick/椋庣偖0815.npy,0,air_pick,train
train/train/air_pick/椋庣偖1166.npy,0,air_pick,train
train/train/air_pick/椋庣偖1415.npy,0,air_pick,train
train/train/air_pick/椋庣偖3639.npy,0,air_pick,train
train/train/air_pick/椋庣偖0305.npy,0,air_pick,train
train/train/air_pick/椋庣偖2334.npy,0,air_pick,train
train/train/air_pick/椋庣偖1280.npy,0,air_pick,train
train/train/air_pick/椋庣偖0091.npy,0,air_pick,train
train/train/air_pick/椋庣偖1400.npy,0,air_pick,train
train/train/air_pick/椋庣偖2892.npy,0,air_pick,train
train/train/air_pick/椋庣偖2714.npy,0,air_pick,train
train/train/air_pick/椋庣偖1991.npy,0,air_pick,train
train/train/air_pick/椋庣偖3833.npy,0,air_pick,train
train/train/air_pick/椋庣偖3640.npy,0,air_pick,train
train/train/air_pick/椋庣偖1424.npy,0,air_pick,train
train/train/air_pick/椋庣偖1319.npy,0,air_pick,train
train/train/air_pick/椋庣偖1600.npy,0,air_pick,train
train/train/air_pick/椋庣偖0467.npy,0,air_pick,train
train/train/air_pick/椋庣偖0508.npy,0,air_pick,train
train/train/air_pick/椋庣偖1197.npy,0,air_pick,train
train/train/air_pick/椋庣偖1269.npy,0,air_pick,train
train/train/air_pick/椋庣偖2868.npy,0,air_pick,train
train/train/air_pick/椋庣偖0431.npy,0,air_pick,train
train/train/air_pick/椋庣偖0520.npy,0,air_pick,train
train/train/air_pick/椋庣偖0053.npy,0,air_pick,train
train/train/air_pick/椋庣偖0062.npy,0,air_pick,train
train/train/air_pick/椋庣偖0033.npy,0,air_pick,train
train/train/air_pick/椋庣偖2107.npy,0,air_pick,train
train/train/air_pick/椋庣偖1474.npy,0,air_pick,train
train/train/air_pick/椋庣偖3410.npy,0,air_pick,train
train/train/air_pick/椋庣偖1295.npy,0,air_pick,train
train/train/air_pick/椋庣偖0213.npy,0,air_pick,train
train/train/air_pick/椋庣偖1159.npy,0,air_pick,train
train/train/air_pick/椋庣偖0002.npy,0,air_pick,train
train/train/air_pick/椋庣偖1085.npy,0,air_pick,train
train/train/air_pick/椋庣偖1080.npy,0,air_pick,train
train/train/air_pick/椋庣偖1828.npy,0,air_pick,train
train/train/air_pick/椋庣偖2075.npy,0,air_pick,train
train/train/air_pick/椋庣偖2898.npy,0,air_pick,train
train/train/air_pick/椋庣偖2978.npy,0,air_pick,train
train/train/air_pick/椋庣偖1820.npy,0,air_pick,train
train/train/air_pick/椋庣偖0474.npy,0,air_pick,train
train/train/air_pick/椋庣偖2148.npy,0,air_pick,train
train/train/air_pick/椋庣偖1061.npy,0,air_pick,train
train/train/air_pick/椋庣偖1990.npy,0,air_pick,train
train/train/air_pick/椋庣偖1336.npy,0,air_pick,train
train/train/air_pick/椋庣偖2196.npy,0,air_pick,train
train/train/air_pick/椋庣偖0057.npy,0,air_pick,train
train/train/air_pick/椋庣偖0924.npy,0,air_pick,train
train/train/air_pick/椋庣偖1520.npy,0,air_pick,train
train/train/air_pick/椋庣偖1477.npy,0,air_pick,train
train/train/air_pick/椋庣偖0039.npy,0,air_pick,train
train/train/air_pick/椋庣偖0600.npy,0,air_pick,train
train/train/air_pick/椋庣偖3686.npy,0,air_pick,train
train/train/air_pick/椋庣偖2976.npy,0,air_pick,train
train/train/air_pick/椋庣偖0505.npy,0,air_pick,train
train/train/air_pick/椋庣偖3644.npy,0,air_pick,train
train/train/air_pick/椋庣偖3049.npy,0,air_pick,train
train/train/air_pick/椋庣偖3589.npy,0,air_pick,train
train/train/air_pick/椋庣偖0647.npy,0,air_pick,train
train/train/air_pick/椋庣偖1432.npy,0,air_pick,train
train/train/air_pick/椋庣偖2516.npy,0,air_pick,train
train/train/air_pick/椋庣偖2650.npy,0,air_pick,train
train/train/air_pick/椋庣偖1817.npy,0,air_pick,train
train/train/air_pick/椋庣偖2320.npy,0,air_pick,train
train/train/air_pick/椋庣偖2809.npy,0,air_pick,train
train/train/air_pick/椋庣偖1479.npy,0,air_pick,train
train/train/air_pick/椋庣偖2387.npy,0,air_pick,train
train/train/air_pick/椋庣偖3633.npy,0,air_pick,train
train/train/air_pick/椋庣偖1384.npy,0,air_pick,train
train/train/air_pick/椋庣偖1791.npy,0,air_pick,train
train/train/air_pick/椋庣偖1554.npy,0,air_pick,train
train/train/air_pick/椋庣偖1759.npy,0,air_pick,train
train/train/air_pick/椋庣偖2964.npy,0,air_pick,train
train/train/air_pick/椋庣偖2267.npy,0,air_pick,train
train/train/air_pick/椋庣偖2245.npy,0,air_pick,train
train/train/air_pick/椋庣偖3694.npy,0,air_pick,train
train/train/air_pick/椋庣偖2914.npy,0,air_pick,train
train/train/air_pick/椋庣偖2916.npy,0,air_pick,train
train/train/air_pick/椋庣偖2790.npy,0,air_pick,train
train/train/air_pick/椋庣偖2033.npy,0,air_pick,train
train/train/air_pick/椋庣偖3866.npy,0,air_pick,train
train/train/air_pick/椋庣偖0711.npy,0,air_pick,train
train/train/air_pick/椋庣偖1749.npy,0,air_pick,train
train/train/air_pick/椋庣偖1625.npy,0,air_pick,train
train/train/air_pick/椋庣偖1797.npy,0,air_pick,train
train/train/air_pick/椋庣偖0475.npy,0,air_pick,train
train/train/air_pick/椋庣偖3618.npy,0,air_pick,train
train/train/air_pick/椋庣偖1423.npy,0,air_pick,train
train/train/air_pick/椋庣偖0868.npy,0,air_pick,train
train/train/air_pick/椋庣偖0243.npy,0,air_pick,train
train/train/air_pick/椋庣偖2875.npy,0,air_pick,train
train/train/air_pick/椋庣偖1147.npy,0,air_pick,train
train/train/air_pick/椋庣偖0507.npy,0,air_pick,train
train/train/air_pick/椋庣偖0110.npy,0,air_pick,train
train/train/air_pick/椋庣偖2593.npy,0,air_pick,train
train/train/air_pick/椋庣偖0923.npy,0,air_pick,train
train/train/air_pick/椋庣偖2288.npy,0,air_pick,train
train/train/air_pick/椋庣偖2831.npy,0,air_pick,train
train/train/air_pick/椋庣偖2800.npy,0,air_pick,train
train/train/air_pick/椋庣偖0626.npy,0,air_pick,train
train/train/air_pick/椋庣偖2819.npy,0,air_pick,train
train/train/air_pick/椋庣偖3778.npy,0,air_pick,train
train/train/air_pick/椋庣偖3610.npy,0,air_pick,train
train/train/air_pick/椋庣偖1488.npy,0,air_pick,train
train/train/air_pick/椋庣偖0571.npy,0,air_pick,train
train/train/air_pick/椋庣偖2050.npy,0,air_pick,train
train/train/air_pick/椋庣偖0225.npy,0,air_pick,train
train/train/air_pick/椋庣偖0636.npy,0,air_pick,train
train/train/air_pick/椋庣偖2906.npy,0,air_pick,train
train/train/air_pick/椋庣偖0457.npy,0,air_pick,train
train/train/air_pick/椋庣偖0999.npy,0,air_pick,train
train/train/air_pick/椋庣偖1523.npy,0,air_pick,train
train/train/air_pick/椋庣偖0750.npy,0,air_pick,train
train/train/air_pick/椋庣偖2845.npy,0,air_pick,train
train/train/air_pick/椋庣偖2987.npy,0,air_pick,train
train/train/air_pick/椋庣偖1971.npy,0,air_pick,train
train/train/air_pick/椋庣偖2502.npy,0,air_pick,train
train/train/air_pick/椋庣偖1800.npy,0,air_pick,train
train/train/air_pick/椋庣偖2907.npy,0,air_pick,train
train/train/air_pick/椋庣偖1794.npy,0,air_pick,train
train/train/air_pick/椋庣偖3829.npy,0,air_pick,train
train/train/air_pick/椋庣偖2227.npy,0,air_pick,train
train/train/air_pick/椋庣偖1457.npy,0,air_pick,train
train/train/air_pick/椋庣偖1497.npy,0,air_pick,train
train/train/air_pick/椋庣偖3860.npy,0,air_pick,train
train/train/air_pick/椋庣偖2980.npy,0,air_pick,train
train/train/air_pick/椋庣偖1729.npy,0,air_pick,train
train/train/air_pick/椋庣偖1838.npy,0,air_pick,train
train/train/air_pick/椋庣偖2103.npy,0,air_pick,train
train/train/air_pick/椋庣偖2145.npy,0,air_pick,train
train/train/air_pick/椋庣偖2587.npy,0,air_pick,train
train/train/air_pick/椋庣偖2413.npy,0,air_pick,train
train/train/air_pick/椋庣偖2682.npy,0,air_pick,train
train/train/air_pick/椋庣偖2887.npy,0,air_pick,train
train/train/air_pick/椋庣偖0684.npy,0,air_pick,train
train/train/air_pick/椋庣偖0420.npy,0,air_pick,train
train/train/air_pick/椋庣偖2136.npy,0,air_pick,train
train/train/air_pick/椋庣偖0907.npy,0,air_pick,train
train/train/air_pick/椋庣偖2427.npy,0,air_pick,train
train/train/air_pick/椋庣偖1331.npy,0,air_pick,train
train/train/air_pick/椋庣偖0939.npy,0,air_pick,train
train/train/air_pick/椋庣偖2181.npy,0,air_pick,train
train/train/air_pick/椋庣偖3044.npy,0,air_pick,train
train/train/air_pick/椋庣偖0817.npy,0,air_pick,train
train/train/air_pick/椋庣偖2370.npy,0,air_pick,train
train/train/air_pick/椋庣偖1079.npy,0,air_pick,train
train/train/air_pick/椋庣偖2507.npy,0,air_pick,train
train/train/air_pick/椋庣偖1024.npy,0,air_pick,train
train/train/air_pick/椋庣偖0096.npy,0,air_pick,train
train/train/air_pick/椋庣偖2539.npy,0,air_pick,train
train/train/air_pick/椋庣偖2945.npy,0,air_pick,train
train/train/air_pick/椋庣偖3453.npy,0,air_pick,train
train/train/air_pick/椋庣偖1139.npy,0,air_pick,train
train/train/air_pick/椋庣偖0905.npy,0,air_pick,train
train/train/air_pick/椋庣偖2852.npy,0,air_pick,train
train/train/air_pick/椋庣偖0943.npy,0,air_pick,train
train/train/air_pick/椋庣偖2615.npy,0,air_pick,train
train/train/air_pick/椋庣偖0808.npy,0,air_pick,train
train/train/air_pick/椋庣偖3443.npy,0,air_pick,train
train/train/air_pick/椋庣偖1887.npy,0,air_pick,train
train/train/air_pick/椋庣偖1189.npy,0,air_pick,train
train/train/air_pick/椋庣偖0173.npy,0,air_pick,train
train/train/air_pick/椋庣偖0833.npy,0,air_pick,train
train/train/air_pick/椋庣偖1947.npy,0,air_pick,train
train/train/air_pick/椋庣偖2010.npy,0,air_pick,train
train/train/air_pick/椋庣偖0922.npy,0,air_pick,train
train/train/air_pick/椋庣偖0829.npy,0,air_pick,train
train/train/air_pick/椋庣偖0097.npy,0,air_pick,train
train/train/air_pick/椋庣偖0112.npy,0,air_pick,train
train/train/air_pick/椋庣偖2401.npy,0,air_pick,train
train/train/air_pick/椋庣偖1590.npy,0,air_pick,train
train/train/air_pick/椋庣偖0421.npy,0,air_pick,train
train/train/air_pick/椋庣偖0705.npy,0,air_pick,train
train/train/air_pick/椋庣偖2850.npy,0,air_pick,train
train/train/air_pick/椋庣偖0695.npy,0,air_pick,train
train/train/air_pick/椋庣偖0484.npy,0,air_pick,train
train/train/air_pick/椋庣偖3780.npy,0,air_pick,train
train/train/air_pick/椋庣偖0226.npy,0,air_pick,train
train/train/air_pick/椋庣偖3000.npy,0,air_pick,train
train/train/air_pick/椋庣偖1640.npy,0,air_pick,train
train/train/air_pick/椋庣偖0632.npy,0,air_pick,train
train/train/air_pick/椋庣偖0011.npy,0,air_pick,train
train/train/air_pick/椋庣偖2707.npy,0,air_pick,train
train/train/air_pick/椋庣偖2403.npy,0,air_pick,train
train/train/air_pick/椋庣偖1539.npy,0,air_pick,train
train/train/air_pick/椋庣偖1851.npy,0,air_pick,train
train/train/air_pick/椋庣偖2435.npy,0,air_pick,train
train/train/air_pick/椋庣偖3585.npy,0,air_pick,train
train/train/air_pick/椋庣偖1700.npy,0,air_pick,train
train/train/air_pick/椋庣偖0688.npy,0,air_pick,train
train/train/air_pick/椋庣偖2116.npy,0,air_pick,train
train/train/air_pick/椋庣偖3427.npy,0,air_pick,train
train/train/air_pick/椋庣偖2012.npy,0,air_pick,train
train/train/air_pick/椋庣偖2624.npy,0,air_pick,train
train/train/air_pick/椋庣偖0389.npy,0,air_pick,train
train/train/air_pick/椋庣偖1740.npy,0,air_pick,train
train/train/air_pick/椋庣偖0061.npy,0,air_pick,train
train/train/air_pick/椋庣偖2597.npy,0,air_pick,train
train/train/air_pick/椋庣偖1657.npy,0,air_pick,train
train/train/air_pick/椋庣偖0937.npy,0,air_pick,train
train/train/air_pick/椋庣偖2944.npy,0,air_pick,train
train/train/air_pick/椋庣偖0128.npy,0,air_pick,train
train/train/air_pick/椋庣偖3635.npy,0,air_pick,train
train/train/air_pick/椋庣偖3662.npy,0,air_pick,train
train/train/air_pick/椋庣偖1066.npy,0,air_pick,train
train/train/air_pick/椋庣偖2520.npy,0,air_pick,train
train/train/air_pick/椋庣偖1934.npy,0,air_pick,train
train/train/air_pick/椋庣偖3459.npy,0,air_pick,train
train/train/air_pick/椋庣偖3816.npy,0,air_pick,train
train/train/air_pick/椋庣偖2204.npy,0,air_pick,train
train/train/air_pick/椋庣偖3022.npy,0,air_pick,train
train/train/air_pick/椋庣偖0006.npy,0,air_pick,train
train/train/air_pick/椋庣偖1995.npy,0,air_pick,train
train/train/air_pick/椋庣偖2655.npy,0,air_pick,train
train/train/air_pick/椋庣偖1292.npy,0,air_pick,train
train/train/air_pick/椋庣偖0443.npy,0,air_pick,train
train/train/air_pick/椋庣偖1003.npy,0,air_pick,train
train/train/air_pick/椋庣偖1955.npy,0,air_pick,train
train/train/air_pick/椋庣偖1506.npy,0,air_pick,train
train/train/air_pick/椋庣偖2927.npy,0,air_pick,train
train/train/air_pick/椋庣偖0959.npy,0,air_pick,train
train/train/air_pick/椋庣偖0071.npy,0,air_pick,train
train/train/air_pick/椋庣偖3712.npy,0,air_pick,train
train/train/air_pick/椋庣偖3717.npy,0,air_pick,train
train/train/air_pick/椋庣偖3569.npy,0,air_pick,train
train/train/air_pick/椋庣偖1150.npy,0,air_pick,train
train/train/air_pick/椋庣偖2224.npy,0,air_pick,train
train/train/air_pick/椋庣偖0229.npy,0,air_pick,train
train/train/air_pick/椋庣偖0382.npy,0,air_pick,train
train/train/air_pick/椋庣偖0850.npy,0,air_pick,train
train/train/air_pick/椋庣偖0881.npy,0,air_pick,train
train/train/air_pick/椋庣偖0839.npy,0,air_pick,train
train/train/air_pick/椋庣偖1234.npy,0,air_pick,train
train/train/air_pick/椋庣偖2712.npy,0,air_pick,train
train/train/air_pick/椋庣偖0311.npy,0,air_pick,train
train/train/air_pick/椋庣偖2231.npy,0,air_pick,train
train/train/air_pick/椋庣偖0883.npy,0,air_pick,train
train/train/air_pick/椋庣偖3408.npy,0,air_pick,train
train/train/air_pick/椋庣偖1427.npy,0,air_pick,train
train/train/air_pick/椋庣偖3604.npy,0,air_pick,train
train/train/air_pick/椋庣偖2329.npy,0,air_pick,train
train/train/air_pick/椋庣偖3552.npy,0,air_pick,train
train/train/air_pick/椋庣偖3738.npy,0,air_pick,train
train/train/air_pick/椋庣偖1156.npy,0,air_pick,train
train/train/air_pick/椋庣偖0388.npy,0,air_pick,train
train/train/air_pick/椋庣偖0368.npy,0,air_pick,train
train/train/air_pick/椋庣偖0426.npy,0,air_pick,train
train/train/air_pick/椋庣偖3804.npy,0,air_pick,train
train/train/air_pick/椋庣偖2759.npy,0,air_pick,train
train/train/air_pick/椋庣偖0583.npy,0,air_pick,train
train/train/air_pick/椋庣偖0308.npy,0,air_pick,train
train/train/air_pick/椋庣偖2734.npy,0,air_pick,train
train/train/air_pick/椋庣偖0253.npy,0,air_pick,train
train/train/air_pick/椋庣偖2312.npy,0,air_pick,train
train/train/air_pick/椋庣偖3535.npy,0,air_pick,train
train/train/air_pick/椋庣偖2199.npy,0,air_pick,train
train/train/air_pick/椋庣偖3675.npy,0,air_pick,train
train/train/air_pick/椋庣偖3494.npy,0,air_pick,train
train/train/air_pick/椋庣偖2783.npy,0,air_pick,train
train/train/air_pick/椋庣偖1475.npy,0,air_pick,train
train/train/air_pick/椋庣偖0682.npy,0,air_pick,train
train/train/air_pick/椋庣偖1907.npy,0,air_pick,train
train/train/air_pick/椋庣偖2866.npy,0,air_pick,train
train/train/air_pick/椋庣偖2689.npy,0,air_pick,train
train/train/air_pick/椋庣偖2756.npy,0,air_pick,train
train/train/air_pick/椋庣偖2399.npy,0,air_pick,train
train/train/air_pick/椋庣偖1560.npy,0,air_pick,train
train/train/air_pick/椋庣偖2142.npy,0,air_pick,train
train/train/air_pick/椋庣偖1563.npy,0,air_pick,train
train/train/air_pick/椋庣偖1267.npy,0,air_pick,train
train/train/air_pick/椋庣偖0139.npy,0,air_pick,train
train/train/air_pick/椋庣偖0611.npy,0,air_pick,train
train/train/air_pick/椋庣偖2319.npy,0,air_pick,train
train/train/air_pick/椋庣偖1535.npy,0,air_pick,train
train/train/air_pick/椋庣偖2774.npy,0,air_pick,train
train/train/air_pick/椋庣偖1242.npy,0,air_pick,train
train/train/air_pick/椋庣偖0035.npy,0,air_pick,train
train/train/air_pick/椋庣偖2924.npy,0,air_pick,train
train/train/air_pick/椋庣偖0245.npy,0,air_pick,train
train/train/air_pick/椋庣偖2731.npy,0,air_pick,train
train/train/air_pick/椋庣偖1202.npy,0,air_pick,train
train/train/air_pick/椋庣偖2414.npy,0,air_pick,train
train/train/air_pick/椋庣偖0550.npy,0,air_pick,train
train/train/air_pick/椋庣偖1446.npy,0,air_pick,train
train/train/air_pick/椋庣偖1102.npy,0,air_pick,train
train/train/air_pick/椋庣偖0369.npy,0,air_pick,train
train/train/air_pick/椋庣偖3561.npy,0,air_pick,train
train/train/air_pick/椋庣偖3542.npy,0,air_pick,train
train/train/air_pick/椋庣偖2556.npy,0,air_pick,train
train/train/air_pick/椋庣偖0796.npy,0,air_pick,train
train/train/air_pick/椋庣偖0950.npy,0,air_pick,train
train/train/air_pick/椋庣偖1291.npy,0,air_pick,train
train/train/air_pick/椋庣偖0775.npy,0,air_pick,train
train/train/air_pick/椋庣偖1876.npy,0,air_pick,train
train/train/air_pick/椋庣偖1183.npy,0,air_pick,train
train/train/air_pick/椋庣偖1522.npy,0,air_pick,train
train/train/air_pick/椋庣偖1974.npy,0,air_pick,train
train/train/air_pick/椋庣偖2371.npy,0,air_pick,train
train/train/air_pick/椋庣偖0968.npy,0,air_pick,train
train/train/air_pick/椋庣偖3440.npy,0,air_pick,train
train/train/air_pick/椋庣偖0970.npy,0,air_pick,train
train/train/air_pick/椋庣偖0653.npy,0,air_pick,train
train/train/air_pick/椋庣偖3416.npy,0,air_pick,train
train/train/air_pick/椋庣偖3688.npy,0,air_pick,train
train/train/air_pick/椋庣偖0244.npy,0,air_pick,train
train/train/air_pick/椋庣偖1521.npy,0,air_pick,train
train/train/air_pick/椋庣偖0558.npy,0,air_pick,train
train/train/air_pick/椋庣偖1462.npy,0,air_pick,train
train/train/air_pick/椋庣偖2879.npy,0,air_pick,train
train/train/air_pick/椋庣偖0678.npy,0,air_pick,train
train/train/air_pick/椋庣偖2874.npy,0,air_pick,train
train/train/air_pick/椋庣偖3645.npy,0,air_pick,train
train/train/air_pick/椋庣偖2384.npy,0,air_pick,train
train/train/air_pick/椋庣偖0588.npy,0,air_pick,train
train/train/air_pick/椋庣偖0024.npy,0,air_pick,train
train/train/air_pick/椋庣偖3831.npy,0,air_pick,train
train/train/air_pick/椋庣偖3575.npy,0,air_pick,train
train/train/air_pick/椋庣偖1591.npy,0,air_pick,train
train/train/air_pick/椋庣偖2799.npy,0,air_pick,train
train/train/air_pick/椋庣偖0891.npy,0,air_pick,train
train/train/air_pick/椋庣偖3814.npy,0,air_pick,train
train/train/air_pick/椋庣偖0574.npy,0,air_pick,train
train/train/air_pick/椋庣偖0007.npy,0,air_pick,train
train/train/air_pick/椋庣偖2728.npy,0,air_pick,train
train/train/air_pick/椋庣偖1653.npy,0,air_pick,train
train/train/air_pick/椋庣偖0765.npy,0,air_pick,train
train/train/air_pick/椋庣偖3684.npy,0,air_pick,train
train/train/air_pick/椋庣偖1562.npy,0,air_pick,train
train/train/air_pick/椋庣偖2070.npy,0,air_pick,train
train/train/air_pick/椋庣偖1634.npy,0,air_pick,train
train/train/air_pick/椋庣偖2083.npy,0,air_pick,train
train/train/air_pick/椋庣偖0952.npy,0,air_pick,train
train/train/air_pick/椋庣偖2848.npy,0,air_pick,train
train/train/air_pick/椋庣偖3710.npy,0,air_pick,train
train/train/air_pick/椋庣偖1629.npy,0,air_pick,train
train/train/air_pick/椋庣偖3422.npy,0,air_pick,train
train/train/air_pick/椋庣偖0328.npy,0,air_pick,train
train/train/air_pick/椋庣偖0297.npy,0,air_pick,train
train/train/air_pick/椋庣偖0988.npy,0,air_pick,train
train/train/air_pick/椋庣偖2018.npy,0,air_pick,train
train/train/air_pick/椋庣偖1724.npy,0,air_pick,train
train/train/air_pick/椋庣偖3598.npy,0,air_pick,train
train/train/air_pick/椋庣偖3693.npy,0,air_pick,train
train/train/air_pick/椋庣偖0777.npy,0,air_pick,train
train/train/air_pick/椋庣偖0326.npy,0,air_pick,train
train/train/air_pick/椋庣偖2708.npy,0,air_pick,train
train/train/air_pick/椋庣偖2325.npy,0,air_pick,train
train/train/air_pick/椋庣偖0700.npy,0,air_pick,train
train/train/air_pick/椋庣偖2063.npy,0,air_pick,train
train/train/air_pick/椋庣偖0671.npy,0,air_pick,train
train/train/air_pick/椋庣偖0374.npy,0,air_pick,train
train/train/air_pick/椋庣偖2412.npy,0,air_pick,train
train/train/air_pick/椋庣偖1829.npy,0,air_pick,train
train/train/air_pick/椋庣偖3783.npy,0,air_pick,train
train/train/air_pick/椋庣偖3501.npy,0,air_pick,train
train/train/air_pick/椋庣偖0447.npy,0,air_pick,train
train/train/air_pick/椋庣偖1125.npy,0,air_pick,train
train/train/air_pick/椋庣偖1037.npy,0,air_pick,train
train/train/air_pick/椋庣偖2380.npy,0,air_pick,train
train/train/air_pick/椋庣偖0201.npy,0,air_pick,train
train/train/air_pick/椋庣偖1641.npy,0,air_pick,train
train/train/air_pick/椋庣偖2528.npy,0,air_pick,train
train/train/air_pick/椋庣偖1631.npy,0,air_pick,train
train/train/air_pick/椋庣偖1638.npy,0,air_pick,train
train/train/air_pick/椋庣偖0895.npy,0,air_pick,train
train/train/air_pick/椋庣偖3486.npy,0,air_pick,train
train/train/air_pick/椋庣偖3874.npy,0,air_pick,train
train/train/air_pick/椋庣偖0224.npy,0,air_pick,train
train/train/air_pick/椋庣偖2449.npy,0,air_pick,train
train/train/air_pick/椋庣偖3460.npy,0,air_pick,train
train/train/air_pick/椋庣偖0973.npy,0,air_pick,train
train/train/air_pick/椋庣偖0027.npy,0,air_pick,train
train/train/air_pick/椋庣偖3004.npy,0,air_pick,train
train/train/air_pick/椋庣偖2908.npy,0,air_pick,train
train/train/air_pick/椋庣偖3782.npy,0,air_pick,train
train/train/air_pick/椋庣偖1422.npy,0,air_pick,train
train/train/air_pick/椋庣偖0256.npy,0,air_pick,train
train/train/air_pick/椋庣偖1939.npy,0,air_pick,train
train/train/air_pick/椋庣偖0403.npy,0,air_pick,train
train/train/air_pick/椋庣偖3802.npy,0,air_pick,train
train/train/air_pick/椋庣偖1258.npy,0,air_pick,train
train/train/air_pick/椋庣偖2814.npy,0,air_pick,train
train/train/air_pick/椋庣偖1567.npy,0,air_pick,train
train/train/air_pick/椋庣偖2250.npy,0,air_pick,train
train/train/air_pick/椋庣偖0360.npy,0,air_pick,train
train/train/air_pick/椋庣偖3824.npy,0,air_pick,train
train/train/air_pick/椋庣偖1835.npy,0,air_pick,train
train/train/air_pick/椋庣偖0906.npy,0,air_pick,train
train/train/air_pick/椋庣偖0731.npy,0,air_pick,train
train/train/air_pick/椋庣偖0540.npy,0,air_pick,train
train/train/air_pick/椋庣偖0757.npy,0,air_pick,train
train/train/air_pick/椋庣偖1863.npy,0,air_pick,train
train/train/air_pick/椋庣偖0327.npy,0,air_pick,train
train/train/air_pick/椋庣偖0704.npy,0,air_pick,train
train/train/air_pick/椋庣偖1937.npy,0,air_pick,train
train/train/air_pick/椋庣偖2998.npy,0,air_pick,train
train/train/air_pick/椋庣偖2546.npy,0,air_pick,train
train/train/air_pick/椋庣偖2738.npy,0,air_pick,train
train/train/air_pick/椋庣偖0842.npy,0,air_pick,train
train/train/air_pick/椋庣偖0627.npy,0,air_pick,train
train/train/air_pick/椋庣偖0079.npy,0,air_pick,train
train/train/air_pick/椋庣偖2733.npy,0,air_pick,train
train/train/air_pick/椋庣偖1263.npy,0,air_pick,train
train/train/air_pick/椋庣偖1865.npy,0,air_pick,train
train/train/air_pick/椋庣偖2474.npy,0,air_pick,train
train/train/air_pick/椋庣偖0517.npy,0,air_pick,train
train/train/air_pick/椋庣偖1832.npy,0,air_pick,train
train/train/air_pick/椋庣偖2695.npy,0,air_pick,train
train/train/air_pick/椋庣偖1923.npy,0,air_pick,train
train/train/air_pick/椋庣偖1310.npy,0,air_pick,train
train/train/air_pick/椋庣偖3713.npy,0,air_pick,train
train/train/air_pick/椋庣偖0582.npy,0,air_pick,train
train/train/air_pick/椋庣偖2931.npy,0,air_pick,train
train/train/air_pick/椋庣偖2241.npy,0,air_pick,train
train/train/air_pick/椋庣偖0064.npy,0,air_pick,train
train/train/air_pick/椋庣偖1094.npy,0,air_pick,train
train/train/air_pick/椋庣偖2430.npy,0,air_pick,train
train/train/air_pick/椋庣偖3703.npy,0,air_pick,train
train/train/air_pick/椋庣偖0827.npy,0,air_pick,train
train/train/air_pick/椋庣偖2498.npy,0,air_pick,train
train/train/air_pick/椋庣偖3464.npy,0,air_pick,train
train/train/air_pick/椋庣偖0009.npy,0,air_pick,train
train/train/air_pick/椋庣偖1368.npy,0,air_pick,train
train/train/air_pick/椋庣偖0914.npy,0,air_pick,train
train/train/air_pick/椋庣偖3594.npy,0,air_pick,train
train/train/air_pick/椋庣偖0299.npy,0,air_pick,train
train/train/air_pick/椋庣偖1342.npy,0,air_pick,train
train/train/air_pick/椋庣偖2677.npy,0,air_pick,train
train/train/air_pick/椋庣偖1858.npy,0,air_pick,train
train/train/air_pick/椋庣偖0958.npy,0,air_pick,train
train/train/air_pick/椋庣偖2007.npy,0,air_pick,train
train/train/air_pick/椋庣偖3009.npy,0,air_pick,train
train/train/air_pick/椋庣偖3841.npy,0,air_pick,train
train/train/air_pick/椋庣偖1142.npy,0,air_pick,train
train/train/air_pick/椋庣偖2569.npy,0,air_pick,train
train/train/air_pick/椋庣偖3838.npy,0,air_pick,train
train/train/air_pick/椋庣偖2842.npy,0,air_pick,train
train/train/air_pick/椋庣偖2129.npy,0,air_pick,train
train/train/air_pick/椋庣偖2366.npy,0,air_pick,train
train/train/air_pick/椋庣偖0652.npy,0,air_pick,train
train/train/air_pick/椋庣偖2433.npy,0,air_pick,train
train/train/air_pick/椋庣偖0199.npy,0,air_pick,train
train/train/air_pick/椋庣偖0468.npy,0,air_pick,train
train/train/air_pick/椋庣偖0856.npy,0,air_pick,train
train/train/air_pick/椋庣偖0740.npy,0,air_pick,train
train/train/air_pick/椋庣偖3461.npy,0,air_pick,train
train/train/air_pick/椋庣偖1857.npy,0,air_pick,train
train/train/air_pick/椋庣偖3661.npy,0,air_pick,train
train/train/air_pick/椋庣偖3600.npy,0,air_pick,train
train/train/air_pick/椋庣偖0121.npy,0,air_pick,train
train/train/air_pick/椋庣偖1512.npy,0,air_pick,train
train/train/air_pick/椋庣偖1366.npy,0,air_pick,train
train/train/air_pick/椋庣偖1682.npy,0,air_pick,train
train/train/air_pick/椋庣偖2953.npy,0,air_pick,train
train/train/air_pick/椋庣偖2317.npy,0,air_pick,train
train/train/air_pick/椋庣偖1656.npy,0,air_pick,train
train/train/air_pick/椋庣偖1300.npy,0,air_pick,train
train/train/air_pick/椋庣偖1447.npy,0,air_pick,train
train/train/air_pick/椋庣偖3536.npy,0,air_pick,train
train/train/air_pick/椋庣偖0359.npy,0,air_pick,train
train/train/air_pick/椋庣偖3521.npy,0,air_pick,train
train/train/air_pick/椋庣偖1414.npy,0,air_pick,train
train/train/air_pick/椋庣偖2968.npy,0,air_pick,train
train/train/air_pick/椋庣偖0262.npy,0,air_pick,train
train/train/air_pick/椋庣偖0928.npy,0,air_pick,train
train/train/air_pick/椋庣偖1136.npy,0,air_pick,train
train/train/air_pick/椋庣偖1547.npy,0,air_pick,train
train/train/air_pick/椋庣偖0373.npy,0,air_pick,train
train/train/air_pick/椋庣偖1751.npy,0,air_pick,train
train/train/air_pick/椋庣偖1343.npy,0,air_pick,train
train/train/air_pick/椋庣偖1019.npy,0,air_pick,train
train/train/air_pick/椋庣偖2425.npy,0,air_pick,train
train/train/air_pick/椋庣偖0736.npy,0,air_pick,train
train/train/air_pick/椋庣偖0206.npy,0,air_pick,train
train/train/air_pick/椋庣偖3726.npy,0,air_pick,train
train/train/air_pick/椋庣偖2168.npy,0,air_pick,train
train/train/air_pick/椋庣偖2163.npy,0,air_pick,train
train/train/air_pick/椋庣偖1565.npy,0,air_pick,train
train/train/air_pick/椋庣偖0341.npy,0,air_pick,train
train/train/air_pick/椋庣偖0814.npy,0,air_pick,train
train/train/air_pick/椋庣偖1486.npy,0,air_pick,train
train/train/air_pick/椋庣偖0521.npy,0,air_pick,train
train/train/air_pick/椋庣偖2211.npy,0,air_pick,train
train/train/air_pick/椋庣偖2489.npy,0,air_pick,train
train/train/air_pick/椋庣偖2141.npy,0,air_pick,train
train/train/air_pick/椋庣偖1480.npy,0,air_pick,train
train/train/air_pick/椋庣偖1229.npy,0,air_pick,train
train/train/air_pick/椋庣偖2202.npy,0,air_pick,train
train/train/air_pick/椋庣偖3531.npy,0,air_pick,train
train/train/air_pick/椋庣偖1805.npy,0,air_pick,train
train/train/air_pick/椋庣偖2020.npy,0,air_pick,train
train/train/air_pick/椋庣偖0758.npy,0,air_pick,train
train/train/air_pick/椋庣偖0272.npy,0,air_pick,train
train/train/air_pick/椋庣偖3059.npy,0,air_pick,train
train/train/air_pick/椋庣偖2697.npy,0,air_pick,train
train/train/air_pick/椋庣偖1764.npy,0,air_pick,train
train/train/air_pick/椋庣偖0634.npy,0,air_pick,train
train/train/air_pick/椋庣偖1311.npy,0,air_pick,train
train/train/air_pick/椋庣偖1925.npy,0,air_pick,train
train/train/air_pick/椋庣偖1831.npy,0,air_pick,train
train/train/air_pick/椋庣偖3505.npy,0,air_pick,train
train/train/air_pick/椋庣偖1131.npy,0,air_pick,train
train/train/air_pick/椋庣偖3668.npy,0,air_pick,train
train/train/air_pick/椋庣偖0822.npy,0,air_pick,train
train/train/air_pick/椋庣偖0316.npy,0,air_pick,train
train/train/air_pick/椋庣偖3854.npy,0,air_pick,train
train/train/air_pick/椋庣偖2461.npy,0,air_pick,train
train/train/air_pick/椋庣偖0439.npy,0,air_pick,train
train/train/air_pick/椋庣偖0221.npy,0,air_pick,train
train/train/air_pick/椋庣偖1193.npy,0,air_pick,train
train/train/air_pick/椋庣偖2885.npy,0,air_pick,train
train/train/air_pick/椋庣偖3630.npy,0,air_pick,train
train/train/air_pick/椋庣偖0753.npy,0,air_pick,train
train/train/air_pick/椋庣偖3062.npy,0,air_pick,train
train/train/air_pick/椋庣偖2016.npy,0,air_pick,train
train/train/air_pick/椋庣偖0072.npy,0,air_pick,train
train/train/air_pick/椋庣偖2378.npy,0,air_pick,train
train/train/air_pick/椋庣偖2925.npy,0,air_pick,train
train/train/air_pick/椋庣偖0291.npy,0,air_pick,train
train/train/air_pick/椋庣偖0196.npy,0,air_pick,train
train/train/air_pick/椋庣偖1837.npy,0,air_pick,train
train/train/air_pick/椋庣偖0826.npy,0,air_pick,train
train/train/air_pick/椋庣偖3673.npy,0,air_pick,train
train/train/air_pick/椋庣偖2488.npy,0,air_pick,train
train/train/air_pick/椋庣偖1932.npy,0,air_pick,train
train/train/air_pick/椋庣偖2694.npy,0,air_pick,train
train/train/air_pick/椋庣偖3532.npy,0,air_pick,train
train/train/air_pick/椋庣偖1674.npy,0,air_pick,train
train/train/air_pick/椋庣偖3519.npy,0,air_pick,train
train/train/air_pick/椋庣偖1232.npy,0,air_pick,train
train/train/air_pick/椋庣偖2560.npy,0,air_pick,train
train/train/air_pick/椋庣偖2716.npy,0,air_pick,train
train/train/air_pick/椋庣偖2588.npy,0,air_pick,train
train/train/air_pick/椋庣偖1000.npy,0,air_pick,train
train/train/air_pick/椋庣偖2880.npy,0,air_pick,train
train/train/air_pick/椋庣偖0240.npy,0,air_pick,train
train/train/air_pick/椋庣偖2169.npy,0,air_pick,train
train/train/air_pick/椋庣偖2336.npy,0,air_pick,train
train/train/air_pick/椋庣偖0074.npy,0,air_pick,train
train/train/air_pick/椋庣偖2640.npy,0,air_pick,train
train/train/air_pick/椋庣偖3861.npy,0,air_pick,train
train/train/air_pick/椋庣偖0932.npy,0,air_pick,train
train/train/air_pick/椋庣偖1410.npy,0,air_pick,train
train/train/air_pick/椋庣偖2617.npy,0,air_pick,train
train/train/air_pick/椋庣偖1298.npy,0,air_pick,train
train/train/air_pick/椋庣偖2066.npy,0,air_pick,train
train/train/air_pick/椋庣偖2661.npy,0,air_pick,train
train/train/air_pick/椋庣偖2450.npy,0,air_pick,train
train/train/air_pick/椋庣偖1095.npy,0,air_pick,train
train/train/air_pick/椋庣偖0104.npy,0,air_pick,train
train/train/air_pick/椋庣偖0589.npy,0,air_pick,train
train/train/air_pick/椋庣偖3509.npy,0,air_pick,train
train/train/air_pick/椋庣偖1002.npy,0,air_pick,train
train/train/air_pick/椋庣偖2338.npy,0,air_pick,train
train/train/air_pick/椋庣偖3002.npy,0,air_pick,train
train/train/air_pick/椋庣偖0904.npy,0,air_pick,train
train/train/air_pick/椋庣偖2009.npy,0,air_pick,train
train/train/air_pick/椋庣偖1478.npy,0,air_pick,train
train/train/air_pick/椋庣偖2983.npy,0,air_pick,train
train/train/air_pick/椋庣偖0204.npy,0,air_pick,train
train/train/air_pick/椋庣偖1484.npy,0,air_pick,train
train/train/air_pick/椋庣偖0646.npy,0,air_pick,train
train/train/air_pick/椋庣偖3652.npy,0,air_pick,train
train/train/air_pick/椋庣偖0092.npy,0,air_pick,train
train/train/air_pick/椋庣偖3413.npy,0,air_pick,train
train/train/air_pick/椋庣偖1795.npy,0,air_pick,train
train/train/air_pick/椋庣偖0164.npy,0,air_pick,train
train/train/air_pick/椋庣偖2493.npy,0,air_pick,train
train/train/air_pick/椋庣偖2788.npy,0,air_pick,train
train/train/air_pick/椋庣偖1406.npy,0,air_pick,train
train/train/air_pick/椋庣偖0022.npy,0,air_pick,train
train/train/air_pick/椋庣偖3691.npy,0,air_pick,train
train/train/air_pick/椋庣偖0046.npy,0,air_pick,train
train/train/air_pick/椋庣偖3698.npy,0,air_pick,train
train/train/air_pick/椋庣偖0207.npy,0,air_pick,train
train/train/air_pick/椋庣偖2276.npy,0,air_pick,train
train/train/air_pick/椋庣偖0635.npy,0,air_pick,train
train/train/air_pick/椋庣偖3033.npy,0,air_pick,train
train/train/air_pick/椋庣偖2303.npy,0,air_pick,train
train/train/air_pick/椋庣偖0194.npy,0,air_pick,train
train/train/air_pick/椋庣偖2871.npy,0,air_pick,train
train/train/air_pick/椋庣偖2860.npy,0,air_pick,train
train/train/air_pick/椋庣偖2457.npy,0,air_pick,train
train/train/air_pick/椋庣偖1068.npy,0,air_pick,train
train/train/air_pick/椋庣偖0163.npy,0,air_pick,train
train/train/air_pick/椋庣偖2671.npy,0,air_pick,train
train/train/air_pick/椋庣偖2905.npy,0,air_pick,train
train/train/air_pick/椋庣偖2201.npy,0,air_pick,train
train/train/air_pick/椋庣偖1755.npy,0,air_pick,train
train/train/air_pick/椋庣偖0417.npy,0,air_pick,train
train/train/air_pick/椋庣偖0725.npy,0,air_pick,train
train/train/air_pick/椋庣偖2830.npy,0,air_pick,train
train/train/air_pick/椋庣偖1548.npy,0,air_pick,train
train/train/air_pick/椋庣偖2104.npy,0,air_pick,train
train/train/air_pick/椋庣偖1989.npy,0,air_pick,train
train/train/air_pick/椋庣偖1902.npy,0,air_pick,train
train/train/air_pick/椋庣偖0645.npy,0,air_pick,train
train/train/air_pick/椋庣偖2802.npy,0,air_pick,train
train/train/air_pick/椋庣偖1841.npy,0,air_pick,train
train/train/air_pick/椋庣偖2207.npy,0,air_pick,train
train/train/air_pick/椋庣偖3564.npy,0,air_pick,train
train/train/air_pick/椋庣偖1249.npy,0,air_pick,train
train/train/air_pick/椋庣偖0496.npy,0,air_pick,train
train/train/air_pick/椋庣偖3843.npy,0,air_pick,train
train/train/air_pick/椋庣偖1347.npy,0,air_pick,train
train/train/air_pick/椋庣偖0386.npy,0,air_pick,train
train/train/air_pick/椋庣偖0870.npy,0,air_pick,train
train/train/air_pick/椋庣偖2754.npy,0,air_pick,train
train/train/air_pick/椋庣偖0114.npy,0,air_pick,train
train/train/air_pick/椋庣偖3685.npy,0,air_pick,train
train/train/air_pick/椋庣偖0526.npy,0,air_pick,train
train/train/air_pick/椋庣偖1997.npy,0,air_pick,train
train/train/air_pick/椋庣偖2762.npy,0,air_pick,train
train/train/air_pick/椋庣偖0188.npy,0,air_pick,train
train/train/air_pick/椋庣偖2534.npy,0,air_pick,train
train/train/air_pick/椋庣偖2638.npy,0,air_pick,train
train/train/air_pick/椋庣偖0824.npy,0,air_pick,train
train/train/air_pick/椋庣偖1228.npy,0,air_pick,train
train/train/air_pick/椋庣偖1753.npy,0,air_pick,train
train/train/air_pick/椋庣偖1584.npy,0,air_pick,train
train/train/air_pick/椋庣偖0358.npy,0,air_pick,train
train/train/air_pick/椋庣偖2544.npy,0,air_pick,train
train/train/air_pick/椋庣偖1878.npy,0,air_pick,train
train/train/air_pick/椋庣偖2822.npy,0,air_pick,train
train/train/air_pick/椋庣偖1200.npy,0,air_pick,train
train/train/air_pick/椋庣偖3543.npy,0,air_pick,train
train/train/air_pick/椋庣偖1709.npy,0,air_pick,train
train/train/air_pick/椋庣偖1379.npy,0,air_pick,train
train/train/air_pick/椋庣偖0085.npy,0,air_pick,train
train/train/air_pick/椋庣偖1299.npy,0,air_pick,train
train/train/air_pick/椋庣偖1940.npy,0,air_pick,train
train/train/air_pick/椋庣偖0159.npy,0,air_pick,train
train/train/air_pick/椋庣偖0888.npy,0,air_pick,train
train/train/air_pick/椋庣偖2421.npy,0,air_pick,train
train/train/air_pick/椋庣偖2043.npy,0,air_pick,train
train/train/air_pick/椋庣偖2453.npy,0,air_pick,train
train/train/air_pick/椋庣偖0989.npy,0,air_pick,train
train/train/air_pick/椋庣偖1032.npy,0,air_pick,train
train/train/air_pick/椋庣偖3851.npy,0,air_pick,train
train/train/air_pick/椋庣偖2432.npy,0,air_pick,train
train/train/air_pick/椋庣偖1008.npy,0,air_pick,train
train/train/air_pick/椋庣偖1434.npy,0,air_pick,train
train/train/air_pick/椋庣偖1322.npy,0,air_pick,train
train/train/air_pick/椋庣偖1734.npy,0,air_pick,train
train/train/air_pick/椋庣偖1596.npy,0,air_pick,train
train/train/air_pick/椋庣偖1897.npy,0,air_pick,train
train/train/air_pick/椋庣偖0801.npy,0,air_pick,train
train/train/air_pick/椋庣偖0620.npy,0,air_pick,train
train/train/air_pick/椋庣偖0901.npy,0,air_pick,train
train/train/air_pick/椋庣偖2939.npy,0,air_pick,train
train/train/air_pick/椋庣偖3560.npy,0,air_pick,train
train/train/air_pick/椋庣偖1877.npy,0,air_pick,train
train/train/air_pick/椋庣偖2137.npy,0,air_pick,train
train/train/air_pick/椋庣偖0794.npy,0,air_pick,train
train/train/air_pick/椋庣偖3877.npy,0,air_pick,train
train/train/air_pick/椋庣偖3671.npy,0,air_pick,train
train/train/air_pick/椋庣偖2839.npy,0,air_pick,train
train/train/air_pick/椋庣偖0605.npy,0,air_pick,train
train/train/air_pick/椋庣偖3054.npy,0,air_pick,train
train/train/air_pick/椋庣偖2000.npy,0,air_pick,train
train/train/air_pick/椋庣偖1556.npy,0,air_pick,train
train/train/air_pick/椋庣偖0155.npy,0,air_pick,train
train/train/air_pick/椋庣偖0990.npy,0,air_pick,train
train/train/air_pick/椋庣偖0271.npy,0,air_pick,train
train/train/air_pick/椋庣偖3711.npy,0,air_pick,train
train/train/air_pick/椋庣偖2735.npy,0,air_pick,train
train/train/air_pick/椋庣偖3676.npy,0,air_pick,train
train/train/air_pick/椋庣偖2351.npy,0,air_pick,train
train/train/air_pick/椋庣偖0183.npy,0,air_pick,train
train/train/air_pick/椋庣偖2700.npy,0,air_pick,train
train/train/air_pick/椋庣偖2512.npy,0,air_pick,train
train/train/air_pick/椋庣偖0478.npy,0,air_pick,train
train/train/air_pick/椋庣偖1448.npy,0,air_pick,train
train/train/air_pick/椋庣偖0714.npy,0,air_pick,train
train/train/air_pick/椋庣偖0577.npy,0,air_pick,train
train/train/air_pick/椋庣偖3515.npy,0,air_pick,train
train/train/air_pick/椋庣偖0124.npy,0,air_pick,train
train/train/air_pick/椋庣偖0059.npy,0,air_pick,train
train/train/air_pick/椋庣偖0375.npy,0,air_pick,train
train/train/air_pick/椋庣偖2102.npy,0,air_pick,train
train/train/air_pick/椋庣偖1578.npy,0,air_pick,train
train/train/air_pick/椋庣偖2046.npy,0,air_pick,train
train/train/air_pick/椋庣偖0482.npy,0,air_pick,train
train/train/air_pick/椋庣偖0708.npy,0,air_pick,train
train/train/air_pick/椋庣偖1233.npy,0,air_pick,train
train/train/air_pick/椋庣偖0576.npy,0,air_pick,train
train/train/air_pick/椋庣偖3441.npy,0,air_pick,train
train/train/air_pick/椋庣偖3423.npy,0,air_pick,train
train/train/air_pick/椋庣偖0903.npy,0,air_pick,train
train/train/air_pick/椋庣偖0597.npy,0,air_pick,train
train/train/air_pick/椋庣偖1576.npy,0,air_pick,train
train/train/air_pick/椋庣偖3864.npy,0,air_pick,train
train/train/air_pick/椋庣偖0832.npy,0,air_pick,train
train/train/air_pick/椋庣偖2806.npy,0,air_pick,train
train/train/air_pick/椋庣偖1549.npy,0,air_pick,train
train/train/air_pick/椋庣偖3499.npy,0,air_pick,train
train/train/air_pick/椋庣偖0644.npy,0,air_pick,train
train/train/air_pick/椋庣偖0584.npy,0,air_pick,train
train/train/air_pick/椋庣偖0650.npy,0,air_pick,train
train/train/air_pick/椋庣偖2681.npy,0,air_pick,train
train/train/air_pick/椋庣偖2094.npy,0,air_pick,train
train/train/air_pick/椋庣偖1082.npy,0,air_pick,train
train/train/air_pick/椋庣偖1720.npy,0,air_pick,train
train/train/air_pick/椋庣偖0565.npy,0,air_pick,train
train/train/air_pick/椋庣偖1717.npy,0,air_pick,train
train/train/air_pick/椋庣偖1569.npy,0,air_pick,train
train/train/air_pick/椋庣偖1050.npy,0,air_pick,train
train/train/air_pick/椋庣偖2209.npy,0,air_pick,train
train/train/air_pick/椋庣偖2718.npy,0,air_pick,train
train/train/air_pick/椋庣偖3785.npy,0,air_pick,train
train/train/air_pick/椋庣偖0399.npy,0,air_pick,train
train/train/air_pick/椋庣偖2760.npy,0,air_pick,train
train/train/air_pick/椋庣偖3457.npy,0,air_pick,train
train/train/air_pick/椋庣偖0887.npy,0,air_pick,train
train/train/air_pick/椋庣偖0037.npy,0,air_pick,train
train/train/air_pick/椋庣偖2861.npy,0,air_pick,train
train/train/air_pick/椋庣偖1827.npy,0,air_pick,train
train/train/air_pick/椋庣偖1756.npy,0,air_pick,train
train/train/air_pick/椋庣偖2460.npy,0,air_pick,train
train/train/air_pick/椋庣偖3487.npy,0,air_pick,train
train/train/air_pick/椋庣偖2236.npy,0,air_pick,train
train/train/air_pick/椋庣偖0137.npy,0,air_pick,train
train/train/air_pick/椋庣偖0616.npy,0,air_pick,train
train/train/air_pick/椋庣偖1745.npy,0,air_pick,train
train/train/air_pick/椋庣偖1015.npy,0,air_pick,train
train/train/air_pick/椋庣偖3821.npy,0,air_pick,train
train/train/air_pick/椋庣偖2274.npy,0,air_pick,train
train/train/air_pick/椋庣偖3858.npy,0,air_pick,train
train/train/air_pick/椋庣偖2313.npy,0,air_pick,train
train/train/air_pick/椋庣偖1736.npy,0,air_pick,train
train/train/air_pick/椋庣偖3483.npy,0,air_pick,train
train/train/air_pick/椋庣偖0527.npy,0,air_pick,train
train/train/air_pick/椋庣偖0351.npy,0,air_pick,train
train/train/air_pick/椋庣偖1198.npy,0,air_pick,train
train/train/air_pick/椋庣偖1515.npy,0,air_pick,train
train/train/air_pick/椋庣偖0205.npy,0,air_pick,train
train/train/air_pick/椋庣偖1179.npy,0,air_pick,train
train/train/air_pick/椋庣偖1594.npy,0,air_pick,train
train/train/air_pick/椋庣偖0559.npy,0,air_pick,train
train/train/air_pick/椋庣偖1531.npy,0,air_pick,train
train/train/air_pick/椋庣偖0570.npy,0,air_pick,train
train/train/air_pick/椋庣偖2672.npy,0,air_pick,train
train/train/air_pick/椋庣偖0211.npy,0,air_pick,train
train/train/air_pick/椋庣偖1952.npy,0,air_pick,train
train/train/air_pick/椋庣偖3744.npy,0,air_pick,train
train/train/air_pick/椋庣偖2051.npy,0,air_pick,train
train/train/air_pick/椋庣偖3074.npy,0,air_pick,train
train/train/air_pick/椋庣偖3565.npy,0,air_pick,train
train/train/air_pick/椋庣偖1728.npy,0,air_pick,train
train/train/air_pick/椋庣偖1942.npy,0,air_pick,train
train/train/air_pick/椋庣偖3584.npy,0,air_pick,train
train/train/air_pick/椋庣偖1616.npy,0,air_pick,train
train/train/air_pick/椋庣偖1119.npy,0,air_pick,train
train/train/air_pick/椋庣偖2979.npy,0,air_pick,train
train/train/air_pick/椋庣偖1381.npy,0,air_pick,train
train/train/air_pick/椋庣偖2486.npy,0,air_pick,train
train/train/air_pick/椋庣偖2787.npy,0,air_pick,train
train/train/air_pick/椋庣偖2873.npy,0,air_pick,train
train/train/air_pick/椋庣偖0345.npy,0,air_pick,train
train/train/air_pick/椋庣偖1950.npy,0,air_pick,train
train/train/air_pick/椋庣偖2693.npy,0,air_pick,train
train/train/air_pick/椋庣偖0787.npy,0,air_pick,train
train/train/air_pick/椋庣偖0145.npy,0,air_pick,train
train/train/air_pick/椋庣偖3648.npy,0,air_pick,train
train/train/air_pick/椋庣偖3544.npy,0,air_pick,train
train/train/air_pick/椋庣偖0488.npy,0,air_pick,train
train/train/air_pick/椋庣偖0562.npy,0,air_pick,train
train/train/air_pick/椋庣偖1114.npy,0,air_pick,train
train/train/air_pick/椋庣偖3424.npy,0,air_pick,train
train/train/air_pick/椋庣偖1465.npy,0,air_pick,train
train/train/air_pick/椋庣偖1793.npy,0,air_pick,train
train/train/air_pick/椋庣偖2632.npy,0,air_pick,train
train/train/air_pick/椋庣偖2156.npy,0,air_pick,train
train/train/air_pick/椋庣偖2452.npy,0,air_pick,train
train/train/air_pick/椋庣偖1970.npy,0,air_pick,train
train/train/air_pick/椋庣偖1362.npy,0,air_pick,train
train/train/air_pick/椋庣偖1092.npy,0,air_pick,train
train/train/air_pick/椋庣偖0251.npy,0,air_pick,train
train/train/air_pick/椋庣偖0984.npy,0,air_pick,train
train/train/air_pick/椋庣偖0966.npy,0,air_pick,train
train/train/air_pick/椋庣偖2106.npy,0,air_pick,train
train/train/air_pick/椋庣偖3058.npy,0,air_pick,train
train/train/air_pick/椋庣偖0690.npy,0,air_pick,train
train/train/air_pick/椋庣偖1733.npy,0,air_pick,train
train/train/air_pick/椋庣偖0667.npy,0,air_pick,train
train/train/air_pick/椋庣偖0287.npy,0,air_pick,train
train/train/air_pick/椋庣偖3718.npy,0,air_pick,train
train/train/air_pick/椋庣偖2780.npy,0,air_pick,train
train/train/air_pick/椋庣偖0545.npy,0,air_pick,train
train/train/air_pick/椋庣偖2215.npy,0,air_pick,train
train/train/air_pick/椋庣偖0160.npy,0,air_pick,train
train/train/air_pick/椋庣偖2659.npy,0,air_pick,train
train/train/air_pick/椋庣偖3559.npy,0,air_pick,train
train/train/air_pick/椋庣偖3755.npy,0,air_pick,train
train/train/air_pick/椋庣偖0807.npy,0,air_pick,train
train/train/air_pick/椋庣偖0058.npy,0,air_pick,train
train/train/air_pick/椋庣偖0462.npy,0,air_pick,train
train/train/air_pick/椋庣偖2970.npy,0,air_pick,train
train/train/air_pick/椋庣偖1802.npy,0,air_pick,train
train/train/air_pick/椋庣偖1349.npy,0,air_pick,train
train/train/air_pick/椋庣偖1579.npy,0,air_pick,train
train/train/air_pick/椋庣偖0261.npy,0,air_pick,train
train/train/air_pick/椋庣偖0398.npy,0,air_pick,train
train/train/air_pick/椋庣偖3646.npy,0,air_pick,train
train/train/air_pick/椋庣偖0190.npy,0,air_pick,train
train/train/air_pick/椋庣偖0764.npy,0,air_pick,train
train/train/air_pick/椋庣偖2609.npy,0,air_pick,train
train/train/air_pick/椋庣偖2623.npy,0,air_pick,train
train/train/air_pick/椋庣偖0459.npy,0,air_pick,train
train/train/air_pick/椋庣偖3067.npy,0,air_pick,train
train/train/air_pick/椋庣偖0162.npy,0,air_pick,train
train/train/air_pick/椋庣偖2853.npy,0,air_pick,train
train/train/air_pick/椋庣偖2685.npy,0,air_pick,train
train/train/air_pick/椋庣偖2471.npy,0,air_pick,train
train/train/air_pick/椋庣偖0503.npy,0,air_pick,train
train/train/air_pick/椋庣偖1259.npy,0,air_pick,train
train/train/air_pick/椋庣偖1023.npy,0,air_pick,train
train/train/air_pick/椋庣偖2328.npy,0,air_pick,train
train/train/air_pick/椋庣偖3677.npy,0,air_pick,train
train/train/air_pick/椋庣偖2147.npy,0,air_pick,train
train/train/air_pick/椋庣偖3863.npy,0,air_pick,train
train/train/air_pick/椋庣偖1317.npy,0,air_pick,train
train/train/air_pick/椋庣偖3512.npy,0,air_pick,train
train/train/air_pick/椋庣偖2917.npy,0,air_pick,train
train/train/air_pick/椋庣偖2903.npy,0,air_pick,train
train/train/air_pick/椋庣偖2226.npy,0,air_pick,train
train/train/air_pick/椋庣偖1540.npy,0,air_pick,train
train/train/air_pick/椋庣偖1809.npy,0,air_pick,train
train/train/air_pick/椋庣偖0366.npy,0,air_pick,train
train/train/air_pick/椋庣偖1861.npy,0,air_pick,train
train/train/air_pick/椋庣偖1253.npy,0,air_pick,train
train/train/air_pick/椋庣偖1377.npy,0,air_pick,train
train/train/air_pick/椋庣偖1732.npy,0,air_pick,train
train/train/air_pick/椋庣偖0707.npy,0,air_pick,train
train/train/air_pick/椋庣偖1836.npy,0,air_pick,train
train/train/air_pick/椋庣偖2132.npy,0,air_pick,train
train/train/air_pick/椋庣偖2709.npy,0,air_pick,train
train/train/air_pick/椋庣偖3855.npy,0,air_pick,train
train/train/air_pick/椋庣偖2607.npy,0,air_pick,train
train/train/air_pick/椋庣偖3873.npy,0,air_pick,train
train/train/air_pick/椋庣偖2937.npy,0,air_pick,train
train/train/air_pick/椋庣偖2407.npy,0,air_pick,train
train/train/air_pick/椋庣偖2570.npy,0,air_pick,train
train/train/air_pick/椋庣偖2818.npy,0,air_pick,train
train/train/air_pick/椋庣偖0438.npy,0,air_pick,train
train/train/air_pick/椋庣偖3484.npy,0,air_pick,train
train/train/air_pick/椋庣偖2248.npy,0,air_pick,train
train/train/air_pick/椋庣偖1275.npy,0,air_pick,train
train/train/air_pick/椋庣偖2305.npy,0,air_pick,train
train/train/air_pick/椋庣偖1065.npy,0,air_pick,train
train/train/air_pick/椋庣偖0805.npy,0,air_pick,train
train/train/air_pick/椋庣偖0295.npy,0,air_pick,train
train/train/air_pick/椋庣偖0746.npy,0,air_pick,train
train/train/air_pick/椋庣偖0423.npy,0,air_pick,train
train/train/air_pick/椋庣偖0118.npy,0,air_pick,train
train/train/air_pick/椋庣偖3448.npy,0,air_pick,train
train/train/air_pick/椋庣偖1842.npy,0,air_pick,train
train/train/air_pick/椋庣偖2263.npy,0,air_pick,train
train/train/air_pick/椋庣偖3680.npy,0,air_pick,train
train/train/air_pick/椋庣偖1553.npy,0,air_pick,train
train/train/air_pick/椋庣偖0054.npy,0,air_pick,train
train/train/air_pick/椋庣偖3602.npy,0,air_pick,train
train/train/air_pick/椋庣偖2061.npy,0,air_pick,train
train/train/air_pick/椋庣偖1214.npy,0,air_pick,train
train/train/air_pick/椋庣偖1294.npy,0,air_pick,train
train/train/air_pick/椋庣偖1238.npy,0,air_pick,train
train/train/air_pick/椋庣偖0446.npy,0,air_pick,train
train/train/air_pick/椋庣偖1308.npy,0,air_pick,train
train/train/air_pick/椋庣偖0781.npy,0,air_pick,train
train/train/air_pick/椋庣偖3492.npy,0,air_pick,train
train/train/air_pick/椋庣偖2423.npy,0,air_pick,train
train/train/air_pick/椋庣偖1123.npy,0,air_pick,train
train/train/air_pick/椋庣偖2187.npy,0,air_pick,train
train/train/air_pick/椋庣偖2686.npy,0,air_pick,train
train/train/air_pick/椋庣偖0397.npy,0,air_pick,train
train/train/air_pick/椋庣偖2011.npy,0,air_pick,train
train/train/air_pick/椋庣偖0962.npy,0,air_pick,train
train/train/air_pick/椋庣偖0320.npy,0,air_pick,train
train/train/air_pick/椋庣偖2294.npy,0,air_pick,train
train/train/air_pick/椋庣偖3425.npy,0,air_pick,train
train/train/air_pick/椋庣偖2239.npy,0,air_pick,train
train/train/air_pick/椋庣偖0264.npy,0,air_pick,train
train/train/air_pick/椋庣偖3722.npy,0,air_pick,train
train/train/air_pick/椋庣偖2513.npy,0,air_pick,train
train/train/air_pick/椋庣偖3792.npy,0,air_pick,train
train/train/air_pick/椋庣偖3485.npy,0,air_pick,train
train/train/air_pick/椋庣偖2743.npy,0,air_pick,train
train/train/air_pick/椋庣偖0325.npy,0,air_pick,train
train/train/air_pick/椋庣偖1941.npy,0,air_pick,train
train/train/air_pick/椋庣偖2529.npy,0,air_pick,train
train/train/air_pick/椋庣偖3781.npy,0,air_pick,train
train/train/air_pick/椋庣偖1544.npy,0,air_pick,train
train/train/air_pick/椋庣偖0930.npy,0,air_pick,train
train/train/air_pick/椋庣偖1286.npy,0,air_pick,train
train/train/air_pick/椋庣偖3008.npy,0,air_pick,train
train/train/air_pick/椋庣偖2290.npy,0,air_pick,train
train/train/air_pick/椋庣偖1669.npy,0,air_pick,train
train/train/air_pick/椋庣偖2854.npy,0,air_pick,train
train/train/air_pick/椋庣偖2645.npy,0,air_pick,train
train/train/air_pick/椋庣偖2828.npy,0,air_pick,train
train/train/air_pick/椋庣偖1775.npy,0,air_pick,train
train/train/air_pick/椋庣偖0987.npy,0,air_pick,train
train/train/air_pick/椋庣偖0515.npy,0,air_pick,train
train/train/air_pick/椋庣偖2642.npy,0,air_pick,train
train/train/air_pick/椋庣偖3787.npy,0,air_pick,train
train/train/air_pick/椋庣偖3506.npy,0,air_pick,train
train/train/air_pick/椋庣偖2042.npy,0,air_pick,train
train/train/air_pick/椋庣偖1127.npy,0,air_pick,train
train/train/air_pick/椋庣偖0414.npy,0,air_pick,train
train/train/air_pick/椋庣偖1351.npy,0,air_pick,train
train/train/air_pick/椋庣偖2153.npy,0,air_pick,train
train/train/air_pick/椋庣偖0915.npy,0,air_pick,train
train/train/air_pick/椋庣偖1746.npy,0,air_pick,train
train/train/air_pick/椋庣偖0485.npy,0,air_pick,train
train/train/air_pick/椋庣偖3740.npy,0,air_pick,train
train/train/air_pick/椋庣偖2491.npy,0,air_pick,train
train/train/air_pick/椋庣偖2258.npy,0,air_pick,train
train/train/air_pick/椋庣偖3777.npy,0,air_pick,train
train/train/air_pick/椋庣偖3433.npy,0,air_pick,train
train/train/air_pick/椋庣偖0938.npy,0,air_pick,train
train/train/air_pick/椋庣偖2275.npy,0,air_pick,train
train/train/air_pick/椋庣偖2431.npy,0,air_pick,train
train/train/air_pick/椋庣偖1278.npy,0,air_pick,train
train/train/air_pick/椋庣偖0886.npy,0,air_pick,train
train/train/air_pick/椋庣偖1041.npy,0,air_pick,train
train/train/air_pick/椋庣偖3003.npy,0,air_pick,train
train/train/air_pick/椋庣偖3426.npy,0,air_pick,train
train/train/air_pick/椋庣偖1949.npy,0,air_pick,train
train/train/air_pick/椋庣偖0355.npy,0,air_pick,train
train/train/air_pick/椋庣偖1402.npy,0,air_pick,train
train/train/air_pick/椋庣偖0270.npy,0,air_pick,train
train/train/air_pick/椋庣偖0836.npy,0,air_pick,train
train/train/air_pick/椋庣偖0926.npy,0,air_pick,train
train/train/air_pick/椋庣偖2616.npy,0,air_pick,train
train/train/air_pick/椋庣偖2508.npy,0,air_pick,train
train/train/air_pick/椋庣偖2757.npy,0,air_pick,train
train/train/air_pick/椋庣偖2067.npy,0,air_pick,train
train/train/air_pick/椋庣偖1186.npy,0,air_pick,train
train/train/air_pick/椋庣偖2064.npy,0,air_pick,train
train/train/air_pick/椋庣偖1089.npy,0,air_pick,train
train/train/air_pick/椋庣偖2356.npy,0,air_pick,train
train/train/air_pick/椋庣偖2121.npy,0,air_pick,train
train/train/air_pick/椋庣偖1099.npy,0,air_pick,train
train/train/air_pick/椋庣偖0052.npy,0,air_pick,train
train/train/air_pick/椋庣偖1552.npy,0,air_pick,train
train/train/air_pick/椋庣偖1396.npy,0,air_pick,train
train/train/air_pick/椋庣偖3057.npy,0,air_pick,train
train/train/air_pick/椋庣偖3587.npy,0,air_pick,train
train/train/air_pick/椋庣偖2781.npy,0,air_pick,train
train/train/air_pick/椋庣偖1307.npy,0,air_pick,train
train/train/air_pick/椋庣偖2934.npy,0,air_pick,train
train/train/air_pick/椋庣偖1967.npy,0,air_pick,train
train/train/air_pick/椋庣偖3617.npy,0,air_pick,train
train/train/air_pick/椋庣偖1697.npy,0,air_pick,train
train/train/air_pick/椋庣偖2863.npy,0,air_pick,train
train/train/air_pick/椋庣偖2622.npy,0,air_pick,train
train/train/air_pick/椋庣偖0456.npy,0,air_pick,train
train/train/air_pick/椋庣偖3581.npy,0,air_pick,train
train/train/air_pick/椋庣偖2514.npy,0,air_pick,train
train/train/air_pick/椋庣偖2706.npy,0,air_pick,train
train/train/air_pick/椋庣偖1173.npy,0,air_pick,train
train/train/air_pick/椋庣偖1051.npy,0,air_pick,train
train/train/air_pick/椋庣偖2297.npy,0,air_pick,train
train/train/air_pick/椋庣偖1915.npy,0,air_pick,train
train/train/air_pick/椋庣偖0830.npy,0,air_pick,train
train/train/air_pick/椋庣偖0778.npy,0,air_pick,train
train/train/air_pick/椋庣偖1316.npy,0,air_pick,train
train/train/air_pick/椋庣偖0227.npy,0,air_pick,train
train/train/air_pick/椋庣偖0247.npy,0,air_pick,train
train/train/air_pick/椋庣偖2476.npy,0,air_pick,train
train/train/air_pick/椋庣偖2769.npy,0,air_pick,train
train/train/air_pick/椋庣偖1252.npy,0,air_pick,train
train/train/air_pick/椋庣偖3577.npy,0,air_pick,train
train/train/air_pick/椋庣偖1679.npy,0,air_pick,train
train/train/air_pick/椋庣偖2218.npy,0,air_pick,train
train/train/air_pick/椋庣偖1824.npy,0,air_pick,train
train/train/air_pick/椋庣偖0294.npy,0,air_pick,train
train/train/air_pick/椋庣偖1046.npy,0,air_pick,train
train/train/air_pick/椋庣偖2798.npy,0,air_pick,train
train/train/air_pick/椋庣偖0089.npy,0,air_pick,train
train/train/air_pick/椋庣偖0661.npy,0,air_pick,train
train/train/air_pick/椋庣偖1911.npy,0,air_pick,train
train/train/air_pick/椋庣偖3550.npy,0,air_pick,train
train/train/air_pick/椋庣偖2717.npy,0,air_pick,train
train/train/air_pick/椋庣偖1158.npy,0,air_pick,train
train/train/air_pick/椋庣偖1969.npy,0,air_pick,train
train/train/air_pick/椋庣偖2572.npy,0,air_pick,train
train/train/air_pick/椋庣偖2157.npy,0,air_pick,train
train/train/air_pick/椋庣偖3469.npy,0,air_pick,train
train/train/air_pick/椋庣偖0494.npy,0,air_pick,train
train/train/air_pick/椋庣偖2900.npy,0,air_pick,train
train/train/air_pick/椋庣偖3760.npy,0,air_pick,train
train/train/air_pick/椋庣偖2545.npy,0,air_pick,train
train/train/air_pick/椋庣偖1737.npy,0,air_pick,train
train/train/air_pick/椋庣偖3579.npy,0,air_pick,train
train/train/air_pick/椋庣偖2882.npy,0,air_pick,train
train/train/air_pick/椋庣偖2846.npy,0,air_pick,train
train/train/air_pick/椋庣偖2567.npy,0,air_pick,train
train/train/air_pick/椋庣偖2648.npy,0,air_pick,train
train/train/air_pick/椋庣偖1649.npy,0,air_pick,train
train/train/air_pick/椋庣偖3539.npy,0,air_pick,train
train/train/air_pick/椋庣偖1561.npy,0,air_pick,train
train/train/air_pick/椋庣偖0604.npy,0,air_pick,train
train/train/air_pick/椋庣偖0816.npy,0,air_pick,train
train/train/air_pick/椋庣偖2406.npy,0,air_pick,train
train/train/air_pick/椋庣偖3745.npy,0,air_pick,train
train/train/air_pick/椋庣偖1513.npy,0,air_pick,train
train/train/air_pick/椋庣偖0809.npy,0,air_pick,train
train/train/air_pick/椋庣偖1880.npy,0,air_pick,train
train/train/air_pick/椋庣偖3511.npy,0,air_pick,train
train/train/air_pick/椋庣偖0867.npy,0,air_pick,train
train/train/air_pick/椋庣偖1315.npy,0,air_pick,train
train/train/air_pick/椋庣偖2229.npy,0,air_pick,train
train/train/air_pick/椋庣偖3716.npy,0,air_pick,train
train/train/air_pick/椋庣偖1896.npy,0,air_pick,train
train/train/air_pick/椋庣偖2635.npy,0,air_pick,train
train/train/air_pick/椋庣偖1786.npy,0,air_pick,train
train/train/air_pick/椋庣偖2170.npy,0,air_pick,train
train/train/air_pick/椋庣偖0948.npy,0,air_pick,train
train/train/air_pick/椋庣偖0391.npy,0,air_pick,train
train/train/air_pick/椋庣偖2213.npy,0,air_pick,train
train/train/air_pick/椋庣偖2497.npy,0,air_pick,train
train/train/air_pick/椋庣偖0838.npy,0,air_pick,train
train/train/air_pick/椋庣偖3611.npy,0,air_pick,train
train/train/air_pick/椋庣偖0401.npy,0,air_pick,train
train/train/air_pick/椋庣偖2044.npy,0,air_pick,train
train/train/air_pick/椋庣偖1901.npy,0,air_pick,train
train/train/air_pick/椋庣偖0149.npy,0,air_pick,train
train/train/air_pick/椋庣偖2942.npy,0,air_pick,train
train/train/air_pick/椋庣偖3852.npy,0,air_pick,train
train/train/air_pick/椋庣偖3472.npy,0,air_pick,train
train/train/air_pick/椋庣偖1279.npy,0,air_pick,train
train/train/air_pick/椋庣偖2085.npy,0,air_pick,train
train/train/air_pick/椋庣偖0428.npy,0,air_pick,train
train/train/air_pick/椋庣偖1742.npy,0,air_pick,train
train/train/air_pick/椋庣偖3066.npy,0,air_pick,train
train/train/air_pick/椋庣偖2614.npy,0,air_pick,train
train/train/air_pick/椋庣偖2817.npy,0,air_pick,train
train/train/air_pick/椋庣偖0949.npy,0,air_pick,train
train/train/air_pick/椋庣偖0013.npy,0,air_pick,train
train/train/air_pick/椋庣偖1885.npy,0,air_pick,train
train/train/air_pick/椋庣偖2775.npy,0,air_pick,train
train/train/air_pick/椋庣偖1182.npy,0,air_pick,train
train/train/air_pick/椋庣偖2847.npy,0,air_pick,train
train/train/air_pick/椋庣偖0095.npy,0,air_pick,train
train/train/air_pick/椋庣偖2894.npy,0,air_pick,train
train/train/air_pick/椋庣偖2396.npy,0,air_pick,train
train/train/air_pick/椋庣偖2535.npy,0,air_pick,train
train/train/air_pick/椋庣偖1199.npy,0,air_pick,train
train/train/air_pick/椋庣偖1365.npy,0,air_pick,train
train/train/air_pick/椋庣偖1117.npy,0,air_pick,train
train/train/air_pick/椋庣偖1210.npy,0,air_pick,train
train/train/air_pick/椋庣偖2548.npy,0,air_pick,train
train/train/air_pick/椋庣偖3056.npy,0,air_pick,train
train/train/air_pick/椋庣偖1287.npy,0,air_pick,train
train/train/air_pick/椋庣偖2459.npy,0,air_pick,train
train/train/air_pick/椋庣偖1281.npy,0,air_pick,train
train/train/air_pick/椋庣偖1056.npy,0,air_pick,train
train/train/air_pick/椋庣偖2364.npy,0,air_pick,train
train/train/air_pick/椋庣偖2299.npy,0,air_pick,train
train/train/air_pick/椋庣偖1007.npy,0,air_pick,train
train/train/air_pick/椋庣偖3614.npy,0,air_pick,train
train/train/air_pick/椋庣偖3667.npy,0,air_pick,train
train/train/air_pick/椋庣偖1530.npy,0,air_pick,train
train/train/air_pick/椋庣偖3480.npy,0,air_pick,train
train/train/air_pick/椋庣偖3642.npy,0,air_pick,train
train/train/air_pick/椋庣偖0844.npy,0,air_pick,train
train/train/air_pick/椋庣偖0760.npy,0,air_pick,train
train/train/air_pick/椋庣偖2001.npy,0,air_pick,train
train/train/air_pick/椋庣偖2424.npy,0,air_pick,train
train/train/air_pick/椋庣偖3616.npy,0,air_pick,train
train/train/air_pick/椋庣偖1573.npy,0,air_pick,train
train/train/air_pick/椋庣偖1442.npy,0,air_pick,train
train/train/air_pick/椋庣偖1954.npy,0,air_pick,train
train/train/air_pick/椋庣偖3465.npy,0,air_pick,train
train/train/air_pick/椋庣偖2318.npy,0,air_pick,train
train/train/air_pick/椋庣偖3415.npy,0,air_pick,train
train/train/air_pick/椋庣偖0986.npy,0,air_pick,train
train/train/air_pick/椋庣偖2836.npy,0,air_pick,train
train/train/air_pick/椋庣偖1951.npy,0,air_pick,train
train/train/air_pick/椋庣偖0161.npy,0,air_pick,train
train/train/air_pick/椋庣偖2440.npy,0,air_pick,train
train/train/air_pick/椋庣偖1240.npy,0,air_pick,train
train/train/air_pick/椋庣偖2255.npy,0,air_pick,train
train/train/air_pick/椋庣偖1630.npy,0,air_pick,train
train/train/air_pick/椋庣偖3514.npy,0,air_pick,train
train/train/air_pick/椋庣偖2555.npy,0,air_pick,train
train/train/air_pick/椋庣偖1042.npy,0,air_pick,train
train/train/air_pick/椋庣偖2713.npy,0,air_pick,train
train/train/air_pick/椋庣偖2571.npy,0,air_pick,train
train/train/air_pick/椋庣偖1181.npy,0,air_pick,train
train/train/air_pick/椋庣偖0893.npy,0,air_pick,train
train/train/air_pick/椋庣偖2253.npy,0,air_pick,train
train/train/air_pick/椋庣偖2383.npy,0,air_pick,train
train/train/air_pick/椋庣偖0458.npy,0,air_pick,train
train/train/air_pick/椋庣偖3625.npy,0,air_pick,train
train/train/air_pick/椋庣偖0076.npy,0,air_pick,train
train/train/air_pick/椋庣偖1602.npy,0,air_pick,train
train/train/air_pick/椋庣偖1545.npy,0,air_pick,train
train/train/air_pick/椋庣偖2410.npy,0,air_pick,train
train/train/air_pick/椋庣偖3679.npy,0,air_pick,train
train/train/air_pick/椋庣偖1534.npy,0,air_pick,train
train/train/air_pick/椋庣偖1595.npy,0,air_pick,train
train/train/air_pick/椋庣偖3813.npy,0,air_pick,train
train/train/air_pick/椋庣偖2455.npy,0,air_pick,train
train/train/air_pick/椋庣偖3820.npy,0,air_pick,train
train/train/air_pick/椋庣偖3025.npy,0,air_pick,train
train/train/air_pick/椋庣偖1028.npy,0,air_pick,train
train/train/air_pick/椋庣偖3496.npy,0,air_pick,train
train/train/air_pick/椋庣偖2608.npy,0,air_pick,train
train/train/air_pick/椋庣偖1505.npy,0,air_pick,train
train/train/air_pick/椋庣偖0499.npy,0,air_pick,train
train/train/air_pick/椋庣偖0323.npy,0,air_pick,train
train/train/air_pick/椋庣偖0093.npy,0,air_pick,train
train/train/air_pick/椋庣偖0862.npy,0,air_pick,train
train/train/air_pick/椋庣偖3742.npy,0,air_pick,train
train/train/air_pick/椋庣偖1022.npy,0,air_pick,train
train/train/air_pick/椋庣偖1363.npy,0,air_pick,train
train/train/air_pick/椋庣偖0840.npy,0,air_pick,train
train/train/air_pick/椋庣偖2811.npy,0,air_pick,train
train/train/air_pick/椋庣偖1413.npy,0,air_pick,train
train/train/air_pick/椋庣偖0564.npy,0,air_pick,train
train/train/air_pick/椋庣偖2080.npy,0,air_pick,train
train/train/air_pick/椋庣偖0364.npy,0,air_pick,train
train/train/air_pick/椋庣偖2715.npy,0,air_pick,train
train/train/air_pick/椋庣偖0440.npy,0,air_pick,train
train/train/air_pick/椋庣偖0633.npy,0,air_pick,train
train/train/air_pick/椋庣偖3629.npy,0,air_pick,train
train/train/air_pick/椋庣偖1393.npy,0,air_pick,train
train/train/air_pick/椋庣偖0642.npy,0,air_pick,train
train/train/air_pick/椋庣偖1900.npy,0,air_pick,train
train/train/air_pick/椋庣偖2464.npy,0,air_pick,train
train/train/air_pick/椋庣偖2500.npy,0,air_pick,train
train/train/air_pick/椋庣偖0081.npy,0,air_pick,train
train/train/air_pick/椋庣偖3846.npy,0,air_pick,train
train/train/air_pick/椋庣偖0820.npy,0,air_pick,train
train/train/air_pick/椋庣偖0432.npy,0,air_pick,train
train/train/air_pick/椋庣偖1394.npy,0,air_pick,train
train/train/air_pick/椋庣偖2359.npy,0,air_pick,train
train/train/air_pick/椋庣偖2921.npy,0,air_pick,train
train/train/air_pick/椋庣偖0450.npy,0,air_pick,train
train/train/air_pick/椋庣偖3454.npy,0,air_pick,train
train/train/air_pick/椋庣偖1610.npy,0,air_pick,train
train/train/air_pick/椋庣偖1564.npy,0,air_pick,train
train/train/air_pick/椋庣偖3669.npy,0,air_pick,train
train/train/air_pick/椋庣偖0721.npy,0,air_pick,train
train/train/air_pick/椋庣偖2154.npy,0,air_pick,train
train/train/air_pick/椋庣偖1146.npy,0,air_pick,train
train/train/air_pick/椋庣偖2936.npy,0,air_pick,train
train/train/air_pick/椋庣偖1420.npy,0,air_pick,train
train/train/air_pick/椋庣偖3881.npy,0,air_pick,train
train/train/air_pick/椋庣偖0533.npy,0,air_pick,train
train/train/air_pick/椋庣偖2778.npy,0,air_pick,train
train/train/air_pick/椋庣偖1408.npy,0,air_pick,train
train/train/air_pick/椋庣偖0105.npy,0,air_pick,train
train/train/air_pick/椋庣偖2314.npy,0,air_pick,train
train/train/air_pick/椋庣偖1371.npy,0,air_pick,train
train/train/air_pick/椋庣偖3592.npy,0,air_pick,train
train/train/air_pick/椋庣偖3761.npy,0,air_pick,train
train/train/air_pick/椋庣偖0978.npy,0,air_pick,train
train/train/air_pick/椋庣偖3750.npy,0,air_pick,train
train/train/air_pick/椋庣偖2087.npy,0,air_pick,train
train/train/air_pick/椋庣偖0339.npy,0,air_pick,train
train/train/air_pick/椋庣偖0961.npy,0,air_pick,train
train/train/air_pick/椋庣偖3590.npy,0,air_pick,train
train/train/air_pick/椋庣偖0525.npy,0,air_pick,train
train/train/air_pick/椋庣偖2237.npy,0,air_pick,train
train/train/air_pick/椋庣偖3489.npy,0,air_pick,train
train/train/air_pick/椋庣偖0732.npy,0,air_pick,train
train/train/air_pick/椋庣偖1507.npy,0,air_pick,train
train/train/air_pick/椋庣偖0005.npy,0,air_pick,train
train/train/air_pick/椋庣偖1621.npy,0,air_pick,train
train/train/air_pick/椋庣偖0442.npy,0,air_pick,train
train/train/air_pick/椋庣偖1353.npy,0,air_pick,train
train/train/air_pick/椋庣偖0861.npy,0,air_pick,train
train/train/air_pick/椋庣偖1409.npy,0,air_pick,train
train/train/air_pick/椋庣偖1356.npy,0,air_pick,train
train/train/air_pick/椋庣偖1383.npy,0,air_pick,train
train/train/air_pick/椋庣偖1528.npy,0,air_pick,train
train/train/air_pick/椋庣偖1324.npy,0,air_pick,train
train/train/air_pick/椋庣偖2926.npy,0,air_pick,train
train/train/air_pick/椋庣偖3516.npy,0,air_pick,train
train/train/air_pick/椋庣偖1194.npy,0,air_pick,train
train/train/air_pick/椋庣偖0851.npy,0,air_pick,train
train/train/air_pick/椋庣偖3525.npy,0,air_pick,train
train/train/air_pick/椋庣偖0301.npy,0,air_pick,train
train/train/air_pick/椋庣偖1626.npy,0,air_pick,train
train/train/air_pick/椋庣偖1735.npy,0,air_pick,train
train/train/air_pick/椋庣偖1810.npy,0,air_pick,train
train/train/air_pick/椋庣偖2035.npy,0,air_pick,train
train/train/air_pick/椋庣偖0063.npy,0,air_pick,train
train/train/air_pick/椋庣偖1532.npy,0,air_pick,train
train/train/air_pick/椋庣偖0718.npy,0,air_pick,train
train/train/air_pick/椋庣偖1623.npy,0,air_pick,train
train/train/air_pick/椋庣偖1245.npy,0,air_pick,train
train/train/air_pick/椋庣偖0998.npy,0,air_pick,train
train/train/air_pick/椋庣偖1992.npy,0,air_pick,train
train/train/air_pick/椋庣偖2702.npy,0,air_pick,train
train/train/air_pick/椋庣偖3513.npy,0,air_pick,train
train/train/air_pick/椋庣偖1499.npy,0,air_pick,train
train/train/air_pick/椋庣偖1508.npy,0,air_pick,train
train/train/air_pick/椋庣偖2377.npy,0,air_pick,train
train/train/air_pick/椋庣偖0279.npy,0,air_pick,train
train/train/air_pick/椋庣偖0277.npy,0,air_pick,train
train/train/air_pick/椋庣偖2967.npy,0,air_pick,train
train/train/air_pick/椋庣偖0349.npy,0,air_pick,train
train/train/air_pick/椋庣偖2015.npy,0,air_pick,train
train/train/air_pick/椋庣偖3849.npy,0,air_pick,train
train/train/air_pick/椋庣偖1211.npy,0,air_pick,train
train/train/air_pick/椋庣偖0065.npy,0,air_pick,train
train/train/air_pick/椋庣偖0049.npy,0,air_pick,train
train/train/air_pick/椋庣偖3471.npy,0,air_pick,train
train/train/air_pick/椋庣偖0410.npy,0,air_pick,train
train/train/air_pick/椋庣偖0689.npy,0,air_pick,train
train/train/air_pick/椋庣偖1661.npy,0,air_pick,train
train/train/air_pick/椋庣偖2225.npy,0,air_pick,train
train/train/air_pick/椋庣偖0534.npy,0,air_pick,train
train/train/air_pick/椋庣偖2165.npy,0,air_pick,train
train/train/air_pick/椋庣偖2420.npy,0,air_pick,train
train/train/air_pick/椋庣偖3412.npy,0,air_pick,train
train/train/air_pick/椋庣偖2676.npy,0,air_pick,train
train/train/air_pick/椋庣偖2869.npy,0,air_pick,train
train/train/air_pick/椋庣偖0669.npy,0,air_pick,train
train/train/air_pick/椋庣偖2111.npy,0,air_pick,train
train/train/air_pick/椋庣偖0735.npy,0,air_pick,train
train/train/air_pick/椋庣偖2999.npy,0,air_pick,train
train/train/air_pick/椋庣偖1524.npy,0,air_pick,train
train/train/air_pick/椋庣偖3073.npy,0,air_pick,train
train/train/air_pick/椋庣偖0042.npy,0,air_pick,train
train/train/air_pick/椋庣偖1658.npy,0,air_pick,train
train/train/air_pick/椋庣偖0167.npy,0,air_pick,train
train/train/air_pick/椋庣偖2857.npy,0,air_pick,train
train/train/air_pick/椋庣偖3478.npy,0,air_pick,train
train/train/air_pick/椋庣偖2361.npy,0,air_pick,train
train/train/air_pick/椋庣偖2344.npy,0,air_pick,train
train/train/air_pick/椋庣偖1526.npy,0,air_pick,train
train/train/air_pick/椋庣偖0490.npy,0,air_pick,train
train/train/air_pick/椋庣偖2591.npy,0,air_pick,train
train/train/air_pick/椋庣偖0641.npy,0,air_pick,train
train/train/air_pick/椋庣偖0290.npy,0,air_pick,train
train/train/air_pick/椋庣偖2665.npy,0,air_pick,train
train/train/air_pick/椋庣偖3692.npy,0,air_pick,train
train/train/air_pick/椋庣偖1987.npy,0,air_pick,train
train/train/air_pick/椋庣偖2827.npy,0,air_pick,train
train/train/air_pick/椋庣偖2958.npy,0,air_pick,train
train/train/air_pick/椋庣偖2260.npy,0,air_pick,train
train/train/air_pick/椋庣偖3027.npy,0,air_pick,train
train/train/air_pick/椋庣偖0555.npy,0,air_pick,train
train/train/air_pick/椋庣偖1058.npy,0,air_pick,train
train/train/air_pick/椋庣偖2720.npy,0,air_pick,train
train/train/air_pick/椋庣偖2365.npy,0,air_pick,train
train/train/air_pick/椋庣偖1081.npy,0,air_pick,train
train/train/air_pick/椋庣偖1815.npy,0,air_pick,train
train/train/air_pick/椋庣偖0535.npy,0,air_pick,train
train/train/air_pick/椋庣偖1956.npy,0,air_pick,train
train/train/air_pick/椋庣偖1296.npy,0,air_pick,train
train/train/air_pick/椋庣偖1039.npy,0,air_pick,train
train/train/air_pick/椋庣偖2480.npy,0,air_pick,train
train/train/air_pick/椋庣偖1527.npy,0,air_pick,train
train/train/air_pick/椋庣偖0828.npy,0,air_pick,train
train/train/air_pick/椋庣偖2669.npy,0,air_pick,train
train/train/air_pick/椋庣偖1161.npy,0,air_pick,train
train/train/air_pick/椋庣偖1726.npy,0,air_pick,train
train/train/air_pick/椋庣偖2335.npy,0,air_pick,train
train/train/air_pick/椋庣偖2499.npy,0,air_pick,train
train/train/air_pick/椋庣偖1013.npy,0,air_pick,train
train/train/air_pick/椋庣偖0528.npy,0,air_pick,train
train/train/air_pick/椋庣偖2348.npy,0,air_pick,train
train/train/air_pick/椋庣偖0752.npy,0,air_pick,train
train/train/air_pick/椋庣偖2670.npy,0,air_pick,train
train/train/air_pick/椋庣偖0995.npy,0,air_pick,train
train/train/air_pick/椋庣偖1219.npy,0,air_pick,train
train/train/air_pick/椋庣偖2082.npy,0,air_pick,train
train/train/air_pick/椋庣偖0286.npy,0,air_pick,train
train/train/air_pick/椋庣偖0314.npy,0,air_pick,train
train/train/air_pick/椋庣偖1994.npy,0,air_pick,train
train/train/air_pick/椋庣偖0333.npy,0,air_pick,train
train/train/air_pick/椋庣偖0182.npy,0,air_pick,train
train/train/air_pick/椋庣偖2097.npy,0,air_pick,train
train/train/air_pick/椋庣偖2150.npy,0,air_pick,train
train/train/air_pick/椋庣偖0687.npy,0,air_pick,train
train/train/air_pick/椋庣偖0041.npy,0,air_pick,train
train/train/air_pick/椋庣偖3768.npy,0,air_pick,train
train/train/air_pick/椋庣偖0275.npy,0,air_pick,train
train/train/air_pick/椋庣偖0675.npy,0,air_pick,train
train/train/air_pick/椋庣偖1856.npy,0,air_pick,train
train/train/air_pick/椋庣偖3705.npy,0,air_pick,train
train/train/air_pick/椋庣偖1137.npy,0,air_pick,train
train/train/air_pick/椋庣偖0749.npy,0,air_pick,train
train/train/air_pick/椋庣偖0908.npy,0,air_pick,train
train/train/air_pick/椋庣偖0437.npy,0,air_pick,train
train/train/air_pick/椋庣偖0491.npy,0,air_pick,train
train/train/air_pick/椋庣偖1550.npy,0,air_pick,train
train/train/air_pick/椋庣偖2189.npy,0,air_pick,train
train/train/air_pick/椋庣偖0706.npy,0,air_pick,train
train/train/air_pick/椋庣偖1572.npy,0,air_pick,train
train/train/air_pick/椋庣偖1633.npy,0,air_pick,train
train/train/air_pick/椋庣偖3021.npy,0,air_pick,train
train/train/air_pick/椋庣偖1672.npy,0,air_pick,train
train/train/excavator/閽╂満3334.npy,1,excavator,train
train/train/excavator/閽╂満0210.npy,1,excavator,train
train/train/excavator/閽╂満2878.npy,1,excavator,train
train/train/excavator/閽╂満2468.npy,1,excavator,train
train/train/excavator/閽╂満1464.npy,1,excavator,train
train/train/excavator/閽╂満0228.npy,1,excavator,train
train/train/excavator/閽╂満2556.npy,1,excavator,train
train/train/excavator/閽╂満0757.npy,1,excavator,train
train/train/excavator/閽╂満2456.npy,1,excavator,train
train/train/excavator/閽╂満0712.npy,1,excavator,train
train/train/excavator/閽╂満1910.npy,1,excavator,train
train/train/excavator/閽╂満2448.npy,1,excavator,train
train/train/excavator/閽╂満3233.npy,1,excavator,train
train/train/excavator/閽╂満3541.npy,1,excavator,train
train/train/excavator/閽╂満1838.npy,1,excavator,train
train/train/excavator/閽╂満3542.npy,1,excavator,train
train/train/excavator/閽╂満1410.npy,1,excavator,train
train/train/excavator/閽╂満0643.npy,1,excavator,train
train/train/excavator/閽╂満0530.npy,1,excavator,train
train/train/excavator/閽╂満2867.npy,1,excavator,train
train/train/excavator/閽╂満2964.npy,1,excavator,train
train/train/excavator/閽╂満1903.npy,1,excavator,train
train/train/excavator/閽╂満2536.npy,1,excavator,train
train/train/excavator/閽╂満2356.npy,1,excavator,train
train/train/excavator/閽╂満3120.npy,1,excavator,train
train/train/excavator/閽╂満1622.npy,1,excavator,train
train/train/excavator/閽╂満1559.npy,1,excavator,train
train/train/excavator/閽╂満0152.npy,1,excavator,train
train/train/excavator/閽╂満0384.npy,1,excavator,train
train/train/excavator/閽╂満0811.npy,1,excavator,train
train/train/excavator/閽╂満0260.npy,1,excavator,train
train/train/excavator/閽╂満2636.npy,1,excavator,train
train/train/excavator/閽╂満3368.npy,1,excavator,train
train/train/excavator/閽╂満0505.npy,1,excavator,train
train/train/excavator/閽╂満1517.npy,1,excavator,train
train/train/excavator/閽╂満1825.npy,1,excavator,train
train/train/excavator/閽╂満3055.npy,1,excavator,train
train/train/excavator/閽╂満1901.npy,1,excavator,train
train/train/excavator/閽╂満1061.npy,1,excavator,train
train/train/excavator/閽╂満3385.npy,1,excavator,train
train/train/excavator/閽╂満0271.npy,1,excavator,train
train/train/excavator/閽╂満1873.npy,1,excavator,train
train/train/excavator/閽╂満2122.npy,1,excavator,train
train/train/excavator/閽╂満0477.npy,1,excavator,train
train/train/excavator/閽╂満0098.npy,1,excavator,train
train/train/excavator/閽╂満0513.npy,1,excavator,train
train/train/excavator/閽╂満1970.npy,1,excavator,train
train/train/excavator/閽╂満1769.npy,1,excavator,train
train/train/excavator/閽╂満0474.npy,1,excavator,train
train/train/excavator/閽╂満1852.npy,1,excavator,train
train/train/excavator/閽╂満1812.npy,1,excavator,train
train/train/excavator/閽╂満0662.npy,1,excavator,train
train/train/excavator/閽╂満2535.npy,1,excavator,train
train/train/excavator/閽╂満0813.npy,1,excavator,train
train/train/excavator/閽╂満2523.npy,1,excavator,train
train/train/excavator/閽╂満3254.npy,1,excavator,train
train/train/excavator/閽╂満2045.npy,1,excavator,train
train/train/excavator/閽╂満0627.npy,1,excavator,train
train/train/excavator/閽╂満2517.npy,1,excavator,train
train/train/excavator/閽╂満0201.npy,1,excavator,train
train/train/excavator/閽╂満1805.npy,1,excavator,train
train/train/excavator/閽╂満1765.npy,1,excavator,train
train/train/excavator/閽╂満0118.npy,1,excavator,train
train/train/excavator/閽╂満1577.npy,1,excavator,train
train/train/excavator/閽╂満3504.npy,1,excavator,train
train/train/excavator/閽╂満0938.npy,1,excavator,train
train/train/excavator/閽╂満0419.npy,1,excavator,train
train/train/excavator/閽╂満1685.npy,1,excavator,train
train/train/excavator/閽╂満0550.npy,1,excavator,train
train/train/excavator/閽╂満3346.npy,1,excavator,train
train/train/excavator/閽╂満1547.npy,1,excavator,train
train/train/excavator/閽╂満2296.npy,1,excavator,train
train/train/excavator/閽╂満2369.npy,1,excavator,train
train/train/excavator/閽╂満0783.npy,1,excavator,train
train/train/excavator/閽╂満0113.npy,1,excavator,train
train/train/excavator/閽╂満2856.npy,1,excavator,train
train/train/excavator/閽╂満1512.npy,1,excavator,train
train/train/excavator/閽╂満0406.npy,1,excavator,train
train/train/excavator/閽╂満0926.npy,1,excavator,train
train/train/excavator/閽╂満2976.npy,1,excavator,train
train/train/excavator/閽╂満2493.npy,1,excavator,train
train/train/excavator/閽╂満1415.npy,1,excavator,train
train/train/excavator/閽╂満3565.npy,1,excavator,train
train/train/excavator/閽╂満0867.npy,1,excavator,train
train/train/excavator/閽╂満2361.npy,1,excavator,train
train/train/excavator/閽╂満0931.npy,1,excavator,train
train/train/excavator/閽╂満3103.npy,1,excavator,train
train/train/excavator/閽╂満1905.npy,1,excavator,train
train/train/excavator/閽╂満0741.npy,1,excavator,train
train/train/excavator/閽╂満2806.npy,1,excavator,train
train/train/excavator/閽╂満3250.npy,1,excavator,train
train/train/excavator/閽╂満1010.npy,1,excavator,train
train/train/excavator/閽╂満1664.npy,1,excavator,train
train/train/excavator/閽╂満1897.npy,1,excavator,train
train/train/excavator/閽╂満1906.npy,1,excavator,train
train/train/excavator/閽╂満0275.npy,1,excavator,train
train/train/excavator/閽╂満2736.npy,1,excavator,train
train/train/excavator/閽╂満2604.npy,1,excavator,train
train/train/excavator/閽╂満2527.npy,1,excavator,train
train/train/excavator/閽╂満0187.npy,1,excavator,train
train/train/excavator/閽╂満3574.npy,1,excavator,train
train/train/excavator/閽╂満0737.npy,1,excavator,train
train/train/excavator/閽╂満0533.npy,1,excavator,train
train/train/excavator/閽╂満0084.npy,1,excavator,train
train/train/excavator/閽╂満1050.npy,1,excavator,train
train/train/excavator/閽╂満1460.npy,1,excavator,train
train/train/excavator/閽╂満0065.npy,1,excavator,train
train/train/excavator/閽╂満3582.npy,1,excavator,train
train/train/excavator/閽╂満1497.npy,1,excavator,train
train/train/excavator/閽╂満1918.npy,1,excavator,train
train/train/excavator/閽╂満0256.npy,1,excavator,train
train/train/excavator/閽╂満0542.npy,1,excavator,train
train/train/excavator/閽╂満0905.npy,1,excavator,train
train/train/excavator/閽╂満2830.npy,1,excavator,train
train/train/excavator/閽╂満2175.npy,1,excavator,train
train/train/excavator/閽╂満2499.npy,1,excavator,train
train/train/excavator/閽╂満1098.npy,1,excavator,train
train/train/excavator/閽╂満2883.npy,1,excavator,train
train/train/excavator/閽╂満0301.npy,1,excavator,train
train/train/excavator/閽╂満3054.npy,1,excavator,train
train/train/excavator/閽╂満2601.npy,1,excavator,train
train/train/excavator/閽╂満2949.npy,1,excavator,train
train/train/excavator/閽╂満2695.npy,1,excavator,train
train/train/excavator/閽╂満3440.npy,1,excavator,train
train/train/excavator/閽╂満1686.npy,1,excavator,train
train/train/excavator/閽╂満2028.npy,1,excavator,train
train/train/excavator/閽╂満3285.npy,1,excavator,train
train/train/excavator/閽╂満1872.npy,1,excavator,train
train/train/excavator/閽╂満1042.npy,1,excavator,train
train/train/excavator/閽╂満1005.npy,1,excavator,train
train/train/excavator/閽╂満0922.npy,1,excavator,train
train/train/excavator/閽╂満0758.npy,1,excavator,train
train/train/excavator/閽╂満2629.npy,1,excavator,train
train/train/excavator/閽╂満0180.npy,1,excavator,train
train/train/excavator/閽╂満0318.npy,1,excavator,train
train/train/excavator/閽╂満3178.npy,1,excavator,train
train/train/excavator/閽╂満2650.npy,1,excavator,train
train/train/excavator/閽╂満3571.npy,1,excavator,train
train/train/excavator/閽╂満2877.npy,1,excavator,train
train/train/excavator/閽╂満2348.npy,1,excavator,train
train/train/excavator/閽╂満0771.npy,1,excavator,train
train/train/excavator/閽╂満0239.npy,1,excavator,train
train/train/excavator/閽╂満2945.npy,1,excavator,train
train/train/excavator/閽╂満1487.npy,1,excavator,train
train/train/excavator/閽╂満0191.npy,1,excavator,train
train/train/excavator/閽╂満1416.npy,1,excavator,train
train/train/excavator/閽╂満1471.npy,1,excavator,train
train/train/excavator/閽╂満0870.npy,1,excavator,train
train/train/excavator/閽╂満0386.npy,1,excavator,train
train/train/excavator/閽╂満0898.npy,1,excavator,train
train/train/excavator/閽╂満0519.npy,1,excavator,train
train/train/excavator/閽╂満1804.npy,1,excavator,train
train/train/excavator/閽╂満0399.npy,1,excavator,train
train/train/excavator/閽╂満3421.npy,1,excavator,train
train/train/excavator/閽╂満0304.npy,1,excavator,train
train/train/excavator/閽╂満2313.npy,1,excavator,train
train/train/excavator/閽╂満1815.npy,1,excavator,train
train/train/excavator/閽╂満1665.npy,1,excavator,train
train/train/excavator/閽╂満0200.npy,1,excavator,train
train/train/excavator/閽╂満3531.npy,1,excavator,train
train/train/excavator/閽╂満3413.npy,1,excavator,train
train/train/excavator/閽╂満2027.npy,1,excavator,train
train/train/excavator/閽╂満3263.npy,1,excavator,train
train/train/excavator/閽╂満1516.npy,1,excavator,train
train/train/excavator/閽╂満3073.npy,1,excavator,train
train/train/excavator/閽╂満2357.npy,1,excavator,train
train/train/excavator/閽╂満0678.npy,1,excavator,train
train/train/excavator/閽╂満2200.npy,1,excavator,train
train/train/excavator/閽╂満3357.npy,1,excavator,train
train/train/excavator/閽╂満2135.npy,1,excavator,train
train/train/excavator/閽╂満0222.npy,1,excavator,train
train/train/excavator/閽╂満2857.npy,1,excavator,train
train/train/excavator/閽╂満1496.npy,1,excavator,train
train/train/excavator/閽╂満3051.npy,1,excavator,train
train/train/excavator/閽╂満1422.npy,1,excavator,train
train/train/excavator/閽╂満0102.npy,1,excavator,train
train/train/excavator/閽╂満0112.npy,1,excavator,train
train/train/excavator/閽╂満3480.npy,1,excavator,train
train/train/excavator/閽╂満2841.npy,1,excavator,train
train/train/excavator/閽╂満1998.npy,1,excavator,train
train/train/excavator/閽╂満3392.npy,1,excavator,train
train/train/excavator/閽╂満1855.npy,1,excavator,train
train/train/excavator/閽╂満3284.npy,1,excavator,train
train/train/excavator/閽╂満0524.npy,1,excavator,train
train/train/excavator/閽╂満1567.npy,1,excavator,train
train/train/excavator/閽╂満2285.npy,1,excavator,train
train/train/excavator/閽╂満2294.npy,1,excavator,train
train/train/excavator/閽╂満0091.npy,1,excavator,train
train/train/excavator/閽╂満3522.npy,1,excavator,train
train/train/excavator/閽╂満2375.npy,1,excavator,train
train/train/excavator/閽╂満1458.npy,1,excavator,train
train/train/excavator/閽╂満0466.npy,1,excavator,train
train/train/excavator/閽╂満0610.npy,1,excavator,train
train/train/excavator/閽╂満1112.npy,1,excavator,train
train/train/excavator/閽╂満3615.npy,1,excavator,train
train/train/excavator/閽╂満2368.npy,1,excavator,train
train/train/excavator/閽╂満0314.npy,1,excavator,train
train/train/excavator/閽╂満3404.npy,1,excavator,train
train/train/excavator/閽╂満0151.npy,1,excavator,train
train/train/excavator/閽╂満0134.npy,1,excavator,train
train/train/excavator/閽╂満2534.npy,1,excavator,train
train/train/excavator/閽╂満0232.npy,1,excavator,train
train/train/excavator/閽╂満2822.npy,1,excavator,train
train/train/excavator/閽╂満1816.npy,1,excavator,train
train/train/excavator/閽╂満0209.npy,1,excavator,train
train/train/excavator/閽╂満1451.npy,1,excavator,train
train/train/excavator/閽╂満0653.npy,1,excavator,train
train/train/excavator/閽╂満3199.npy,1,excavator,train
train/train/excavator/閽╂満3331.npy,1,excavator,train
train/train/excavator/閽╂満0438.npy,1,excavator,train
train/train/excavator/閽╂満2682.npy,1,excavator,train
train/train/excavator/閽╂満2228.npy,1,excavator,train
train/train/excavator/閽╂満3397.npy,1,excavator,train
train/train/excavator/閽╂満3503.npy,1,excavator,train
train/train/excavator/閽╂満3431.npy,1,excavator,train
train/train/excavator/閽╂満2676.npy,1,excavator,train
train/train/excavator/閽╂満0770.npy,1,excavator,train
train/train/excavator/閽╂満1618.npy,1,excavator,train
train/train/excavator/閽╂満1727.npy,1,excavator,train
train/train/excavator/閽╂満0633.npy,1,excavator,train
train/train/excavator/閽╂満2922.npy,1,excavator,train
train/train/excavator/閽╂満0966.npy,1,excavator,train
train/train/excavator/閽╂満0646.npy,1,excavator,train
train/train/excavator/閽╂満2712.npy,1,excavator,train
train/train/excavator/閽╂満3465.npy,1,excavator,train
train/train/excavator/閽╂満2905.npy,1,excavator,train
train/train/excavator/閽╂満3626.npy,1,excavator,train
train/train/excavator/閽╂満2656.npy,1,excavator,train
train/train/excavator/閽╂満1912.npy,1,excavator,train
train/train/excavator/閽╂満3065.npy,1,excavator,train
train/train/excavator/閽╂満0026.npy,1,excavator,train
train/train/excavator/閽╂満3528.npy,1,excavator,train
train/train/excavator/閽╂満2737.npy,1,excavator,train
train/train/excavator/閽╂満2482.npy,1,excavator,train
train/train/excavator/閽╂満0906.npy,1,excavator,train
train/train/excavator/閽╂満2934.npy,1,excavator,train
train/train/excavator/閽╂満2584.npy,1,excavator,train
train/train/excavator/閽╂満0791.npy,1,excavator,train
train/train/excavator/閽╂満2090.npy,1,excavator,train
train/train/excavator/閽╂満0245.npy,1,excavator,train
train/train/excavator/閽╂満2671.npy,1,excavator,train
train/train/excavator/閽╂満0293.npy,1,excavator,train
train/train/excavator/閽╂満2137.npy,1,excavator,train
train/train/excavator/閽╂満0162.npy,1,excavator,train
train/train/excavator/閽╂満2134.npy,1,excavator,train
train/train/excavator/閽╂満0916.npy,1,excavator,train
train/train/excavator/閽╂満2478.npy,1,excavator,train
train/train/excavator/閽╂満1119.npy,1,excavator,train
train/train/excavator/閽╂満3532.npy,1,excavator,train
train/train/excavator/閽╂満3187.npy,1,excavator,train
train/train/excavator/閽╂満3314.npy,1,excavator,train
train/train/excavator/閽╂満1450.npy,1,excavator,train
train/train/excavator/閽╂満0211.npy,1,excavator,train
train/train/excavator/閽╂満0555.npy,1,excavator,train
train/train/excavator/閽╂満0819.npy,1,excavator,train
train/train/excavator/閽╂満2278.npy,1,excavator,train
train/train/excavator/閽╂満0352.npy,1,excavator,train
train/train/excavator/閽╂満2565.npy,1,excavator,train
train/train/excavator/閽╂満3197.npy,1,excavator,train
train/train/excavator/閽╂満2562.npy,1,excavator,train
train/train/excavator/閽╂満2109.npy,1,excavator,train
train/train/excavator/閽╂満0794.npy,1,excavator,train
train/train/excavator/閽╂満0138.npy,1,excavator,train
train/train/excavator/閽╂満0745.npy,1,excavator,train
train/train/excavator/閽╂満3562.npy,1,excavator,train
train/train/excavator/閽╂満0917.npy,1,excavator,train
train/train/excavator/閽╂満2386.npy,1,excavator,train
train/train/excavator/閽╂満1601.npy,1,excavator,train
train/train/excavator/閽╂満2014.npy,1,excavator,train
train/train/excavator/閽╂満0190.npy,1,excavator,train
train/train/excavator/閽╂満2258.npy,1,excavator,train
train/train/excavator/閽╂満2703.npy,1,excavator,train
train/train/excavator/閽╂満1756.npy,1,excavator,train
train/train/excavator/閽╂満1977.npy,1,excavator,train
train/train/excavator/閽╂満3587.npy,1,excavator,train
train/train/excavator/閽╂満2835.npy,1,excavator,train
train/train/excavator/閽╂満3278.npy,1,excavator,train
train/train/excavator/閽╂満0792.npy,1,excavator,train
train/train/excavator/閽╂満2271.npy,1,excavator,train
train/train/excavator/閽╂満0845.npy,1,excavator,train
train/train/excavator/閽╂満2791.npy,1,excavator,train
train/train/excavator/閽╂満2819.npy,1,excavator,train
train/train/excavator/閽╂満1869.npy,1,excavator,train
train/train/excavator/閽╂満1041.npy,1,excavator,train
train/train/excavator/閽╂満1545.npy,1,excavator,train
train/train/excavator/閽╂満2052.npy,1,excavator,train
train/train/excavator/閽╂満3588.npy,1,excavator,train
train/train/excavator/閽╂満2411.npy,1,excavator,train
train/train/excavator/閽╂満0242.npy,1,excavator,train
train/train/excavator/閽╂満1521.npy,1,excavator,train
train/train/excavator/閽╂満3376.npy,1,excavator,train
train/train/excavator/閽╂満0704.npy,1,excavator,train
train/train/excavator/閽╂満2097.npy,1,excavator,train
train/train/excavator/閽╂満0095.npy,1,excavator,train
train/train/excavator/閽╂満0709.npy,1,excavator,train
train/train/excavator/閽╂満0307.npy,1,excavator,train
train/train/excavator/閽╂満0968.npy,1,excavator,train
train/train/excavator/閽╂満0546.npy,1,excavator,train
train/train/excavator/閽╂満0597.npy,1,excavator,train
train/train/excavator/閽╂満2095.npy,1,excavator,train
train/train/excavator/閽╂満2540.npy,1,excavator,train
train/train/excavator/閽╂満1434.npy,1,excavator,train
train/train/excavator/閽╂満3620.npy,1,excavator,train
train/train/excavator/閽╂満3180.npy,1,excavator,train
train/train/excavator/閽╂満1535.npy,1,excavator,train
train/train/excavator/閽╂満1560.npy,1,excavator,train
train/train/excavator/閽╂満3328.npy,1,excavator,train
train/train/excavator/閽╂満3270.npy,1,excavator,train
train/train/excavator/閽╂満3036.npy,1,excavator,train
train/train/excavator/閽╂満2805.npy,1,excavator,train
train/train/excavator/閽╂満2929.npy,1,excavator,train
train/train/excavator/閽╂満1102.npy,1,excavator,train
train/train/excavator/閽╂満2477.npy,1,excavator,train
train/train/excavator/閽╂満1874.npy,1,excavator,train
train/train/excavator/閽╂満1017.npy,1,excavator,train
train/train/excavator/閽╂満3627.npy,1,excavator,train
train/train/excavator/閽╂満0716.npy,1,excavator,train
train/train/excavator/閽╂満0630.npy,1,excavator,train
train/train/excavator/閽╂満0224.npy,1,excavator,train
train/train/excavator/閽╂満2400.npy,1,excavator,train
train/train/excavator/閽╂満1899.npy,1,excavator,train
train/train/excavator/閽╂満3497.npy,1,excavator,train
train/train/excavator/閽╂満1798.npy,1,excavator,train
train/train/excavator/閽╂満2773.npy,1,excavator,train
train/train/excavator/閽╂満3414.npy,1,excavator,train
train/train/excavator/閽╂満1104.npy,1,excavator,train
train/train/excavator/閽╂満0628.npy,1,excavator,train
train/train/excavator/閽╂満0746.npy,1,excavator,train
train/train/excavator/閽╂満1463.npy,1,excavator,train
train/train/excavator/閽╂満3019.npy,1,excavator,train
train/train/excavator/閽╂満0736.npy,1,excavator,train
train/train/excavator/閽╂満3436.npy,1,excavator,train
train/train/excavator/閽╂満0930.npy,1,excavator,train
train/train/excavator/閽╂満3443.npy,1,excavator,train
train/train/excavator/閽╂満3303.npy,1,excavator,train
train/train/excavator/閽╂満1670.npy,1,excavator,train
train/train/excavator/閽╂満1075.npy,1,excavator,train
train/train/excavator/閽╂満3046.npy,1,excavator,train
train/train/excavator/閽╂満0168.npy,1,excavator,train
train/train/excavator/閽╂満2767.npy,1,excavator,train
train/train/excavator/閽╂満0740.npy,1,excavator,train
train/train/excavator/閽╂満3455.npy,1,excavator,train
train/train/excavator/閽╂満0888.npy,1,excavator,train
train/train/excavator/閽╂満3112.npy,1,excavator,train
train/train/excavator/閽╂満2871.npy,1,excavator,train
train/train/excavator/閽╂満2413.npy,1,excavator,train
train/train/excavator/閽╂満3533.npy,1,excavator,train
train/train/excavator/閽╂満0790.npy,1,excavator,train
train/train/excavator/閽╂満3007.npy,1,excavator,train
train/train/excavator/閽╂満3430.npy,1,excavator,train
train/train/excavator/閽╂満0980.npy,1,excavator,train
train/train/excavator/閽╂満2451.npy,1,excavator,train
train/train/excavator/閽╂満3221.npy,1,excavator,train
train/train/excavator/閽╂満2051.npy,1,excavator,train
train/train/excavator/閽╂満2414.npy,1,excavator,train
train/train/excavator/閽╂満2070.npy,1,excavator,train
train/train/excavator/閽╂満2702.npy,1,excavator,train
train/train/excavator/閽╂満2307.npy,1,excavator,train
train/train/excavator/閽╂満2701.npy,1,excavator,train
train/train/excavator/閽╂満1848.npy,1,excavator,train
train/train/excavator/閽╂満2758.npy,1,excavator,train
train/train/excavator/閽╂満1079.npy,1,excavator,train
train/train/excavator/閽╂満3301.npy,1,excavator,train
train/train/excavator/閽╂満2744.npy,1,excavator,train
train/train/excavator/閽╂満0852.npy,1,excavator,train
train/train/excavator/閽╂満0280.npy,1,excavator,train
train/train/excavator/閽╂満2893.npy,1,excavator,train
train/train/excavator/閽╂満1770.npy,1,excavator,train
train/train/excavator/閽╂満0862.npy,1,excavator,train
train/train/excavator/閽╂満0316.npy,1,excavator,train
train/train/excavator/閽╂満1641.npy,1,excavator,train
train/train/excavator/閽╂満0037.npy,1,excavator,train
train/train/excavator/閽╂満2402.npy,1,excavator,train
train/train/excavator/閽╂満3276.npy,1,excavator,train
train/train/excavator/閽╂満1824.npy,1,excavator,train
train/train/excavator/閽╂満0319.npy,1,excavator,train
train/train/excavator/閽╂満0069.npy,1,excavator,train
train/train/excavator/閽╂満1608.npy,1,excavator,train
train/train/excavator/閽╂満3552.npy,1,excavator,train
train/train/excavator/閽╂満2863.npy,1,excavator,train
train/train/excavator/閽╂満2513.npy,1,excavator,train
train/train/excavator/閽╂満3438.npy,1,excavator,train
train/train/excavator/閽╂満0667.npy,1,excavator,train
train/train/excavator/閽╂満1099.npy,1,excavator,train
train/train/excavator/閽╂満1671.npy,1,excavator,train
train/train/excavator/閽╂満2330.npy,1,excavator,train
train/train/excavator/閽╂満2259.npy,1,excavator,train
train/train/excavator/閽╂満3386.npy,1,excavator,train
train/train/excavator/閽╂満2059.npy,1,excavator,train
train/train/excavator/閽╂満1411.npy,1,excavator,train
train/train/excavator/閽╂満1922.npy,1,excavator,train
train/train/excavator/閽╂満3268.npy,1,excavator,train
train/train/excavator/閽╂満0609.npy,1,excavator,train
train/train/excavator/閽╂満2094.npy,1,excavator,train
train/train/excavator/閽╂満3227.npy,1,excavator,train
train/train/excavator/閽╂満0035.npy,1,excavator,train
train/train/excavator/閽╂満2970.npy,1,excavator,train
train/train/excavator/閽╂満2582.npy,1,excavator,train
train/train/excavator/閽╂満3257.npy,1,excavator,train
train/train/excavator/閽╂満0941.npy,1,excavator,train
train/train/excavator/閽╂満3624.npy,1,excavator,train
train/train/excavator/閽╂満2365.npy,1,excavator,train
train/train/excavator/閽╂満0971.npy,1,excavator,train
train/train/excavator/閽╂満2084.npy,1,excavator,train
train/train/excavator/閽╂満1793.npy,1,excavator,train
train/train/excavator/閽╂満3028.npy,1,excavator,train
train/train/excavator/閽╂満0360.npy,1,excavator,train
train/train/excavator/閽╂満3474.npy,1,excavator,train
train/train/excavator/閽╂満3373.npy,1,excavator,train
train/train/excavator/閽╂満2747.npy,1,excavator,train
train/train/excavator/閽╂満1835.npy,1,excavator,train
train/train/excavator/閽╂満2180.npy,1,excavator,train
train/train/excavator/閽╂満1587.npy,1,excavator,train
train/train/excavator/閽╂満2985.npy,1,excavator,train
train/train/excavator/閽╂満3312.npy,1,excavator,train
train/train/excavator/閽╂満0866.npy,1,excavator,train
train/train/excavator/閽╂満2487.npy,1,excavator,train
train/train/excavator/閽╂満0383.npy,1,excavator,train
train/train/excavator/閽╂満2321.npy,1,excavator,train
train/train/excavator/閽╂満2080.npy,1,excavator,train
train/train/excavator/閽╂満3375.npy,1,excavator,train
train/train/excavator/閽╂満2771.npy,1,excavator,train
train/train/excavator/閽╂満1647.npy,1,excavator,train
train/train/excavator/閽╂満1652.npy,1,excavator,train
train/train/excavator/閽╂満0711.npy,1,excavator,train
train/train/excavator/閽╂満2938.npy,1,excavator,train
train/train/excavator/閽╂満3244.npy,1,excavator,train
train/train/excavator/閽╂満0558.npy,1,excavator,train
train/train/excavator/閽╂満1735.npy,1,excavator,train
train/train/excavator/閽╂満2869.npy,1,excavator,train
train/train/excavator/閽╂満0174.npy,1,excavator,train
train/train/excavator/閽╂満0572.npy,1,excavator,train
train/train/excavator/閽╂満2241.npy,1,excavator,train
train/train/excavator/閽╂満2783.npy,1,excavator,train
train/train/excavator/閽╂満3275.npy,1,excavator,train
train/train/excavator/閽╂満2996.npy,1,excavator,train
train/train/excavator/閽╂満0552.npy,1,excavator,train
train/train/excavator/閽╂満3121.npy,1,excavator,train
train/train/excavator/閽╂満1470.npy,1,excavator,train
train/train/excavator/閽╂満2766.npy,1,excavator,train
train/train/excavator/閽╂満3500.npy,1,excavator,train
train/train/excavator/閽╂満2714.npy,1,excavator,train
train/train/excavator/閽╂満1675.npy,1,excavator,train
train/train/excavator/閽╂満0167.npy,1,excavator,train
train/train/excavator/閽╂満1610.npy,1,excavator,train
train/train/excavator/閽╂満3469.npy,1,excavator,train
train/train/excavator/閽╂満3514.npy,1,excavator,train
train/train/excavator/閽╂満0577.npy,1,excavator,train
train/train/excavator/閽╂満1760.npy,1,excavator,train
train/train/excavator/閽╂満1432.npy,1,excavator,train
train/train/excavator/閽╂満2218.npy,1,excavator,train
train/train/excavator/閽╂満2765.npy,1,excavator,train
train/train/excavator/閽╂満0368.npy,1,excavator,train
train/train/excavator/閽╂満1056.npy,1,excavator,train
train/train/excavator/閽╂満0347.npy,1,excavator,train
train/train/excavator/閽╂満3149.npy,1,excavator,train
train/train/excavator/閽╂満2301.npy,1,excavator,train
train/train/excavator/閽╂満0036.npy,1,excavator,train
train/train/excavator/閽╂満0456.npy,1,excavator,train
train/train/excavator/閽╂満2581.npy,1,excavator,train
train/train/excavator/閽╂満2947.npy,1,excavator,train
train/train/excavator/閽╂満0235.npy,1,excavator,train
train/train/excavator/閽╂満3191.npy,1,excavator,train
train/train/excavator/閽╂満1774.npy,1,excavator,train
train/train/excavator/閽╂満2324.npy,1,excavator,train
train/train/excavator/閽╂満0534.npy,1,excavator,train
train/train/excavator/閽╂満3259.npy,1,excavator,train
train/train/excavator/閽╂満2903.npy,1,excavator,train
train/train/excavator/閽╂満0455.npy,1,excavator,train
train/train/excavator/閽╂満0144.npy,1,excavator,train
train/train/excavator/閽╂満3412.npy,1,excavator,train
train/train/excavator/閽╂満1631.npy,1,excavator,train
train/train/excavator/閽╂満0435.npy,1,excavator,train
train/train/excavator/閽╂満2162.npy,1,excavator,train
train/train/excavator/閽╂満3492.npy,1,excavator,train
train/train/excavator/閽╂満2142.npy,1,excavator,train
train/train/excavator/閽╂満2777.npy,1,excavator,train
train/train/excavator/閽╂満2587.npy,1,excavator,train
train/train/excavator/閽╂満2429.npy,1,excavator,train
train/train/excavator/閽╂満3114.npy,1,excavator,train
train/train/excavator/閽╂満3192.npy,1,excavator,train
train/train/excavator/閽╂満2163.npy,1,excavator,train
train/train/excavator/閽╂満0199.npy,1,excavator,train
train/train/excavator/閽╂満1554.npy,1,excavator,train
train/train/excavator/閽╂満2861.npy,1,excavator,train
train/train/excavator/閽╂満3406.npy,1,excavator,train
train/train/excavator/閽╂満1445.npy,1,excavator,train
train/train/excavator/閽╂満0619.npy,1,excavator,train
train/train/excavator/閽╂満0369.npy,1,excavator,train
train/train/excavator/閽╂満0042.npy,1,excavator,train
train/train/excavator/閽╂満1672.npy,1,excavator,train
train/train/excavator/閽╂満3155.npy,1,excavator,train
train/train/excavator/閽╂満0269.npy,1,excavator,train
train/train/excavator/閽╂満3277.npy,1,excavator,train
train/train/excavator/閽╂満2761.npy,1,excavator,train
train/train/excavator/閽╂満0391.npy,1,excavator,train
train/train/excavator/閽╂満3241.npy,1,excavator,train
train/train/excavator/閽╂満1713.npy,1,excavator,train
train/train/excavator/閽╂満2719.npy,1,excavator,train
train/train/excavator/閽╂満1437.npy,1,excavator,train
train/train/excavator/閽╂満1930.npy,1,excavator,train
train/train/excavator/閽╂満0019.npy,1,excavator,train
train/train/excavator/閽╂満1961.npy,1,excavator,train
train/train/excavator/閽╂満1715.npy,1,excavator,train
train/train/excavator/閽╂満3323.npy,1,excavator,train
train/train/excavator/閽╂満0816.npy,1,excavator,train
train/train/excavator/閽╂満2954.npy,1,excavator,train
train/train/excavator/閽╂満1007.npy,1,excavator,train
train/train/excavator/閽╂満2658.npy,1,excavator,train
train/train/excavator/閽╂満2339.npy,1,excavator,train
train/train/excavator/閽╂満0946.npy,1,excavator,train
train/train/excavator/閽╂満2168.npy,1,excavator,train
train/train/excavator/閽╂満0238.npy,1,excavator,train
train/train/excavator/閽╂満2034.npy,1,excavator,train
train/train/excavator/閽╂満2800.npy,1,excavator,train
train/train/excavator/閽╂満0266.npy,1,excavator,train
train/train/excavator/閽╂満1602.npy,1,excavator,train
train/train/excavator/閽╂満1534.npy,1,excavator,train
train/train/excavator/閽╂満2531.npy,1,excavator,train
train/train/excavator/閽╂満1691.npy,1,excavator,train
train/train/excavator/閽╂満3527.npy,1,excavator,train
train/train/excavator/閽╂満2136.npy,1,excavator,train
train/train/excavator/閽╂満3108.npy,1,excavator,train
train/train/excavator/閽╂満3299.npy,1,excavator,train
train/train/excavator/閽╂満0348.npy,1,excavator,train
train/train/excavator/閽╂満0018.npy,1,excavator,train
train/train/excavator/閽╂満0778.npy,1,excavator,train
train/train/excavator/閽╂満2979.npy,1,excavator,train
train/train/excavator/閽╂満2347.npy,1,excavator,train
train/train/excavator/閽╂満1068.npy,1,excavator,train
train/train/excavator/閽╂満3040.npy,1,excavator,train
train/train/excavator/閽╂満0400.npy,1,excavator,train
train/train/excavator/閽╂満1779.npy,1,excavator,train
train/train/excavator/閽╂満2988.npy,1,excavator,train
train/train/excavator/閽╂満0878.npy,1,excavator,train
train/train/excavator/閽╂満1967.npy,1,excavator,train
train/train/excavator/閽╂満0914.npy,1,excavator,train
train/train/excavator/閽╂満0493.npy,1,excavator,train
train/train/excavator/閽╂満0357.npy,1,excavator,train
train/train/excavator/閽╂満1829.npy,1,excavator,train
train/train/excavator/閽╂満2089.npy,1,excavator,train
train/train/excavator/閽╂満0371.npy,1,excavator,train
train/train/excavator/閽╂満0279.npy,1,excavator,train
train/train/excavator/閽╂満1116.npy,1,excavator,train
train/train/excavator/閽╂満2944.npy,1,excavator,train
train/train/excavator/閽╂満2424.npy,1,excavator,train
train/train/excavator/閽╂満0877.npy,1,excavator,train
train/train/excavator/閽╂満3041.npy,1,excavator,train
train/train/excavator/閽╂満0378.npy,1,excavator,train
train/train/excavator/閽╂満2455.npy,1,excavator,train
train/train/excavator/閽╂満2156.npy,1,excavator,train
train/train/excavator/閽╂満0681.npy,1,excavator,train
train/train/excavator/閽╂満2251.npy,1,excavator,train
train/train/excavator/閽╂満3146.npy,1,excavator,train
train/train/excavator/閽╂満1661.npy,1,excavator,train
train/train/excavator/閽╂満3471.npy,1,excavator,train
train/train/excavator/閽╂満1851.npy,1,excavator,train
train/train/excavator/閽╂満2430.npy,1,excavator,train
train/train/excavator/閽╂満0425.npy,1,excavator,train
train/train/excavator/閽╂満0437.npy,1,excavator,train
train/train/excavator/閽╂満0453.npy,1,excavator,train
train/train/excavator/閽╂満1023.npy,1,excavator,train
train/train/excavator/閽╂満2828.npy,1,excavator,train
train/train/excavator/閽╂満2387.npy,1,excavator,train
train/train/excavator/閽╂満2520.npy,1,excavator,train
train/train/excavator/閽╂満1438.npy,1,excavator,train
train/train/excavator/閽╂満3188.npy,1,excavator,train
train/train/excavator/閽╂満1408.npy,1,excavator,train
train/train/excavator/閽╂満0826.npy,1,excavator,train
train/train/excavator/閽╂満0290.npy,1,excavator,train
train/train/excavator/閽╂満2851.npy,1,excavator,train
train/train/excavator/閽╂満2999.npy,1,excavator,train
train/train/excavator/閽╂満2170.npy,1,excavator,train
train/train/excavator/閽╂満0072.npy,1,excavator,train
train/train/excavator/閽╂満0631.npy,1,excavator,train
train/train/excavator/閽╂満2423.npy,1,excavator,train
train/train/excavator/閽╂満3416.npy,1,excavator,train
train/train/excavator/閽╂満2612.npy,1,excavator,train
train/train/excavator/閽╂満0127.npy,1,excavator,train
train/train/excavator/閽╂満0179.npy,1,excavator,train
train/train/excavator/閽╂満2438.npy,1,excavator,train
train/train/excavator/閽╂満2372.npy,1,excavator,train
train/train/excavator/閽╂満0062.npy,1,excavator,train
train/train/excavator/閽╂満1011.npy,1,excavator,train
train/train/excavator/閽╂満2784.npy,1,excavator,train
train/train/excavator/閽╂満0939.npy,1,excavator,train
train/train/excavator/閽╂満0956.npy,1,excavator,train
train/train/excavator/閽╂満3280.npy,1,excavator,train
train/train/excavator/閽╂満0349.npy,1,excavator,train
train/train/excavator/閽╂満0624.npy,1,excavator,train
train/train/excavator/閽╂満2161.npy,1,excavator,train
train/train/excavator/閽╂満2101.npy,1,excavator,train
train/train/excavator/閽╂満2257.npy,1,excavator,train
train/train/excavator/閽╂満2591.npy,1,excavator,train
train/train/excavator/閽╂満2980.npy,1,excavator,train
train/train/excavator/閽╂満3177.npy,1,excavator,train
train/train/excavator/閽╂満2225.npy,1,excavator,train
train/train/excavator/閽╂満0872.npy,1,excavator,train
train/train/excavator/閽╂満2925.npy,1,excavator,train
train/train/excavator/閽╂満0982.npy,1,excavator,train
train/train/excavator/閽╂満0830.npy,1,excavator,train
train/train/excavator/閽╂満0909.npy,1,excavator,train
train/train/excavator/閽╂満0322.npy,1,excavator,train
train/train/excavator/閽╂満2469.npy,1,excavator,train
train/train/excavator/閽╂満0236.npy,1,excavator,train
train/train/excavator/閽╂満2193.npy,1,excavator,train
train/train/excavator/閽╂満1447.npy,1,excavator,train
train/train/excavator/閽╂満3383.npy,1,excavator,train
train/train/excavator/閽╂満0880.npy,1,excavator,train
train/train/excavator/閽╂満2178.npy,1,excavator,train
train/train/excavator/閽╂満0763.npy,1,excavator,train
train/train/excavator/閽╂満0729.npy,1,excavator,train
train/train/excavator/閽╂満0970.npy,1,excavator,train
train/train/excavator/閽╂満1454.npy,1,excavator,train
train/train/excavator/閽╂満0962.npy,1,excavator,train
train/train/excavator/閽╂満0364.npy,1,excavator,train
train/train/excavator/閽╂満2235.npy,1,excavator,train
train/train/excavator/閽╂満1092.npy,1,excavator,train
train/train/excavator/閽╂満2425.npy,1,excavator,train
train/train/excavator/閽╂満2798.npy,1,excavator,train
train/train/excavator/閽╂満2217.npy,1,excavator,train
train/train/excavator/閽╂満0551.npy,1,excavator,train
train/train/excavator/閽╂満3422.npy,1,excavator,train
train/train/excavator/閽╂満2098.npy,1,excavator,train
train/train/excavator/閽╂満2138.npy,1,excavator,train
train/train/excavator/閽╂満2255.npy,1,excavator,train
train/train/excavator/閽╂満0544.npy,1,excavator,train
train/train/excavator/閽╂満1605.npy,1,excavator,train
train/train/excavator/閽╂満3517.npy,1,excavator,train
train/train/excavator/閽╂満2345.npy,1,excavator,train
train/train/excavator/閽╂満2472.npy,1,excavator,train
train/train/excavator/閽╂満2197.npy,1,excavator,train
train/train/excavator/閽╂満1561.npy,1,excavator,train
train/train/excavator/閽╂満3498.npy,1,excavator,train
train/train/excavator/閽╂満3577.npy,1,excavator,train
train/train/excavator/閽╂満1663.npy,1,excavator,train
train/train/excavator/閽╂満1025.npy,1,excavator,train
train/train/excavator/閽╂満2132.npy,1,excavator,train
train/train/excavator/閽╂満2875.npy,1,excavator,train
train/train/excavator/閽╂満0189.npy,1,excavator,train
train/train/excavator/閽╂満2491.npy,1,excavator,train
train/train/excavator/閽╂満0522.npy,1,excavator,train
train/train/excavator/閽╂満2093.npy,1,excavator,train
train/train/excavator/閽╂満2415.npy,1,excavator,train
train/train/excavator/閽╂満0418.npy,1,excavator,train
train/train/excavator/閽╂満0452.npy,1,excavator,train
train/train/excavator/閽╂満3468.npy,1,excavator,train
train/train/excavator/閽╂満3186.npy,1,excavator,train
train/train/excavator/閽╂満2039.npy,1,excavator,train
train/train/excavator/閽╂満0996.npy,1,excavator,train
train/train/excavator/閽╂満3472.npy,1,excavator,train
train/train/excavator/閽╂満0005.npy,1,excavator,train
train/train/excavator/閽╂満0612.npy,1,excavator,train
train/train/excavator/閽╂満0017.npy,1,excavator,train
train/train/excavator/閽╂満2188.npy,1,excavator,train
train/train/excavator/閽╂満1002.npy,1,excavator,train
train/train/excavator/閽╂満2221.npy,1,excavator,train
train/train/excavator/閽╂満1421.npy,1,excavator,train
train/train/excavator/閽╂満2260.npy,1,excavator,train
train/train/excavator/閽╂満3516.npy,1,excavator,train
train/train/excavator/閽╂満1550.npy,1,excavator,train
train/train/excavator/閽╂満3165.npy,1,excavator,train
train/train/excavator/閽╂満2610.npy,1,excavator,train
train/train/excavator/閽╂満3128.npy,1,excavator,train
train/train/excavator/閽╂満1047.npy,1,excavator,train
train/train/excavator/閽╂満2831.npy,1,excavator,train
train/train/excavator/閽╂満1999.npy,1,excavator,train
train/train/excavator/閽╂満3094.npy,1,excavator,train
train/train/excavator/閽╂満2066.npy,1,excavator,train
train/train/excavator/閽╂満2813.npy,1,excavator,train
train/train/excavator/閽╂満0912.npy,1,excavator,train
train/train/excavator/閽╂満3608.npy,1,excavator,train
train/train/excavator/閽╂満3118.npy,1,excavator,train
train/train/excavator/閽╂満2720.npy,1,excavator,train
train/train/excavator/閽╂満1457.npy,1,excavator,train
train/train/excavator/閽╂満1009.npy,1,excavator,train
train/train/excavator/閽╂満2974.npy,1,excavator,train
train/train/excavator/閽╂満1703.npy,1,excavator,train
train/train/excavator/閽╂満3109.npy,1,excavator,train
train/train/excavator/閽╂満2248.npy,1,excavator,train
train/train/excavator/閽╂満2571.npy,1,excavator,train
train/train/excavator/閽╂満0341.npy,1,excavator,train
train/train/excavator/閽╂満3018.npy,1,excavator,train
train/train/excavator/閽╂満2842.npy,1,excavator,train
train/train/excavator/閽╂満3170.npy,1,excavator,train
train/train/excavator/閽╂満1097.npy,1,excavator,train
train/train/excavator/閽╂満1086.npy,1,excavator,train
train/train/excavator/閽╂満3515.npy,1,excavator,train
train/train/excavator/閽╂満1698.npy,1,excavator,train
train/train/excavator/閽╂満2896.npy,1,excavator,train
train/train/excavator/閽╂満0507.npy,1,excavator,train
train/train/excavator/閽╂満3589.npy,1,excavator,train
train/train/excavator/閽╂満2214.npy,1,excavator,train
train/train/excavator/閽╂満2389.npy,1,excavator,train
train/train/excavator/閽╂満1840.npy,1,excavator,train
train/train/excavator/閽╂満1990.npy,1,excavator,train
train/train/excavator/閽╂満2346.npy,1,excavator,train
train/train/excavator/閽╂満2647.npy,1,excavator,train
train/train/excavator/閽╂満2362.npy,1,excavator,train
train/train/excavator/閽╂満1428.npy,1,excavator,train
train/train/excavator/閽╂満2984.npy,1,excavator,train
train/train/excavator/閽╂満0949.npy,1,excavator,train
train/train/excavator/閽╂満3020.npy,1,excavator,train
train/train/excavator/閽╂満2237.npy,1,excavator,train
train/train/excavator/閽╂満2551.npy,1,excavator,train
train/train/excavator/閽╂満1859.npy,1,excavator,train
train/train/excavator/閽╂満1071.npy,1,excavator,train
train/train/excavator/閽╂満1621.npy,1,excavator,train
train/train/excavator/閽╂満3407.npy,1,excavator,train
train/train/excavator/閽╂満3561.npy,1,excavator,train
train/train/excavator/閽╂満1858.npy,1,excavator,train
train/train/excavator/閽╂満0775.npy,1,excavator,train
train/train/excavator/閽╂満2036.npy,1,excavator,train
train/train/excavator/閽╂満2692.npy,1,excavator,train
train/train/excavator/閽╂満3396.npy,1,excavator,train
train/train/excavator/閽╂満1883.npy,1,excavator,train
train/train/excavator/閽╂満2608.npy,1,excavator,train
train/train/excavator/閽╂満2911.npy,1,excavator,train
train/train/excavator/閽╂満1055.npy,1,excavator,train
train/train/excavator/閽╂満2512.npy,1,excavator,train
train/train/excavator/閽╂満0223.npy,1,excavator,train
train/train/excavator/閽╂満1782.npy,1,excavator,train
train/train/excavator/閽╂満0409.npy,1,excavator,train
train/train/excavator/閽╂満1740.npy,1,excavator,train
train/train/excavator/閽╂満0136.npy,1,excavator,train
train/train/excavator/閽╂満0277.npy,1,excavator,train
train/train/excavator/閽╂満2240.npy,1,excavator,train
train/train/excavator/閽╂満1122.npy,1,excavator,train
train/train/excavator/閽╂満1103.npy,1,excavator,train
train/train/excavator/閽╂満2155.npy,1,excavator,train
train/train/excavator/閽╂満1707.npy,1,excavator,train
train/train/excavator/閽╂満0243.npy,1,excavator,train
train/train/excavator/閽╂満0362.npy,1,excavator,train
train/train/excavator/閽╂満0520.npy,1,excavator,train
train/train/excavator/閽╂満0001.npy,1,excavator,train
train/train/excavator/閽╂満3113.npy,1,excavator,train
train/train/excavator/閽╂満2547.npy,1,excavator,train
train/train/excavator/閽╂満1809.npy,1,excavator,train
train/train/excavator/閽╂満0282.npy,1,excavator,train
train/train/excavator/閽╂満3496.npy,1,excavator,train
train/train/excavator/閽╂満1096.npy,1,excavator,train
train/train/excavator/閽╂満0234.npy,1,excavator,train
train/train/excavator/閽╂満3324.npy,1,excavator,train
train/train/excavator/閽╂満1589.npy,1,excavator,train
train/train/excavator/閽╂満3090.npy,1,excavator,train
train/train/excavator/閽╂満0784.npy,1,excavator,train
train/train/excavator/閽╂満2419.npy,1,excavator,train
train/train/excavator/閽╂満2651.npy,1,excavator,train
train/train/excavator/閽╂満0117.npy,1,excavator,train
train/train/excavator/閽╂満0776.npy,1,excavator,train
train/train/excavator/閽╂満3575.npy,1,excavator,train
train/train/excavator/閽╂満2743.npy,1,excavator,train
train/train/excavator/閽╂満0497.npy,1,excavator,train
train/train/excavator/閽╂満0229.npy,1,excavator,train
train/train/excavator/閽╂満3319.npy,1,excavator,train
train/train/excavator/閽╂満0995.npy,1,excavator,train
train/train/excavator/閽╂満0473.npy,1,excavator,train
train/train/excavator/閽╂満0984.npy,1,excavator,train
train/train/excavator/閽╂満1021.npy,1,excavator,train
train/train/excavator/閽╂満0907.npy,1,excavator,train
train/train/excavator/閽╂満3584.npy,1,excavator,train
train/train/excavator/閽╂満0392.npy,1,excavator,train
train/train/excavator/閽╂満2994.npy,1,excavator,train
train/train/excavator/閽╂満0940.npy,1,excavator,train
train/train/excavator/閽╂満0186.npy,1,excavator,train
train/train/excavator/閽╂満0145.npy,1,excavator,train
train/train/excavator/閽╂満0769.npy,1,excavator,train
train/train/excavator/閽╂満1772.npy,1,excavator,train
train/train/excavator/閽╂満3489.npy,1,excavator,train
train/train/excavator/閽╂満1777.npy,1,excavator,train
train/train/excavator/閽╂満0332.npy,1,excavator,train
train/train/excavator/閽╂満2807.npy,1,excavator,train
train/train/excavator/閽╂満0871.npy,1,excavator,train
train/train/excavator/閽╂満1018.npy,1,excavator,train
train/train/excavator/閽╂満1063.npy,1,excavator,train
train/train/excavator/閽╂満1546.npy,1,excavator,train
train/train/excavator/閽╂満2855.npy,1,excavator,train
train/train/excavator/閽╂満0543.npy,1,excavator,train
train/train/excavator/閽╂満2672.npy,1,excavator,train
train/train/excavator/閽╂満0178.npy,1,excavator,train
train/train/excavator/閽╂満0429.npy,1,excavator,train
train/train/excavator/閽╂満1426.npy,1,excavator,train
train/train/excavator/閽╂満2304.npy,1,excavator,train
train/train/excavator/閽╂満2360.npy,1,excavator,train
train/train/excavator/閽╂満2239.npy,1,excavator,train
train/train/excavator/閽╂満0521.npy,1,excavator,train
train/train/excavator/閽╂満3009.npy,1,excavator,train
train/train/excavator/閽╂満0335.npy,1,excavator,train
train/train/excavator/閽╂満2398.npy,1,excavator,train
train/train/excavator/閽╂満2637.npy,1,excavator,train
train/train/excavator/閽╂満2418.npy,1,excavator,train
train/train/excavator/閽╂満1917.npy,1,excavator,train
train/train/excavator/閽╂満0390.npy,1,excavator,train
train/train/excavator/閽╂満0564.npy,1,excavator,train
train/train/excavator/閽╂満2993.npy,1,excavator,train
train/train/excavator/閽╂満3606.npy,1,excavator,train
train/train/excavator/閽╂満1980.npy,1,excavator,train
train/train/excavator/閽╂満0417.npy,1,excavator,train
train/train/excavator/閽╂満0537.npy,1,excavator,train
train/train/excavator/閽╂満0514.npy,1,excavator,train
train/train/excavator/閽╂満2148.npy,1,excavator,train
train/train/excavator/閽╂満3068.npy,1,excavator,train
train/train/excavator/閽╂満0172.npy,1,excavator,train
train/train/excavator/閽╂満0604.npy,1,excavator,train
train/train/excavator/閽╂満3508.npy,1,excavator,train
train/train/excavator/閽╂満0777.npy,1,excavator,train
train/train/excavator/閽╂満2147.npy,1,excavator,train
train/train/excavator/閽╂満1040.npy,1,excavator,train
train/train/excavator/閽╂満2943.npy,1,excavator,train
train/train/excavator/閽╂満0182.npy,1,excavator,train
train/train/excavator/閽╂満2190.npy,1,excavator,train
train/train/excavator/閽╂満1704.npy,1,excavator,train
train/train/excavator/閽╂満3115.npy,1,excavator,train
train/train/excavator/閽╂満2106.npy,1,excavator,train
train/train/excavator/閽╂満2961.npy,1,excavator,train
train/train/excavator/閽╂満2150.npy,1,excavator,train
train/train/excavator/閽╂満1019.npy,1,excavator,train
train/train/excavator/閽╂満1677.npy,1,excavator,train
train/train/excavator/閽╂満1016.npy,1,excavator,train
train/train/excavator/閽╂満2426.npy,1,excavator,train
train/train/excavator/閽╂満1026.npy,1,excavator,train
train/train/excavator/閽╂満3220.npy,1,excavator,train
train/train/excavator/閽╂満1783.npy,1,excavator,train
train/train/excavator/閽╂満1667.npy,1,excavator,train
train/train/excavator/閽╂満1695.npy,1,excavator,train
train/train/excavator/閽╂満1927.npy,1,excavator,train
train/train/excavator/閽╂満0656.npy,1,excavator,train
train/train/excavator/閽╂満2102.npy,1,excavator,train
train/train/excavator/閽╂満1576.npy,1,excavator,train
train/train/excavator/閽╂満0649.npy,1,excavator,train
train/train/excavator/閽╂満2311.npy,1,excavator,train
train/train/excavator/閽╂満3075.npy,1,excavator,train
train/train/excavator/閽╂満0248.npy,1,excavator,train
train/train/excavator/閽╂満2462.npy,1,excavator,train
train/train/excavator/閽╂満0469.npy,1,excavator,train
train/train/excavator/閽╂満0876.npy,1,excavator,train
train/train/excavator/閽╂満3101.npy,1,excavator,train
train/train/excavator/閽╂満1544.npy,1,excavator,train
train/train/excavator/閽╂満3360.npy,1,excavator,train
train/train/excavator/閽╂満2522.npy,1,excavator,train
train/train/excavator/閽╂満2118.npy,1,excavator,train
train/train/excavator/閽╂満0844.npy,1,excavator,train
train/train/excavator/閽╂満1861.npy,1,excavator,train
train/train/excavator/閽╂満0246.npy,1,excavator,train
train/train/excavator/閽╂満1739.npy,1,excavator,train
train/train/excavator/閽╂満0540.npy,1,excavator,train
train/train/excavator/閽╂満2060.npy,1,excavator,train
train/train/excavator/閽╂満2583.npy,1,excavator,train
train/train/excavator/閽╂満1594.npy,1,excavator,train
train/train/excavator/閽╂満3218.npy,1,excavator,train
train/train/excavator/閽╂満1480.npy,1,excavator,train
train/train/excavator/閽╂満2972.npy,1,excavator,train
train/train/excavator/閽╂満0278.npy,1,excavator,train
train/train/excavator/閽╂満2004.npy,1,excavator,train
train/train/excavator/閽╂満3166.npy,1,excavator,train
train/train/excavator/閽╂満1731.npy,1,excavator,train
train/train/excavator/閽╂満0985.npy,1,excavator,train
train/train/excavator/閽╂満2595.npy,1,excavator,train
train/train/excavator/閽╂満2815.npy,1,excavator,train
train/train/excavator/閽╂満2254.npy,1,excavator,train
train/train/excavator/閽╂満0884.npy,1,excavator,train
train/train/excavator/閽╂満1430.npy,1,excavator,train
train/train/excavator/閽╂満3037.npy,1,excavator,train
train/train/excavator/閽╂満2112.npy,1,excavator,train
train/train/excavator/閽╂満3424.npy,1,excavator,train
train/train/excavator/閽╂満2364.npy,1,excavator,train
train/train/excavator/閽╂満1700.npy,1,excavator,train
train/train/excavator/閽╂満3273.npy,1,excavator,train
train/train/excavator/閽╂満2224.npy,1,excavator,train
train/train/excavator/閽╂満3296.npy,1,excavator,train
train/train/excavator/閽╂満1476.npy,1,excavator,train
train/train/excavator/閽╂満2189.npy,1,excavator,train
train/train/excavator/閽╂満1637.npy,1,excavator,train
train/train/excavator/閽╂満0730.npy,1,excavator,train
train/train/excavator/閽╂満0254.npy,1,excavator,train
train/train/excavator/閽╂満0420.npy,1,excavator,train
train/train/excavator/閽╂満1931.npy,1,excavator,train
train/train/excavator/閽╂満2885.npy,1,excavator,train
train/train/excavator/閽╂満3344.npy,1,excavator,train
train/train/excavator/閽╂満2344.npy,1,excavator,train
train/train/excavator/閽╂満0661.npy,1,excavator,train
train/train/excavator/閽╂満0468.npy,1,excavator,train
train/train/excavator/閽╂満0226.npy,1,excavator,train
train/train/excavator/閽╂満2644.npy,1,excavator,train
train/train/excavator/閽╂満2681.npy,1,excavator,train
train/train/excavator/閽╂満1111.npy,1,excavator,train
train/train/excavator/閽╂満3157.npy,1,excavator,train
train/train/excavator/閽╂満2196.npy,1,excavator,train
train/train/excavator/閽╂満3251.npy,1,excavator,train
train/train/excavator/閽╂満3305.npy,1,excavator,train
train/train/excavator/閽╂満0166.npy,1,excavator,train
train/train/excavator/閽╂満3332.npy,1,excavator,train
train/train/excavator/閽╂満3507.npy,1,excavator,train
train/train/excavator/閽╂満0334.npy,1,excavator,train
train/train/excavator/閽╂満0197.npy,1,excavator,train
train/train/excavator/閽╂満3034.npy,1,excavator,train
train/train/excavator/閽╂満3576.npy,1,excavator,train
train/train/excavator/閽╂満2723.npy,1,excavator,train
train/train/excavator/閽╂満3173.npy,1,excavator,train
train/train/excavator/閽╂満1850.npy,1,excavator,train
train/train/excavator/閽╂満0446.npy,1,excavator,train
train/train/excavator/閽╂満3372.npy,1,excavator,train
train/train/excavator/閽╂満3092.npy,1,excavator,train
train/train/excavator/閽╂満2087.npy,1,excavator,train
train/train/excavator/閽╂満3048.npy,1,excavator,train
train/train/excavator/閽╂満0272.npy,1,excavator,train
train/train/excavator/閽╂満2837.npy,1,excavator,train
train/train/excavator/閽╂満3352.npy,1,excavator,train
train/train/excavator/閽╂満2948.npy,1,excavator,train
train/train/excavator/閽╂満1585.npy,1,excavator,train
train/train/excavator/閽╂満2560.npy,1,excavator,train
train/train/excavator/閽╂満3082.npy,1,excavator,train
train/train/excavator/閽╂満2385.npy,1,excavator,train
train/train/excavator/閽╂満2774.npy,1,excavator,train
train/train/excavator/閽╂満1878.npy,1,excavator,train
train/train/excavator/閽╂満2735.npy,1,excavator,train
train/train/excavator/閽╂満0836.npy,1,excavator,train
train/train/excavator/閽╂満2679.npy,1,excavator,train
train/train/excavator/閽╂満2290.npy,1,excavator,train
train/train/excavator/閽╂満3553.npy,1,excavator,train
train/train/excavator/閽╂満0999.npy,1,excavator,train
train/train/excavator/閽╂満0289.npy,1,excavator,train
train/train/excavator/閽╂満2816.npy,1,excavator,train
train/train/excavator/閽╂満2057.npy,1,excavator,train
train/train/excavator/閽╂満0920.npy,1,excavator,train
train/train/excavator/閽╂満2829.npy,1,excavator,train
train/train/excavator/閽╂満3355.npy,1,excavator,train
train/train/excavator/閽╂満2617.npy,1,excavator,train
train/train/excavator/閽╂満1800.npy,1,excavator,train
train/train/excavator/閽╂満2032.npy,1,excavator,train
train/train/excavator/閽╂満1655.npy,1,excavator,train
train/train/excavator/閽╂満0070.npy,1,excavator,train
train/train/excavator/閽╂満1095.npy,1,excavator,train
train/train/excavator/閽╂満3633.npy,1,excavator,train
train/train/excavator/閽╂満0381.npy,1,excavator,train
train/train/excavator/閽╂満0629.npy,1,excavator,train
train/train/excavator/閽╂満2213.npy,1,excavator,train
train/train/excavator/閽╂満1966.npy,1,excavator,train
train/train/excavator/閽╂満2992.npy,1,excavator,train
train/train/excavator/閽╂満2318.npy,1,excavator,train
train/train/excavator/閽╂満1570.npy,1,excavator,train
train/train/excavator/閽╂満0292.npy,1,excavator,train
train/train/excavator/閽╂満1553.npy,1,excavator,train
train/train/excavator/閽╂満1926.npy,1,excavator,train
train/train/excavator/閽╂満1613.npy,1,excavator,train
train/train/excavator/閽╂満3300.npy,1,excavator,train
train/train/excavator/閽╂満0331.npy,1,excavator,train
train/train/excavator/閽╂満3630.npy,1,excavator,train
train/train/excavator/閽╂満3294.npy,1,excavator,train
train/train/excavator/閽╂満3573.npy,1,excavator,train
train/train/excavator/閽╂満2173.npy,1,excavator,train
train/train/excavator/閽╂満2210.npy,1,excavator,train
train/train/excavator/閽╂満2995.npy,1,excavator,train
train/train/excavator/閽╂満0315.npy,1,excavator,train
train/train/excavator/閽╂満1831.npy,1,excavator,train
train/train/excavator/閽╂満0755.npy,1,excavator,train
train/train/excavator/閽╂満1893.npy,1,excavator,train
train/train/excavator/閽╂満2818.npy,1,excavator,train
train/train/excavator/閽╂満0338.npy,1,excavator,train
train/train/excavator/閽╂満2912.npy,1,excavator,train
train/train/excavator/閽╂満0170.npy,1,excavator,train
train/train/excavator/閽╂満0085.npy,1,excavator,train
train/train/excavator/閽╂満0007.npy,1,excavator,train
train/train/excavator/閽╂満2341.npy,1,excavator,train
train/train/excavator/閽╂満0265.npy,1,excavator,train
train/train/excavator/閽╂満2796.npy,1,excavator,train
train/train/excavator/閽╂満2381.npy,1,excavator,train
train/train/excavator/閽╂満0501.npy,1,excavator,train
train/train/excavator/閽╂満0896.npy,1,excavator,train
train/train/excavator/閽╂満1847.npy,1,excavator,train
train/train/excavator/閽╂満3470.npy,1,excavator,train
train/train/excavator/閽╂満2821.npy,1,excavator,train
train/train/excavator/閽╂満1004.npy,1,excavator,train
train/train/excavator/閽╂満2860.npy,1,excavator,train
train/train/excavator/閽╂満3330.npy,1,excavator,train
train/train/excavator/閽╂満2742.npy,1,excavator,train
train/train/excavator/閽╂満1820.npy,1,excavator,train
train/train/excavator/閽╂満3439.npy,1,excavator,train
train/train/excavator/閽╂満2696.npy,1,excavator,train
train/train/excavator/閽╂満0184.npy,1,excavator,train
train/train/excavator/閽╂満0034.npy,1,excavator,train
train/train/excavator/閽╂満0008.npy,1,excavator,train
train/train/excavator/閽╂満1911.npy,1,excavator,train
train/train/excavator/閽╂満1759.npy,1,excavator,train
train/train/excavator/閽╂満2559.npy,1,excavator,train
train/train/excavator/閽╂満2371.npy,1,excavator,train
train/train/excavator/閽╂満1797.npy,1,excavator,train
train/train/excavator/閽╂満0617.npy,1,excavator,train
train/train/excavator/閽╂満1818.npy,1,excavator,train
train/train/excavator/閽╂満1987.npy,1,excavator,train
train/train/excavator/閽╂満1995.npy,1,excavator,train
train/train/excavator/閽╂満2461.npy,1,excavator,train
train/train/excavator/閽╂満2909.npy,1,excavator,train
train/train/excavator/閽╂満0139.npy,1,excavator,train
train/train/excavator/閽╂満2646.npy,1,excavator,train
train/train/excavator/閽╂満0021.npy,1,excavator,train
train/train/excavator/閽╂満0020.npy,1,excavator,train
train/train/excavator/閽╂満3358.npy,1,excavator,train
train/train/excavator/閽╂満0782.npy,1,excavator,train
train/train/excavator/閽╂満1115.npy,1,excavator,train
train/train/excavator/閽╂満2267.npy,1,excavator,train
train/train/excavator/閽╂満0329.npy,1,excavator,train
train/train/excavator/閽╂満3122.npy,1,excavator,train
train/train/excavator/閽╂満0725.npy,1,excavator,train
train/train/excavator/閽╂満1788.npy,1,excavator,train
train/train/excavator/閽╂満2191.npy,1,excavator,train
train/train/excavator/閽╂満0317.npy,1,excavator,train
train/train/excavator/閽╂満0642.npy,1,excavator,train
train/train/excavator/閽╂満3425.npy,1,excavator,train
train/train/excavator/閽╂満0488.npy,1,excavator,train
train/train/excavator/閽╂満0398.npy,1,excavator,train
train/train/excavator/閽╂満1529.npy,1,excavator,train
train/train/excavator/閽╂満1110.npy,1,excavator,train
train/train/excavator/閽╂満1690.npy,1,excavator,train
train/train/excavator/閽╂満0739.npy,1,excavator,train
train/train/excavator/閽╂満2013.npy,1,excavator,train
train/train/excavator/閽╂満0093.npy,1,excavator,train
train/train/excavator/閽╂満1038.npy,1,excavator,train
train/train/excavator/閽╂満1582.npy,1,excavator,train
train/train/excavator/閽╂満1525.npy,1,excavator,train
train/train/excavator/閽╂満1616.npy,1,excavator,train
train/train/excavator/閽╂満1694.npy,1,excavator,train
train/train/excavator/閽╂満3164.npy,1,excavator,train
train/train/excavator/閽╂満2776.npy,1,excavator,train
train/train/excavator/閽╂満2684.npy,1,excavator,train
train/train/excavator/閽╂満1916.npy,1,excavator,train
train/train/excavator/閽╂満0580.npy,1,excavator,train
train/train/excavator/閽╂満2120.npy,1,excavator,train
train/train/excavator/閽╂満0622.npy,1,excavator,train
train/train/excavator/閽╂満2654.npy,1,excavator,train
train/train/excavator/閽╂満3599.npy,1,excavator,train
train/train/excavator/閽╂満2457.npy,1,excavator,train
train/train/excavator/閽╂満3341.npy,1,excavator,train
train/train/excavator/閽╂満2483.npy,1,excavator,train
train/train/excavator/閽╂満2215.npy,1,excavator,train
train/train/excavator/閽╂満2707.npy,1,excavator,train
train/train/excavator/閽╂満3111.npy,1,excavator,train
train/train/excavator/閽╂満3171.npy,1,excavator,train
train/train/excavator/閽╂満3015.npy,1,excavator,train
train/train/excavator/閽╂満2115.npy,1,excavator,train
train/train/excavator/閽╂満1880.npy,1,excavator,train
train/train/excavator/閽╂満3236.npy,1,excavator,train
train/train/excavator/閽╂満3593.npy,1,excavator,train
train/train/excavator/閽╂満0744.npy,1,excavator,train
train/train/excavator/閽╂満0492.npy,1,excavator,train
train/train/excavator/閽╂満0553.npy,1,excavator,train
train/train/excavator/閽╂満2781.npy,1,excavator,train
train/train/excavator/閽╂満3153.npy,1,excavator,train
train/train/excavator/閽╂満2069.npy,1,excavator,train
train/train/excavator/閽╂満0979.npy,1,excavator,train
train/train/excavator/閽╂満2055.npy,1,excavator,train
train/train/excavator/閽╂満0651.npy,1,excavator,train
train/train/excavator/閽╂満0743.npy,1,excavator,train
train/train/excavator/閽╂満3411.npy,1,excavator,train
train/train/excavator/閽╂満1417.npy,1,excavator,train
train/train/excavator/閽╂満2854.npy,1,excavator,train
train/train/excavator/閽╂満0951.npy,1,excavator,train
train/train/excavator/閽╂満2220.npy,1,excavator,train
train/train/excavator/閽╂満3501.npy,1,excavator,train
train/train/excavator/閽╂満0165.npy,1,excavator,train
train/train/excavator/閽╂満1814.npy,1,excavator,train
train/train/excavator/閽╂満0988.npy,1,excavator,train
train/train/excavator/閽╂満1684.npy,1,excavator,train
train/train/excavator/閽╂満0850.npy,1,excavator,train
train/train/excavator/閽╂満0950.npy,1,excavator,train
train/train/excavator/閽╂満1959.npy,1,excavator,train
train/train/excavator/閽╂満1049.npy,1,excavator,train
train/train/excavator/閽╂満1787.npy,1,excavator,train
train/train/excavator/閽╂満2557.npy,1,excavator,train
train/train/excavator/閽╂満2971.npy,1,excavator,train
train/train/excavator/閽╂満3145.npy,1,excavator,train
train/train/excavator/閽╂満0640.npy,1,excavator,train
train/train/excavator/閽╂満2292.npy,1,excavator,train
train/train/excavator/閽╂満2832.npy,1,excavator,train
train/train/excavator/閽╂満0457.npy,1,excavator,train
train/train/excavator/閽╂満0103.npy,1,excavator,train
train/train/excavator/閽╂満1982.npy,1,excavator,train
train/train/excavator/閽╂満3350.npy,1,excavator,train
train/train/excavator/閽╂満0605.npy,1,excavator,train
train/train/excavator/閽╂満3487.npy,1,excavator,train
train/train/excavator/閽╂満0388.npy,1,excavator,train
train/train/excavator/閽╂満0762.npy,1,excavator,train
train/train/excavator/閽╂満1114.npy,1,excavator,train
train/train/excavator/閽╂満2526.npy,1,excavator,train
train/train/excavator/閽╂満0955.npy,1,excavator,train
train/train/excavator/閽╂満1666.npy,1,excavator,train
train/train/excavator/閽╂満0608.npy,1,excavator,train
train/train/excavator/閽╂満2353.npy,1,excavator,train
train/train/excavator/閽╂満1636.npy,1,excavator,train
train/train/excavator/閽╂満0754.npy,1,excavator,train
train/train/excavator/閽╂満2018.npy,1,excavator,train
train/train/excavator/閽╂満1595.npy,1,excavator,train
train/train/excavator/閽╂満1485.npy,1,excavator,train
train/train/excavator/閽╂満3388.npy,1,excavator,train
train/train/excavator/閽╂満3490.npy,1,excavator,train
train/train/excavator/閽╂満3586.npy,1,excavator,train
train/train/excavator/閽╂満0856.npy,1,excavator,train
train/train/excavator/閽╂満3189.npy,1,excavator,train
train/train/excavator/閽╂満1012.npy,1,excavator,train
train/train/excavator/閽╂満1718.npy,1,excavator,train
train/train/excavator/閽╂満3262.npy,1,excavator,train
train/train/excavator/閽╂満2123.npy,1,excavator,train
train/train/excavator/閽╂満2573.npy,1,excavator,train
train/train/excavator/閽╂満0011.npy,1,excavator,train
train/train/excavator/閽╂満2715.npy,1,excavator,train
train/train/excavator/閽╂満1519.npy,1,excavator,train
train/train/excavator/閽╂満0882.npy,1,excavator,train
train/train/excavator/閽╂満2928.npy,1,excavator,train
train/train/excavator/閽╂満3140.npy,1,excavator,train
train/train/excavator/閽╂満1606.npy,1,excavator,train
train/train/excavator/閽╂満2674.npy,1,excavator,train
train/train/excavator/閽╂満1087.npy,1,excavator,train
train/train/excavator/閽╂満2061.npy,1,excavator,train
train/train/excavator/閽╂満1419.npy,1,excavator,train
train/train/excavator/閽╂満0677.npy,1,excavator,train
train/train/excavator/閽╂満1495.npy,1,excavator,train
train/train/excavator/閽╂満0883.npy,1,excavator,train
train/train/excavator/閽╂満3302.npy,1,excavator,train
train/train/excavator/閽╂満0602.npy,1,excavator,train
train/train/excavator/閽╂満0110.npy,1,excavator,train
train/train/excavator/閽╂満2435.npy,1,excavator,train
train/train/excavator/閽╂満0089.npy,1,excavator,train
train/train/excavator/閽╂満2146.npy,1,excavator,train
train/train/excavator/閽╂満0496.npy,1,excavator,train
train/train/excavator/閽╂満0827.npy,1,excavator,train
train/train/excavator/閽╂満2268.npy,1,excavator,train
train/train/excavator/閽╂満1659.npy,1,excavator,train
train/train/excavator/閽╂満1644.npy,1,excavator,train
train/train/excavator/閽╂満0590.npy,1,excavator,train
train/train/excavator/閽╂満3267.npy,1,excavator,train
train/train/excavator/閽╂満2383.npy,1,excavator,train
train/train/excavator/閽╂満3287.npy,1,excavator,train
train/train/excavator/閽╂満2717.npy,1,excavator,train
train/train/excavator/閽╂満1889.npy,1,excavator,train
train/train/excavator/閽╂満2195.npy,1,excavator,train
train/train/excavator/閽╂満0099.npy,1,excavator,train
train/train/excavator/閽╂満3410.npy,1,excavator,train
train/train/excavator/閽╂満2489.npy,1,excavator,train
train/train/excavator/閽╂満1673.npy,1,excavator,train
train/train/excavator/閽╂満1080.npy,1,excavator,train
train/train/excavator/閽╂満2179.npy,1,excavator,train
train/train/excavator/閽╂満2874.npy,1,excavator,train
train/train/excavator/閽╂満2506.npy,1,excavator,train
train/train/excavator/閽╂満2724.npy,1,excavator,train
train/train/excavator/閽╂満2048.npy,1,excavator,train
train/train/excavator/閽╂満1481.npy,1,excavator,train
train/train/excavator/閽╂満0583.npy,1,excavator,train
train/train/excavator/閽╂満2382.npy,1,excavator,train
train/train/excavator/閽╂満3610.npy,1,excavator,train
train/train/excavator/閽╂満0376.npy,1,excavator,train
train/train/excavator/閽╂満2005.npy,1,excavator,train
train/train/excavator/閽╂満0901.npy,1,excavator,train
train/train/excavator/閽╂満2542.npy,1,excavator,train
train/train/excavator/閽╂満0225.npy,1,excavator,train
train/train/excavator/閽╂満0413.npy,1,excavator,train
train/train/excavator/閽╂満1969.npy,1,excavator,train
train/train/excavator/閽╂満1789.npy,1,excavator,train
train/train/excavator/閽╂満2230.npy,1,excavator,train
train/train/excavator/閽╂満1409.npy,1,excavator,train
train/train/excavator/閽╂満1089.npy,1,excavator,train
train/train/excavator/閽╂満2024.npy,1,excavator,train
train/train/excavator/閽╂満1452.npy,1,excavator,train
train/train/excavator/閽╂満1406.npy,1,excavator,train
train/train/excavator/閽╂満1958.npy,1,excavator,train
train/train/excavator/閽╂満0810.npy,1,excavator,train
train/train/excavator/閽╂満0545.npy,1,excavator,train
train/train/excavator/閽╂満2602.npy,1,excavator,train
train/train/excavator/閽╂満1543.npy,1,excavator,train
train/train/excavator/閽╂満3343.npy,1,excavator,train
train/train/excavator/閽╂満2031.npy,1,excavator,train
train/train/excavator/閽╂満1465.npy,1,excavator,train
train/train/excavator/閽╂満0159.npy,1,excavator,train
train/train/excavator/閽╂満3419.npy,1,excavator,train
train/train/excavator/閽╂満0394.npy,1,excavator,train
train/train/excavator/閽╂満1614.npy,1,excavator,train
train/train/excavator/閽╂満3175.npy,1,excavator,train
train/train/excavator/閽╂満0158.npy,1,excavator,train
train/train/excavator/閽╂満2245.npy,1,excavator,train
train/train/excavator/閽╂満3288.npy,1,excavator,train
train/train/excavator/閽╂満1753.npy,1,excavator,train
train/train/excavator/閽╂満3518.npy,1,excavator,train
train/train/excavator/閽╂満0490.npy,1,excavator,train
train/train/excavator/閽╂満2953.npy,1,excavator,train
train/train/excavator/閽╂満1564.npy,1,excavator,train
train/train/excavator/閽╂満0342.npy,1,excavator,train
train/train/excavator/閽╂満2334.npy,1,excavator,train
train/train/excavator/閽╂満3621.npy,1,excavator,train
train/train/excavator/閽╂満0198.npy,1,excavator,train
train/train/excavator/閽╂満1734.npy,1,excavator,train
train/train/excavator/閽╂満3234.npy,1,excavator,train
train/train/excavator/閽╂満3616.npy,1,excavator,train
train/train/excavator/閽╂満1856.npy,1,excavator,train
train/train/excavator/閽╂満3476.npy,1,excavator,train
train/train/excavator/閽╂満1992.npy,1,excavator,train
train/train/excavator/閽╂満0333.npy,1,excavator,train
train/train/excavator/閽╂満2026.npy,1,excavator,train
train/train/excavator/閽╂満1412.npy,1,excavator,train
train/train/excavator/閽╂満0382.npy,1,excavator,train
train/train/excavator/閽╂満0047.npy,1,excavator,train
train/train/excavator/閽╂満0584.npy,1,excavator,train
train/train/excavator/閽╂満0430.npy,1,excavator,train
train/train/excavator/閽╂満1039.npy,1,excavator,train
train/train/excavator/閽╂満2279.npy,1,excavator,train
train/train/excavator/閽╂満2388.npy,1,excavator,train
train/train/excavator/閽╂満2202.npy,1,excavator,train
train/train/excavator/閽╂満3298.npy,1,excavator,train
train/train/excavator/閽╂満2693.npy,1,excavator,train
train/train/excavator/閽╂満2072.npy,1,excavator,train
train/train/excavator/閽╂満2975.npy,1,excavator,train
train/train/excavator/閽╂満1479.npy,1,excavator,train
train/train/excavator/閽╂満3635.npy,1,excavator,train
train/train/excavator/閽╂満3318.npy,1,excavator,train
train/train/excavator/閽╂満3219.npy,1,excavator,train
train/train/excavator/閽╂満0404.npy,1,excavator,train
train/train/excavator/閽╂満1526.npy,1,excavator,train
train/train/excavator/閽╂満0459.npy,1,excavator,train
train/train/excavator/閽╂満1120.npy,1,excavator,train
train/train/excavator/閽╂満1431.npy,1,excavator,train
train/train/excavator/閽╂満2392.npy,1,excavator,train
train/train/excavator/閽╂満1996.npy,1,excavator,train
train/train/excavator/閽╂満0953.npy,1,excavator,train
train/train/excavator/閽╂満0672.npy,1,excavator,train
train/train/excavator/閽╂満1699.npy,1,excavator,train
train/train/excavator/閽╂満0665.npy,1,excavator,train
train/train/excavator/閽╂満3047.npy,1,excavator,train
train/train/excavator/閽╂満0491.npy,1,excavator,train
train/train/excavator/閽╂満3074.npy,1,excavator,train
train/train/excavator/閽╂満0717.npy,1,excavator,train
train/train/excavator/閽╂満1680.npy,1,excavator,train
train/train/excavator/閽╂満1864.npy,1,excavator,train
train/train/excavator/閽╂満3607.npy,1,excavator,train
train/train/excavator/閽╂満1786.npy,1,excavator,train
train/train/excavator/閽╂満2476.npy,1,excavator,train
train/train/excavator/閽╂満2281.npy,1,excavator,train
train/train/excavator/閽╂満0890.npy,1,excavator,train
train/train/excavator/閽╂満1827.npy,1,excavator,train
train/train/excavator/閽╂満1938.npy,1,excavator,train
train/train/excavator/閽╂満2171.npy,1,excavator,train
train/train/excavator/閽╂満2331.npy,1,excavator,train
train/train/excavator/閽╂満2756.npy,1,excavator,train
train/train/excavator/閽╂満2288.npy,1,excavator,train
train/train/excavator/閽╂満2634.npy,1,excavator,train
train/train/excavator/閽╂満0450.npy,1,excavator,train
train/train/excavator/閽╂満2940.npy,1,excavator,train
train/train/excavator/閽╂満3546.npy,1,excavator,train
train/train/excavator/閽╂満0122.npy,1,excavator,train
train/train/excavator/閽╂満0576.npy,1,excavator,train
train/train/excavator/閽╂満3076.npy,1,excavator,train
train/train/excavator/閽╂満1758.npy,1,excavator,train
train/train/excavator/閽╂満1837.npy,1,excavator,train
train/train/excavator/閽╂満1094.npy,1,excavator,train
train/train/excavator/閽╂満0108.npy,1,excavator,train
train/train/excavator/閽╂満0607.npy,1,excavator,train
train/train/excavator/閽╂満2406.npy,1,excavator,train
train/train/excavator/閽╂満3124.npy,1,excavator,train
train/train/excavator/閽╂満1908.npy,1,excavator,train
train/train/excavator/閽╂満0478.npy,1,excavator,train
train/train/excavator/閽╂満0283.npy,1,excavator,train
train/train/excavator/閽╂満0696.npy,1,excavator,train
train/train/excavator/閽╂満1477.npy,1,excavator,train
train/train/excavator/閽╂満2899.npy,1,excavator,train
train/train/excavator/閽╂満0094.npy,1,excavator,train
train/train/excavator/閽╂満2989.npy,1,excavator,train
train/train/excavator/閽╂満0683.npy,1,excavator,train
train/train/excavator/閽╂満0699.npy,1,excavator,train
train/train/excavator/閽╂満2524.npy,1,excavator,train
train/train/excavator/閽╂満1964.npy,1,excavator,train
train/train/excavator/閽╂満3335.npy,1,excavator,train
train/train/excavator/閽╂満2549.npy,1,excavator,train
train/train/excavator/閽╂満2405.npy,1,excavator,train
train/train/excavator/閽╂満0161.npy,1,excavator,train
train/train/excavator/閽╂満0616.npy,1,excavator,train
train/train/excavator/閽╂満0426.npy,1,excavator,train
train/train/excavator/閽╂満0846.npy,1,excavator,train
train/train/excavator/閽╂満0169.npy,1,excavator,train
train/train/excavator/閽╂満2121.npy,1,excavator,train
train/train/excavator/閽╂満1081.npy,1,excavator,train
train/train/excavator/閽╂満0738.npy,1,excavator,train
train/train/excavator/閽╂満0796.npy,1,excavator,train
train/train/excavator/閽╂満0626.npy,1,excavator,train
train/train/excavator/閽╂満2047.npy,1,excavator,train
train/train/excavator/閽╂満3017.npy,1,excavator,train
train/train/excavator/閽╂満3580.npy,1,excavator,train
train/train/excavator/閽╂満0904.npy,1,excavator,train
train/train/excavator/閽╂満3393.npy,1,excavator,train
train/train/excavator/閽╂満0299.npy,1,excavator,train
train/train/excavator/閽╂満3387.npy,1,excavator,train
train/train/excavator/閽╂満2729.npy,1,excavator,train
train/train/excavator/閽╂満1006.npy,1,excavator,train
train/train/excavator/閽╂満0676.npy,1,excavator,train
train/train/excavator/閽╂満0948.npy,1,excavator,train
train/train/excavator/閽╂満2643.npy,1,excavator,train
train/train/excavator/閽╂満0044.npy,1,excavator,train
train/train/excavator/閽╂満2917.npy,1,excavator,train
train/train/excavator/閽╂満1826.npy,1,excavator,train
train/train/excavator/閽╂満2127.npy,1,excavator,train
train/train/excavator/閽╂満2606.npy,1,excavator,train
train/train/excavator/閽╂満0259.npy,1,excavator,train
train/train/excavator/閽╂満0086.npy,1,excavator,train
train/train/excavator/閽╂満1692.npy,1,excavator,train
train/train/excavator/閽╂満3093.npy,1,excavator,train
train/train/excavator/閽╂満0082.npy,1,excavator,train
train/train/excavator/閽╂満0749.npy,1,excavator,train
train/train/excavator/閽╂満0284.npy,1,excavator,train
train/train/excavator/閽╂満0596.npy,1,excavator,train
train/train/excavator/閽╂満2488.npy,1,excavator,train
train/train/excavator/閽╂満0686.npy,1,excavator,train
train/train/excavator/閽╂満2705.npy,1,excavator,train
train/train/excavator/閽╂満0969.npy,1,excavator,train
train/train/excavator/閽╂満3132.npy,1,excavator,train
train/train/excavator/閽╂満0013.npy,1,excavator,train
train/train/excavator/閽╂満2454.npy,1,excavator,train
train/train/excavator/閽╂満3179.npy,1,excavator,train
train/train/excavator/閽╂満3377.npy,1,excavator,train
train/train/excavator/閽╂満2252.npy,1,excavator,train
train/train/excavator/閽╂満0815.npy,1,excavator,train
train/train/excavator/閽╂満1868.npy,1,excavator,train
train/train/excavator/閽╂満3061.npy,1,excavator,train
train/train/excavator/閽╂満0274.npy,1,excavator,train
train/train/excavator/閽╂満0353.npy,1,excavator,train
train/train/excavator/閽╂満2755.npy,1,excavator,train
train/train/excavator/閽╂満1921.npy,1,excavator,train
train/train/excavator/閽╂満0475.npy,1,excavator,train
train/train/excavator/閽╂満0252.npy,1,excavator,train
train/train/excavator/閽╂満0129.npy,1,excavator,train
train/train/excavator/閽╂満0954.npy,1,excavator,train
train/train/excavator/閽╂満0482.npy,1,excavator,train
train/train/excavator/閽╂満0963.npy,1,excavator,train
train/train/excavator/閽╂満1539.npy,1,excavator,train
train/train/excavator/閽╂満2689.npy,1,excavator,train
train/train/excavator/閽╂満3016.npy,1,excavator,train
train/train/excavator/閽╂満0644.npy,1,excavator,train
train/train/excavator/閽╂満0365.npy,1,excavator,train
train/train/excavator/閽╂満3002.npy,1,excavator,train
train/train/excavator/閽╂満3052.npy,1,excavator,train
train/train/excavator/閽╂満2590.npy,1,excavator,train
train/train/excavator/閽╂満2785.npy,1,excavator,train
train/train/excavator/閽╂満2939.npy,1,excavator,train
train/train/excavator/閽╂満2916.npy,1,excavator,train
train/train/excavator/閽╂満0525.npy,1,excavator,train
train/train/excavator/閽╂満0448.npy,1,excavator,train
train/train/excavator/閽╂満0933.npy,1,excavator,train
train/train/excavator/閽╂満0433.npy,1,excavator,train
train/train/excavator/閽╂満0451.npy,1,excavator,train
train/train/excavator/閽╂満2710.npy,1,excavator,train
train/train/excavator/閽╂満1717.npy,1,excavator,train
train/train/excavator/閽╂満0509.npy,1,excavator,train
train/train/excavator/閽╂満1887.npy,1,excavator,train
train/train/excavator/閽╂満0820.npy,1,excavator,train
train/train/excavator/閽╂満2021.npy,1,excavator,train
train/train/excavator/閽╂満0508.npy,1,excavator,train
train/train/excavator/閽╂満2465.npy,1,excavator,train
train/train/excavator/閽╂満2253.npy,1,excavator,train
train/train/excavator/閽╂満3485.npy,1,excavator,train
train/train/excavator/閽╂満2105.npy,1,excavator,train
train/train/excavator/閽╂満1076.npy,1,excavator,train
train/train/excavator/閽╂満2677.npy,1,excavator,train
train/train/excavator/閽╂満2741.npy,1,excavator,train
train/train/excavator/閽╂満2117.npy,1,excavator,train
train/train/excavator/閽╂満1462.npy,1,excavator,train
train/train/excavator/閽╂満0389.npy,1,excavator,train
train/train/excavator/閽╂満2932.npy,1,excavator,train
train/train/excavator/閽╂満3353.npy,1,excavator,train
train/train/excavator/閽╂満0249.npy,1,excavator,train
train/train/excavator/閽╂満0356.npy,1,excavator,train
train/train/excavator/閽╂満0212.npy,1,excavator,train
train/train/excavator/閽╂満3473.npy,1,excavator,train
train/train/excavator/閽╂満3458.npy,1,excavator,train
train/train/excavator/閽╂満2320.npy,1,excavator,train
train/train/excavator/閽╂満2071.npy,1,excavator,train
train/train/excavator/閽╂満0685.npy,1,excavator,train
train/train/excavator/閽╂満1662.npy,1,excavator,train
train/train/excavator/閽╂満0855.npy,1,excavator,train
train/train/excavator/閽╂満0067.npy,1,excavator,train
train/train/excavator/閽╂満2473.npy,1,excavator,train
train/train/excavator/閽╂満2589.npy,1,excavator,train
train/train/excavator/閽╂満0345.npy,1,excavator,train
train/train/excavator/閽╂満2957.npy,1,excavator,train
train/train/excavator/閽╂満3088.npy,1,excavator,train
train/train/excavator/閽╂満2627.npy,1,excavator,train
train/train/excavator/閽╂満3252.npy,1,excavator,train
train/train/excavator/閽╂満0214.npy,1,excavator,train
train/train/excavator/閽╂満2946.npy,1,excavator,train
train/train/excavator/閽╂満2789.npy,1,excavator,train
train/train/excavator/閽╂満1048.npy,1,excavator,train
train/train/excavator/閽╂満3039.npy,1,excavator,train
train/train/excavator/閽╂満2407.npy,1,excavator,train
train/train/excavator/閽╂満0038.npy,1,excavator,train
train/train/excavator/閽╂満0373.npy,1,excavator,train
train/train/excavator/閽╂満2198.npy,1,excavator,train
train/train/excavator/閽╂満1530.npy,1,excavator,train
train/train/excavator/閽╂満1469.npy,1,excavator,train
train/train/excavator/閽╂満2888.npy,1,excavator,train
train/train/excavator/閽╂満1937.npy,1,excavator,train
train/train/excavator/閽╂満1892.npy,1,excavator,train
train/train/excavator/閽╂満3208.npy,1,excavator,train
train/train/excavator/閽╂満2056.npy,1,excavator,train
train/train/excavator/閽╂満2410.npy,1,excavator,train
train/train/excavator/閽╂満0320.npy,1,excavator,train
train/train/excavator/閽╂満1841.npy,1,excavator,train
train/train/excavator/閽╂満3030.npy,1,excavator,train
train/train/excavator/閽╂満2206.npy,1,excavator,train
train/train/excavator/閽╂満2342.npy,1,excavator,train
train/train/excavator/閽╂満1944.npy,1,excavator,train
train/train/excavator/閽╂満0841.npy,1,excavator,train
train/train/excavator/閽╂満1857.npy,1,excavator,train
train/train/excavator/閽╂満3554.npy,1,excavator,train
train/train/excavator/閽╂満1014.npy,1,excavator,train
train/train/excavator/閽╂満0581.npy,1,excavator,train
train/train/excavator/閽╂満2864.npy,1,excavator,train
train/train/excavator/閽╂満3592.npy,1,excavator,train
train/train/excavator/閽╂満3045.npy,1,excavator,train
train/train/excavator/閽╂満2053.npy,1,excavator,train
train/train/excavator/閽╂満3418.npy,1,excavator,train
train/train/excavator/閽╂満3249.npy,1,excavator,train
train/train/excavator/閽╂満2501.npy,1,excavator,train
train/train/excavator/閽╂満0241.npy,1,excavator,train
train/train/excavator/閽╂満3481.npy,1,excavator,train
train/train/excavator/閽╂満3123.npy,1,excavator,train
train/train/excavator/閽╂満1500.npy,1,excavator,train
train/train/excavator/閽╂満0961.npy,1,excavator,train
train/train/excavator/閽╂満1456.npy,1,excavator,train
train/train/excavator/閽╂満2277.npy,1,excavator,train
train/train/excavator/閽╂満0766.npy,1,excavator,train
train/train/excavator/閽╂満2276.npy,1,excavator,train
train/train/excavator/閽╂満3466.npy,1,excavator,train
train/train/excavator/閽╂満3399.npy,1,excavator,train
train/train/excavator/閽╂満0834.npy,1,excavator,train
train/train/excavator/閽╂満1505.npy,1,excavator,train
train/train/excavator/閽╂満3513.npy,1,excavator,train
train/train/excavator/閽╂満2721.npy,1,excavator,train
train/train/excavator/閽╂満1956.npy,1,excavator,train
train/train/excavator/閽╂満1775.npy,1,excavator,train
train/train/excavator/閽╂満3548.npy,1,excavator,train
train/train/excavator/閽╂満3295.npy,1,excavator,train
train/train/excavator/閽╂満2111.npy,1,excavator,train
train/train/excavator/閽╂満0549.npy,1,excavator,train
train/train/excavator/閽╂満0336.npy,1,excavator,train
train/train/excavator/閽╂満3224.npy,1,excavator,train
train/train/excavator/閽╂満2011.npy,1,excavator,train
train/train/excavator/閽╂満0567.npy,1,excavator,train
train/train/excavator/閽╂満1597.npy,1,excavator,train
train/train/excavator/閽╂満2910.npy,1,excavator,train
train/train/excavator/閽╂満1710.npy,1,excavator,train
train/train/excavator/閽╂満3625.npy,1,excavator,train
train/train/excavator/閽╂満2283.npy,1,excavator,train
train/train/excavator/閽╂満1778.npy,1,excavator,train
train/train/excavator/閽╂満1768.npy,1,excavator,train
train/train/excavator/閽╂満2401.npy,1,excavator,train
train/train/excavator/閽╂満1642.npy,1,excavator,train
train/train/excavator/閽╂満2960.npy,1,excavator,train
train/train/excavator/閽╂満0325.npy,1,excavator,train
train/train/excavator/閽╂満2927.npy,1,excavator,train
train/train/excavator/閽╂満0359.npy,1,excavator,train
train/train/excavator/閽╂満2433.npy,1,excavator,train
train/train/excavator/閽╂満3214.npy,1,excavator,train
train/train/excavator/閽╂満0261.npy,1,excavator,train
train/train/excavator/閽╂満2618.npy,1,excavator,train
train/train/excavator/閽╂満0105.npy,1,excavator,train
train/train/excavator/閽╂満2265.npy,1,excavator,train
train/train/excavator/閽╂満0857.npy,1,excavator,train
train/train/excavator/閽╂満2033.npy,1,excavator,train
train/train/excavator/閽╂満3226.npy,1,excavator,train
train/train/excavator/閽╂満0603.npy,1,excavator,train
train/train/excavator/閽╂満0587.npy,1,excavator,train
train/train/excavator/閽╂満0531.npy,1,excavator,train
train/train/excavator/閽╂満2427.npy,1,excavator,train
train/train/excavator/閽╂満0974.npy,1,excavator,train
train/train/excavator/閽╂満2666.npy,1,excavator,train
train/train/excavator/閽╂満2152.npy,1,excavator,train
train/train/excavator/閽╂満2711.npy,1,excavator,train
train/train/excavator/閽╂満1562.npy,1,excavator,train
train/train/excavator/閽╂満0735.npy,1,excavator,train
train/train/excavator/閽╂満3211.npy,1,excavator,train
train/train/excavator/閽╂満2074.npy,1,excavator,train
train/train/excavator/閽╂満3486.npy,1,excavator,train
train/train/excavator/閽╂満1929.npy,1,excavator,train
train/train/excavator/閽╂満0692.npy,1,excavator,train
train/train/excavator/閽╂満3004.npy,1,excavator,train
train/train/excavator/閽╂満1607.npy,1,excavator,train
train/train/excavator/閽╂満2991.npy,1,excavator,train
train/train/excavator/閽╂満3464.npy,1,excavator,train
train/train/excavator/閽╂満3266.npy,1,excavator,train
train/train/excavator/閽╂満2326.npy,1,excavator,train
train/train/excavator/閽╂満3614.npy,1,excavator,train
train/train/excavator/閽╂満0240.npy,1,excavator,train
train/train/excavator/閽╂満2166.npy,1,excavator,train
train/train/excavator/閽╂満3447.npy,1,excavator,train
train/train/excavator/閽╂満3205.npy,1,excavator,train
train/train/excavator/閽╂満1761.npy,1,excavator,train
train/train/excavator/閽╂満0073.npy,1,excavator,train
train/train/excavator/閽╂満3333.npy,1,excavator,train
train/train/excavator/閽╂満3520.npy,1,excavator,train
train/train/excavator/閽╂満3215.npy,1,excavator,train
train/train/excavator/閽╂満0268.npy,1,excavator,train
train/train/excavator/閽╂満2336.npy,1,excavator,train
train/train/excavator/閽╂満1448.npy,1,excavator,train
train/train/excavator/閽╂満3239.npy,1,excavator,train
train/train/excavator/閽╂満0798.npy,1,excavator,train
train/train/excavator/閽╂満3567.npy,1,excavator,train
train/train/excavator/閽╂満3272.npy,1,excavator,train
train/train/excavator/閽╂満2408.npy,1,excavator,train
train/train/excavator/閽╂満1808.npy,1,excavator,train
train/train/excavator/閽╂満3098.npy,1,excavator,train
train/train/excavator/閽╂満2780.npy,1,excavator,train
train/train/excavator/閽╂満1060.npy,1,excavator,train
train/train/excavator/閽╂満3070.npy,1,excavator,train
train/train/excavator/閽╂満2289.npy,1,excavator,train
train/train/excavator/閽╂満2431.npy,1,excavator,train
train/train/excavator/閽╂満0823.npy,1,excavator,train
train/train/excavator/閽╂満3095.npy,1,excavator,train
train/train/excavator/閽╂満0599.npy,1,excavator,train
train/train/excavator/閽╂満2630.npy,1,excavator,train
train/train/excavator/閽╂満0751.npy,1,excavator,train
train/train/excavator/閽╂満3163.npy,1,excavator,train
train/train/excavator/閽╂満0727.npy,1,excavator,train
train/train/excavator/閽╂満3601.npy,1,excavator,train
train/train/excavator/閽╂満0100.npy,1,excavator,train
train/train/excavator/閽╂満3402.npy,1,excavator,train
train/train/excavator/閽╂満1725.npy,1,excavator,train
train/train/excavator/閽╂満2653.npy,1,excavator,train
train/train/excavator/閽╂満2417.npy,1,excavator,train
train/train/excavator/閽╂満0935.npy,1,excavator,train
train/train/excavator/閽╂満3362.npy,1,excavator,train
train/train/excavator/閽╂満1876.npy,1,excavator,train
train/train/excavator/閽╂満1886.npy,1,excavator,train
train/train/excavator/閽╂満2041.npy,1,excavator,train
train/train/excavator/閽╂満1117.npy,1,excavator,train
train/train/excavator/閽╂満2545.npy,1,excavator,train
train/train/excavator/閽╂満2811.npy,1,excavator,train
train/train/excavator/閽╂満2412.npy,1,excavator,train
train/train/excavator/閽╂満0568.npy,1,excavator,train
train/train/excavator/閽╂満2110.npy,1,excavator,train
train/train/excavator/閽╂満3540.npy,1,excavator,train
train/train/excavator/閽╂満1626.npy,1,excavator,train
train/train/excavator/閽╂満3160.npy,1,excavator,train
train/train/excavator/閽╂満0967.npy,1,excavator,train
train/train/excavator/閽╂満0262.npy,1,excavator,train
train/train/excavator/閽╂満1093.npy,1,excavator,train
train/train/excavator/閽╂満0441.npy,1,excavator,train
train/train/excavator/閽╂満1403.npy,1,excavator,train
train/train/excavator/閽╂満3247.npy,1,excavator,train
train/train/excavator/閽╂満3433.npy,1,excavator,train
train/train/excavator/閽╂満0764.npy,1,excavator,train
train/train/excavator/閽╂満3525.npy,1,excavator,train
train/train/excavator/閽╂満1965.npy,1,excavator,train
train/train/excavator/閽╂満1833.npy,1,excavator,train
train/train/excavator/閽╂満1475.npy,1,excavator,train
train/train/excavator/閽╂満3390.npy,1,excavator,train
train/train/excavator/閽╂満2891.npy,1,excavator,train
train/train/excavator/閽╂満3384.npy,1,excavator,train
train/train/excavator/閽╂満0693.npy,1,excavator,train
train/train/excavator/閽╂満0000.npy,1,excavator,train
train/train/excavator/閽╂満0300.npy,1,excavator,train
train/train/excavator/閽╂満0133.npy,1,excavator,train
train/train/excavator/閽╂満2067.npy,1,excavator,train
train/train/excavator/閽╂満2124.npy,1,excavator,train
train/train/excavator/閽╂満2149.npy,1,excavator,train
train/train/excavator/閽╂満2242.npy,1,excavator,train
train/train/excavator/閽╂満1945.npy,1,excavator,train
train/train/excavator/閽╂満3526.npy,1,excavator,train
train/train/excavator/閽╂満1498.npy,1,excavator,train
train/train/excavator/閽╂満2570.npy,1,excavator,train
train/train/excavator/閽╂満0691.npy,1,excavator,train
train/train/excavator/閽╂満0303.npy,1,excavator,train
train/train/excavator/閽╂満2042.npy,1,excavator,train
train/train/excavator/閽╂満2397.npy,1,excavator,train
train/train/excavator/閽╂満0402.npy,1,excavator,train
train/train/excavator/閽╂満0894.npy,1,excavator,train
train/train/excavator/閽╂満2009.npy,1,excavator,train
train/train/excavator/閽╂満3014.npy,1,excavator,train
train/train/excavator/閽╂満3321.npy,1,excavator,train
train/train/excavator/閽╂満1623.npy,1,excavator,train
train/train/excavator/閽╂満0976.npy,1,excavator,train
train/train/excavator/閽╂満2572.npy,1,excavator,train
train/train/excavator/閽╂満1939.npy,1,excavator,train
train/train/excavator/閽╂満1024.npy,1,excavator,train
train/train/excavator/閽╂満0881.npy,1,excavator,train
train/train/excavator/閽╂満2678.npy,1,excavator,train
train/train/excavator/閽╂満0854.npy,1,excavator,train
train/train/excavator/閽╂満1453.npy,1,excavator,train
train/train/excavator/閽╂満2201.npy,1,excavator,train
train/train/excavator/閽╂満2913.npy,1,excavator,train
train/train/excavator/閽╂満0807.npy,1,excavator,train
train/train/excavator/閽╂満2716.npy,1,excavator,train
train/train/excavator/閽╂満0673.npy,1,excavator,train
train/train/excavator/閽╂満2355.npy,1,excavator,train
train/train/excavator/閽╂満1592.npy,1,excavator,train
train/train/excavator/閽╂満2503.npy,1,excavator,train
train/train/excavator/閽╂満1513.npy,1,excavator,train
train/train/excavator/閽╂満1446.npy,1,excavator,train
train/train/excavator/閽╂満0726.npy,1,excavator,train
train/train/excavator/閽╂満3139.npy,1,excavator,train
train/train/excavator/閽╂満1013.npy,1,excavator,train
train/train/excavator/閽╂満0142.npy,1,excavator,train
train/train/excavator/閽╂満2184.npy,1,excavator,train
train/train/excavator/閽╂満2865.npy,1,excavator,train
train/train/excavator/閽╂満2233.npy,1,excavator,train
train/train/excavator/閽╂満0155.npy,1,excavator,train
train/train/excavator/閽╂満2441.npy,1,excavator,train
train/train/excavator/閽╂満2900.npy,1,excavator,train
train/train/excavator/閽╂満2898.npy,1,excavator,train
train/train/excavator/閽╂満3152.npy,1,excavator,train
train/train/excavator/閽╂満3329.npy,1,excavator,train
train/train/excavator/閽╂満2799.npy,1,excavator,train
train/train/excavator/閽╂満2904.npy,1,excavator,train
train/train/excavator/閽╂満1822.npy,1,excavator,train
train/train/excavator/閽╂満1627.npy,1,excavator,train
train/train/excavator/閽╂満0785.npy,1,excavator,train
train/train/excavator/閽╂満0747.npy,1,excavator,train
train/train/excavator/閽╂満3354.npy,1,excavator,train
train/train/excavator/閽╂満3033.npy,1,excavator,train
train/train/excavator/閽╂満1689.npy,1,excavator,train
train/train/excavator/閽╂満2428.npy,1,excavator,train
train/train/excavator/閽╂満1603.npy,1,excavator,train
train/train/excavator/閽╂満0297.npy,1,excavator,train
train/train/excavator/閽╂満1975.npy,1,excavator,train
train/train/excavator/閽╂満2177.npy,1,excavator,train
train/train/excavator/閽╂満2769.npy,1,excavator,train
train/train/excavator/閽╂満3195.npy,1,excavator,train
train/train/excavator/閽╂満2620.npy,1,excavator,train
train/train/excavator/閽╂満3379.npy,1,excavator,train
train/train/excavator/閽╂満3159.npy,1,excavator,train
train/train/excavator/閽╂満1986.npy,1,excavator,train
train/train/excavator/閽╂満0431.npy,1,excavator,train
train/train/excavator/閽╂満0689.npy,1,excavator,train
train/train/excavator/閽╂満1620.npy,1,excavator,train
train/train/excavator/閽╂満2622.npy,1,excavator,train
train/train/excavator/閽╂満2390.npy,1,excavator,train
train/train/excavator/閽╂満1442.npy,1,excavator,train
train/train/excavator/閽╂満0873.npy,1,excavator,train
train/train/excavator/閽╂満0682.npy,1,excavator,train
train/train/excavator/閽╂満2605.npy,1,excavator,train
train/train/excavator/閽╂満2962.npy,1,excavator,train
train/train/excavator/閽╂満1711.npy,1,excavator,train
train/train/excavator/閽╂満0591.npy,1,excavator,train
train/train/excavator/閽╂満3491.npy,1,excavator,train
train/train/excavator/閽╂満3488.npy,1,excavator,train
train/train/excavator/閽╂満0663.npy,1,excavator,train
train/train/excavator/閽╂満3454.npy,1,excavator,train
train/train/excavator/閽╂満0270.npy,1,excavator,train
train/train/excavator/閽╂満1934.npy,1,excavator,train
train/train/excavator/閽╂満3210.npy,1,excavator,train
train/train/excavator/閽╂満2337.npy,1,excavator,train
train/train/excavator/閽╂満2275.npy,1,excavator,train
train/train/excavator/閽╂満0207.npy,1,excavator,train
train/train/excavator/閽╂満0698.npy,1,excavator,train
train/train/excavator/閽╂満0313.npy,1,excavator,train
train/train/excavator/閽╂満2504.npy,1,excavator,train
train/train/excavator/閽╂満2370.npy,1,excavator,train
train/train/excavator/閽╂満1817.npy,1,excavator,train
train/train/excavator/閽╂満2840.npy,1,excavator,train
train/train/excavator/閽╂満3274.npy,1,excavator,train
train/train/excavator/閽╂満1503.npy,1,excavator,train
train/train/excavator/閽╂満3161.npy,1,excavator,train
train/train/excavator/閽╂満2706.npy,1,excavator,train
train/train/excavator/閽╂満3405.npy,1,excavator,train
train/train/excavator/閽╂満0058.npy,1,excavator,train
train/train/excavator/閽╂満2803.npy,1,excavator,train
train/train/excavator/閽╂満1034.npy,1,excavator,train
train/train/excavator/閽╂満3265.npy,1,excavator,train
train/train/excavator/閽╂満3537.npy,1,excavator,train
train/train/excavator/閽╂満3116.npy,1,excavator,train
train/train/excavator/閽╂満2935.npy,1,excavator,train
train/train/excavator/閽╂満0464.npy,1,excavator,train
train/train/excavator/閽╂満0302.npy,1,excavator,train
train/train/excavator/閽╂満1533.npy,1,excavator,train
train/train/excavator/閽╂満3141.npy,1,excavator,train
train/train/excavator/閽╂満0030.npy,1,excavator,train
train/train/excavator/閽╂満0088.npy,1,excavator,train
train/train/excavator/閽╂満0460.npy,1,excavator,train
train/train/excavator/閽╂満0774.npy,1,excavator,train
train/train/excavator/閽╂満0702.npy,1,excavator,train
train/train/excavator/閽╂満1766.npy,1,excavator,train
train/train/excavator/閽╂満2728.npy,1,excavator,train
train/train/excavator/閽╂満2194.npy,1,excavator,train
train/train/excavator/閽╂満1751.npy,1,excavator,train
train/train/excavator/閽╂満1590.npy,1,excavator,train
train/train/excavator/閽╂満1902.npy,1,excavator,train
train/train/excavator/閽╂満1044.npy,1,excavator,train
train/train/excavator/閽╂満2814.npy,1,excavator,train
train/train/excavator/閽╂満0680.npy,1,excavator,train
train/train/excavator/閽╂満0193.npy,1,excavator,train
train/train/excavator/閽╂満3258.npy,1,excavator,train
train/train/excavator/閽╂満0990.npy,1,excavator,train
train/train/excavator/閽╂満2376.npy,1,excavator,train
train/train/excavator/閽╂満1425.npy,1,excavator,train
train/train/excavator/閽╂満2850.npy,1,excavator,train
train/train/excavator/閽╂満1064.npy,1,excavator,train
train/train/excavator/閽╂満2968.npy,1,excavator,train
train/train/excavator/閽╂満1853.npy,1,excavator,train
train/train/excavator/閽╂満2890.npy,1,excavator,train
train/train/excavator/閽╂満0237.npy,1,excavator,train
train/train/excavator/閽╂満0041.npy,1,excavator,train
train/train/excavator/閽╂満2502.npy,1,excavator,train
train/train/excavator/閽╂満1414.npy,1,excavator,train
train/train/excavator/閽╂満3158.npy,1,excavator,train
train/train/excavator/閽╂満3549.npy,1,excavator,train
train/train/excavator/閽╂満2104.npy,1,excavator,train
train/train/excavator/閽╂満0654.npy,1,excavator,train
train/train/excavator/閽╂満2280.npy,1,excavator,train
train/train/excavator/閽╂満0395.npy,1,excavator,train
train/train/excavator/閽╂満2745.npy,1,excavator,train
train/train/excavator/閽╂満0789.npy,1,excavator,train
train/train/excavator/閽╂満0499.npy,1,excavator,train
train/train/excavator/閽╂満3154.npy,1,excavator,train
train/train/excavator/閽╂満2725.npy,1,excavator,train
train/train/excavator/閽╂満1764.npy,1,excavator,train
train/train/excavator/閽╂満1022.npy,1,excavator,train
train/train/excavator/閽╂満2338.npy,1,excavator,train
train/train/excavator/閽╂満1871.npy,1,excavator,train
train/train/excavator/閽╂満0679.npy,1,excavator,train
train/train/excavator/閽╂満2064.npy,1,excavator,train
train/train/excavator/閽╂満2662.npy,1,excavator,train
train/train/excavator/閽╂満2561.npy,1,excavator,train
train/train/excavator/閽╂満2793.npy,1,excavator,train
train/train/excavator/閽╂満1449.npy,1,excavator,train
train/train/excavator/閽╂満2596.npy,1,excavator,train
train/train/excavator/閽╂満2297.npy,1,excavator,train
train/train/excavator/閽╂満2380.npy,1,excavator,train
train/train/excavator/閽╂満2626.npy,1,excavator,train
train/train/excavator/閽╂満1551.npy,1,excavator,train
train/train/excavator/閽╂満2153.npy,1,excavator,train
train/train/excavator/閽╂満0833.npy,1,excavator,train
train/train/excavator/閽╂満3148.npy,1,excavator,train
train/train/excavator/閽╂満3380.npy,1,excavator,train
train/train/excavator/閽╂満3326.npy,1,excavator,train
train/train/excavator/閽╂満0670.npy,1,excavator,train
train/train/excavator/閽╂満0131.npy,1,excavator,train
train/train/excavator/閽╂満1679.npy,1,excavator,train
train/train/excavator/閽╂満2613.npy,1,excavator,train
train/train/excavator/閽╂満0958.npy,1,excavator,train
train/train/excavator/閽╂満0645.npy,1,excavator,train
train/train/excavator/閽╂満3225.npy,1,excavator,train
train/train/excavator/閽╂満1478.npy,1,excavator,train
train/train/excavator/閽╂満2772.npy,1,excavator,train
train/train/excavator/閽╂満3185.npy,1,excavator,train
train/train/excavator/閽╂満0263.npy,1,excavator,train
train/train/excavator/閽╂満2222.npy,1,excavator,train
train/train/excavator/閽╂満1106.npy,1,excavator,train
train/train/excavator/閽╂満0721.npy,1,excavator,train
train/train/excavator/閽╂満2733.npy,1,excavator,train
train/train/excavator/閽╂満3444.npy,1,excavator,train
train/train/excavator/閽╂満2872.npy,1,excavator,train
train/train/excavator/閽╂満2908.npy,1,excavator,train
train/train/excavator/閽╂満2691.npy,1,excavator,train
train/train/excavator/閽╂満3010.npy,1,excavator,train
train/train/excavator/閽╂満1579.npy,1,excavator,train
train/train/excavator/閽╂満0897.npy,1,excavator,train
train/train/excavator/閽╂満2040.npy,1,excavator,train
train/train/excavator/閽╂満2510.npy,1,excavator,train
train/train/excavator/閽╂満0547.npy,1,excavator,train
train/train/excavator/閽╂満0768.npy,1,excavator,train
train/train/excavator/閽╂満2000.npy,1,excavator,train
train/train/excavator/閽╂満2316.npy,1,excavator,train
train/train/excavator/閽╂満0176.npy,1,excavator,train
train/train/excavator/閽╂満0618.npy,1,excavator,train
train/train/excavator/閽╂満0009.npy,1,excavator,train
train/train/excavator/閽╂満1121.npy,1,excavator,train
train/train/excavator/閽╂満3555.npy,1,excavator,train
train/train/excavator/閽╂満2981.npy,1,excavator,train
train/train/excavator/閽╂満2085.npy,1,excavator,train
train/train/excavator/閽╂満1940.npy,1,excavator,train
train/train/excavator/閽╂満2673.npy,1,excavator,train
train/train/excavator/閽╂満2688.npy,1,excavator,train
train/train/excavator/閽╂満1749.npy,1,excavator,train
train/train/excavator/閽╂満1085.npy,1,excavator,train
train/train/excavator/閽╂満1846.npy,1,excavator,train
train/train/excavator/閽╂満2049.npy,1,excavator,train
train/train/excavator/閽╂満2293.npy,1,excavator,train
train/train/excavator/閽╂満1001.npy,1,excavator,train
train/train/excavator/閽╂満1043.npy,1,excavator,train
train/train/excavator/閽╂満2273.npy,1,excavator,train
train/train/excavator/閽╂満0759.npy,1,excavator,train
train/train/excavator/閽╂満2227.npy,1,excavator,train
train/train/excavator/閽╂満3172.npy,1,excavator,train
train/train/excavator/閽╂満2165.npy,1,excavator,train
train/train/excavator/閽╂満2624.npy,1,excavator,train
train/train/excavator/閽╂満0385.npy,1,excavator,train
train/train/excavator/閽╂満2628.npy,1,excavator,train
train/train/excavator/閽╂満1105.npy,1,excavator,train
train/train/excavator/閽╂満3494.npy,1,excavator,train
train/train/excavator/閽╂満1429.npy,1,excavator,train
train/train/excavator/閽╂満3426.npy,1,excavator,train
train/train/excavator/閽╂満1401.npy,1,excavator,train
train/train/excavator/閽╂満0410.npy,1,excavator,train
train/train/excavator/閽╂満3361.npy,1,excavator,train
train/train/excavator/閽╂満3634.npy,1,excavator,train
train/train/excavator/閽╂満2130.npy,1,excavator,train
train/train/excavator/閽╂満2446.npy,1,excavator,train
train/train/excavator/閽╂満0598.npy,1,excavator,train
train/train/excavator/閽╂満3228.npy,1,excavator,train
train/train/excavator/閽╂満0839.npy,1,excavator,train
train/train/excavator/閽╂満3502.npy,1,excavator,train
train/train/excavator/閽╂満1780.npy,1,excavator,train
train/train/excavator/閽╂満2732.npy,1,excavator,train
train/train/excavator/閽╂満2015.npy,1,excavator,train
train/train/excavator/閽╂満3136.npy,1,excavator,train
train/train/excavator/閽╂満2790.npy,1,excavator,train
train/train/excavator/閽╂満0578.npy,1,excavator,train
train/train/excavator/閽╂満2395.npy,1,excavator,train
train/train/excavator/閽╂満2847.npy,1,excavator,train
train/train/excavator/閽╂満0458.npy,1,excavator,train
train/train/excavator/閽╂満2727.npy,1,excavator,train
train/train/excavator/閽╂満0886.npy,1,excavator,train
train/train/excavator/閽╂満0204.npy,1,excavator,train
train/train/excavator/閽╂満1882.npy,1,excavator,train
train/train/excavator/閽╂満2577.npy,1,excavator,train
train/train/excavator/閽╂満0014.npy,1,excavator,train
train/train/excavator/閽╂満2236.npy,1,excavator,train
train/train/excavator/閽╂満2762.npy,1,excavator,train
train/train/excavator/閽╂満3451.npy,1,excavator,train
train/train/excavator/閽╂満3125.npy,1,excavator,train
train/train/excavator/閽╂満0377.npy,1,excavator,train
train/train/excavator/閽╂満1657.npy,1,excavator,train
train/train/excavator/閽╂満2623.npy,1,excavator,train
train/train/excavator/閽╂満1988.npy,1,excavator,train
train/train/excavator/閽╂満1935.npy,1,excavator,train
train/train/excavator/閽╂満0471.npy,1,excavator,train
train/train/excavator/閽╂満1617.npy,1,excavator,train
train/train/excavator/閽╂満2795.npy,1,excavator,train
train/train/excavator/閽╂満3223.npy,1,excavator,train
train/train/excavator/閽╂満1008.npy,1,excavator,train
train/train/excavator/閽╂満0287.npy,1,excavator,train
train/train/excavator/閽╂満1598.npy,1,excavator,train
train/train/excavator/閽╂満1991.npy,1,excavator,train
train/train/excavator/閽╂満0865.npy,1,excavator,train
train/train/excavator/閽╂満0213.npy,1,excavator,train
train/train/excavator/閽╂満3085.npy,1,excavator,train
train/train/excavator/閽╂満0029.npy,1,excavator,train
train/train/excavator/閽╂満2467.npy,1,excavator,train
train/train/excavator/閽╂満1052.npy,1,excavator,train
train/train/excavator/閽╂満1894.npy,1,excavator,train
train/train/excavator/閽╂満2670.npy,1,excavator,train
train/train/excavator/閽╂満2836.npy,1,excavator,train
train/train/excavator/閽╂満3467.npy,1,excavator,train
train/train/excavator/閽╂満0879.npy,1,excavator,train
train/train/excavator/閽╂満1796.npy,1,excavator,train
train/train/excavator/閽╂満0992.npy,1,excavator,train
train/train/excavator/閽╂満0848.npy,1,excavator,train
train/train/excavator/閽╂満2129.npy,1,excavator,train
train/train/excavator/閽╂満2287.npy,1,excavator,train
train/train/excavator/閽╂満1037.npy,1,excavator,train
train/train/excavator/閽╂満2328.npy,1,excavator,train
train/train/excavator/閽╂満1963.npy,1,excavator,train
train/train/excavator/閽╂満0560.npy,1,excavator,train
train/train/excavator/閽╂満2958.npy,1,excavator,train
train/train/excavator/閽╂満0710.npy,1,excavator,train
train/train/excavator/閽╂満3089.npy,1,excavator,train
train/train/excavator/閽╂満0944.npy,1,excavator,train
train/train/excavator/閽╂満1053.npy,1,excavator,train
train/train/excavator/閽╂満1020.npy,1,excavator,train
train/train/excavator/閽╂満1701.npy,1,excavator,train
train/train/excavator/閽╂満2576.npy,1,excavator,train
train/train/excavator/閽╂満3286.npy,1,excavator,train
train/train/excavator/閽╂満0853.npy,1,excavator,train
train/train/excavator/閽╂満1466.npy,1,excavator,train
train/train/excavator/閽╂満0993.npy,1,excavator,train
train/train/excavator/閽╂満2738.npy,1,excavator,train
train/train/excavator/閽╂満0075.npy,1,excavator,train
train/train/excavator/閽╂満2322.npy,1,excavator,train
train/train/excavator/閽╂満0801.npy,1,excavator,train
train/train/excavator/閽╂満0579.npy,1,excavator,train
train/train/excavator/閽╂満0838.npy,1,excavator,train
train/train/excavator/閽╂満2611.npy,1,excavator,train
train/train/excavator/閽╂満0059.npy,1,excavator,train
train/train/excavator/閽╂満0512.npy,1,excavator,train
train/train/excavator/閽╂満2963.npy,1,excavator,train
train/train/excavator/閽╂満1790.npy,1,excavator,train
train/train/excavator/閽╂満2586.npy,1,excavator,train
train/train/excavator/閽╂満0911.npy,1,excavator,train
train/train/excavator/閽╂満0573.npy,1,excavator,train
train/train/excavator/閽╂満2205.npy,1,excavator,train
train/train/excavator/閽╂満0244.npy,1,excavator,train
train/train/excavator/閽╂満0308.npy,1,excavator,train
train/train/excavator/閽╂満2541.npy,1,excavator,train
train/train/excavator/閽╂満2619.npy,1,excavator,train
train/train/excavator/閽╂満3538.npy,1,excavator,train
train/train/excavator/閽╂満3597.npy,1,excavator,train
train/train/excavator/閽╂満0408.npy,1,excavator,train
train/train/excavator/閽╂満3600.npy,1,excavator,train
train/train/excavator/閽╂満1648.npy,1,excavator,train
train/train/excavator/閽╂満1971.npy,1,excavator,train
train/train/excavator/閽╂満2966.npy,1,excavator,train
train/train/excavator/閽╂満0071.npy,1,excavator,train
train/train/excavator/閽╂満1054.npy,1,excavator,train
train/train/excavator/閽╂満0081.npy,1,excavator,train
train/train/excavator/閽╂満3579.npy,1,excavator,train
train/train/excavator/閽╂満2760.npy,1,excavator,train
train/train/excavator/閽╂満3064.npy,1,excavator,train
train/train/excavator/閽╂満1599.npy,1,excavator,train
train/train/excavator/閽╂満2882.npy,1,excavator,train
train/train/excavator/閽╂満3311.npy,1,excavator,train
train/train/excavator/閽╂満0593.npy,1,excavator,train
train/train/excavator/閽╂満0606.npy,1,excavator,train
train/train/excavator/閽╂満0671.npy,1,excavator,train
train/train/excavator/閽╂満1791.npy,1,excavator,train
train/train/excavator/閽╂満2615.npy,1,excavator,train
train/train/excavator/閽╂満0107.npy,1,excavator,train
train/train/excavator/閽╂満3144.npy,1,excavator,train
train/train/excavator/閽╂満3238.npy,1,excavator,train
train/train/excavator/閽╂満3248.npy,1,excavator,train
train/train/excavator/閽╂満1795.npy,1,excavator,train
train/train/excavator/閽╂満1799.npy,1,excavator,train
train/train/excavator/閽╂満0639.npy,1,excavator,train
train/train/excavator/閽╂満2192.npy,1,excavator,train
train/train/excavator/閽╂満2038.npy,1,excavator,train
train/train/excavator/閽╂満2329.npy,1,excavator,train
train/train/excavator/閽╂満3282.npy,1,excavator,train
train/train/excavator/閽╂満0286.npy,1,excavator,train
train/train/excavator/閽╂満3366.npy,1,excavator,train
train/train/excavator/閽╂満1118.npy,1,excavator,train
train/train/excavator/閽╂満0562.npy,1,excavator,train
train/train/excavator/閽╂満1721.npy,1,excavator,train
train/train/excavator/閽╂満3460.npy,1,excavator,train
train/train/excavator/閽╂満3077.npy,1,excavator,train
train/train/excavator/閽╂満1632.npy,1,excavator,train
train/train/excavator/閽╂満1511.npy,1,excavator,train
train/train/excavator/閽╂満1074.npy,1,excavator,train
train/train/excavator/閽╂満0773.npy,1,excavator,train
train/train/excavator/閽╂満3096.npy,1,excavator,train
train/train/excavator/閽╂満1488.npy,1,excavator,train
train/train/excavator/閽╂満3216.npy,1,excavator,train
train/train/excavator/閽╂満3437.npy,1,excavator,train
train/train/excavator/閽╂満0731.npy,1,excavator,train
train/train/excavator/閽╂満0414.npy,1,excavator,train
train/train/excavator/閽╂満0923.npy,1,excavator,train
train/train/excavator/閽╂満0295.npy,1,excavator,train
train/train/excavator/閽╂満2035.npy,1,excavator,train
train/train/excavator/閽╂満0326.npy,1,excavator,train
train/train/excavator/閽╂満2588.npy,1,excavator,train
train/train/excavator/閽╂満3369.npy,1,excavator,train
train/train/excavator/閽╂満1985.npy,1,excavator,train
train/train/excavator/閽╂満0825.npy,1,excavator,train
train/train/excavator/閽╂満2172.npy,1,excavator,train
train/train/excavator/閽╂満0932.npy,1,excavator,train
train/train/excavator/閽╂満2621.npy,1,excavator,train
train/train/excavator/閽╂満1697.npy,1,excavator,train
train/train/excavator/閽╂満0183.npy,1,excavator,train
train/train/excavator/閽╂満0206.npy,1,excavator,train
train/train/excavator/閽╂満0470.npy,1,excavator,train
train/train/excavator/閽╂満3619.npy,1,excavator,train
train/train/excavator/閽╂満3167.npy,1,excavator,train
train/train/excavator/閽╂満3336.npy,1,excavator,train
train/train/excavator/閽╂満2862.npy,1,excavator,train
train/train/excavator/閽╂満3459.npy,1,excavator,train
train/train/excavator/閽╂満2247.npy,1,excavator,train
train/train/excavator/閽╂満0415.npy,1,excavator,train
train/train/excavator/閽╂満1854.npy,1,excavator,train
train/train/excavator/閽╂満2393.npy,1,excavator,train
train/train/excavator/閽╂満3394.npy,1,excavator,train
train/train/excavator/閽╂満2139.npy,1,excavator,train
train/train/excavator/閽╂満1070.npy,1,excavator,train
train/train/excavator/閽╂満2140.npy,1,excavator,train
train/train/excavator/閽╂満0538.npy,1,excavator,train
train/train/excavator/閽╂満3029.npy,1,excavator,train
train/train/excavator/閽╂満1915.npy,1,excavator,train
train/train/excavator/閽╂満3050.npy,1,excavator,train
train/train/excavator/閽╂満1407.npy,1,excavator,train
train/train/excavator/閽╂満1981.npy,1,excavator,train
train/train/excavator/閽╂満1870.npy,1,excavator,train
train/train/excavator/閽╂満0495.npy,1,excavator,train
train/train/excavator/閽╂満2955.npy,1,excavator,train
train/train/excavator/閽╂満2308.npy,1,excavator,train
train/train/excavator/閽╂満3534.npy,1,excavator,train
train/train/excavator/閽╂満3137.npy,1,excavator,train
train/train/excavator/閽╂満2409.npy,1,excavator,train
train/train/excavator/閽╂満2099.npy,1,excavator,train
train/train/excavator/閽╂満2718.npy,1,excavator,train
train/train/excavator/閽╂満3142.npy,1,excavator,train
train/train/excavator/閽╂満0851.npy,1,excavator,train
train/train/excavator/閽╂満1875.npy,1,excavator,train
train/train/excavator/閽╂満3539.npy,1,excavator,train
train/train/excavator/閽╂満2496.npy,1,excavator,train
train/train/excavator/閽╂満2464.npy,1,excavator,train
train/train/excavator/閽╂満2566.npy,1,excavator,train
train/train/excavator/閽╂満3598.npy,1,excavator,train
train/train/excavator/閽╂満3612.npy,1,excavator,train
train/train/excavator/閽╂満2642.npy,1,excavator,train
train/train/excavator/閽╂満2141.npy,1,excavator,train
train/train/excavator/閽╂満2575.npy,1,excavator,train
train/train/excavator/閽╂満0255.npy,1,excavator,train
train/train/excavator/閽╂満2838.npy,1,excavator,train
train/train/excavator/閽╂満0188.npy,1,excavator,train
train/train/excavator/閽╂満0515.npy,1,excavator,train
train/train/excavator/閽╂満1473.npy,1,excavator,train
train/train/excavator/閽╂満1687.npy,1,excavator,train
train/train/excavator/閽╂満2126.npy,1,excavator,train
train/train/excavator/閽╂満1752.npy,1,excavator,train
train/train/excavator/閽╂満3595.npy,1,excavator,train
train/train/excavator/閽╂満1501.npy,1,excavator,train
train/train/excavator/閽╂満1802.npy,1,excavator,train
train/train/excavator/閽╂満1863.npy,1,excavator,train
train/train/excavator/閽╂満1960.npy,1,excavator,train
train/train/excavator/閽╂満0625.npy,1,excavator,train
train/train/excavator/閽╂満1424.npy,1,excavator,train
train/train/excavator/閽╂満0569.npy,1,excavator,train
train/train/excavator/閽╂満1571.npy,1,excavator,train
train/train/excavator/閽╂満0832.npy,1,excavator,train
train/train/excavator/閽╂満0614.npy,1,excavator,train
train/train/excavator/閽╂満3382.npy,1,excavator,train
train/train/excavator/閽╂満0523.npy,1,excavator,train
train/train/excavator/閽╂満2521.npy,1,excavator,train
train/train/excavator/閽╂満0194.npy,1,excavator,train
train/train/excavator/閽╂満0688.npy,1,excavator,train
train/train/excavator/閽╂満1909.npy,1,excavator,train
train/train/excavator/閽╂満0843.npy,1,excavator,train
train/train/excavator/閽╂満0800.npy,1,excavator,train
train/train/excavator/閽╂満3632.npy,1,excavator,train
train/train/excavator/閽╂満3434.npy,1,excavator,train
train/train/excavator/閽╂満1720.npy,1,excavator,train
train/train/excavator/閽╂満0396.npy,1,excavator,train
train/train/excavator/閽╂満2416.npy,1,excavator,train
train/train/excavator/閽╂満2133.npy,1,excavator,train
train/train/excavator/閽╂満3463.npy,1,excavator,train
train/train/excavator/閽╂満1528.npy,1,excavator,train
train/train/excavator/閽╂満1948.npy,1,excavator,train
train/train/excavator/閽╂満1536.npy,1,excavator,train
train/train/excavator/閽╂満2492.npy,1,excavator,train
train/train/excavator/閽╂満2546.npy,1,excavator,train
train/train/excavator/閽╂満1762.npy,1,excavator,train
train/train/excavator/閽╂満0973.npy,1,excavator,train
train/train/excavator/閽╂満3053.npy,1,excavator,train
train/train/excavator/閽╂満3156.npy,1,excavator,train
train/train/excavator/閽╂満3484.npy,1,excavator,train
train/train/excavator/閽╂満0498.npy,1,excavator,train
train/train/excavator/閽╂満0257.npy,1,excavator,train
train/train/excavator/閽╂満0101.npy,1,excavator,train
train/train/excavator/閽╂満1509.npy,1,excavator,train
train/train/excavator/閽╂満1962.npy,1,excavator,train
train/train/excavator/閽╂満3304.npy,1,excavator,train
train/train/excavator/閽╂満0707.npy,1,excavator,train
train/train/excavator/閽╂満3435.npy,1,excavator,train
train/train/excavator/閽╂満2950.npy,1,excavator,train
train/train/excavator/閽╂満2906.npy,1,excavator,train
train/train/excavator/閽╂満3025.npy,1,excavator,train
train/train/excavator/閽╂満1405.npy,1,excavator,train
train/train/excavator/閽╂満1989.npy,1,excavator,train
train/train/excavator/閽╂満0461.npy,1,excavator,train
train/train/excavator/閽╂満0891.npy,1,excavator,train
train/train/excavator/閽╂満3056.npy,1,excavator,train
train/train/excavator/閽╂満0805.npy,1,excavator,train
train/train/excavator/閽╂満0002.npy,1,excavator,train
train/train/excavator/閽╂満2740.npy,1,excavator,train
train/train/excavator/閽╂満3415.npy,1,excavator,train
train/train/excavator/閽╂満3409.npy,1,excavator,train
train/train/excavator/閽╂満1084.npy,1,excavator,train
train/train/excavator/閽╂満1556.npy,1,excavator,train
train/train/excavator/閽╂満3483.npy,1,excavator,train
train/train/excavator/閽╂満0687.npy,1,excavator,train
train/train/excavator/閽╂満0556.npy,1,excavator,train
train/train/excavator/閽╂満2657.npy,1,excavator,train
train/train/excavator/閽╂満0185.npy,1,excavator,train
train/train/excavator/閽╂満1776.npy,1,excavator,train
train/train/excavator/閽╂満2354.npy,1,excavator,train
train/train/excavator/閽╂満1649.npy,1,excavator,train
train/train/excavator/閽╂満3071.npy,1,excavator,train
train/train/excavator/閽╂満0432.npy,1,excavator,train
train/train/excavator/閽╂満0267.npy,1,excavator,train
train/train/excavator/閽╂満0097.npy,1,excavator,train
train/train/excavator/閽╂満2100.npy,1,excavator,train
train/train/excavator/閽╂満1600.npy,1,excavator,train
train/train/excavator/閽╂満1968.npy,1,excavator,train
train/train/excavator/閽╂満2332.npy,1,excavator,train
train/train/excavator/閽╂満0695.npy,1,excavator,train
train/train/excavator/閽╂満0635.npy,1,excavator,train
train/train/excavator/閽╂満2563.npy,1,excavator,train
train/train/excavator/閽╂満2363.npy,1,excavator,train
train/train/excavator/閽╂満1747.npy,1,excavator,train
train/train/excavator/閽╂満1932.npy,1,excavator,train
train/train/excavator/閽╂満3551.npy,1,excavator,train
train/train/excavator/閽╂満3510.npy,1,excavator,train
train/train/excavator/閽╂満3524.npy,1,excavator,train
train/train/excavator/閽╂満2529.npy,1,excavator,train
train/train/excavator/閽╂満1708.npy,1,excavator,train
train/train/excavator/閽╂満1057.npy,1,excavator,train
train/train/excavator/閽╂満2812.npy,1,excavator,train
train/train/excavator/閽╂満0658.npy,1,excavator,train
train/train/excavator/閽╂満0574.npy,1,excavator,train
train/train/excavator/閽╂満2768.npy,1,excavator,train
train/train/excavator/閽╂満3596.npy,1,excavator,train
train/train/excavator/閽╂満2713.npy,1,excavator,train
train/train/excavator/閽╂満3568.npy,1,excavator,train
train/train/excavator/閽╂満3198.npy,1,excavator,train
train/train/excavator/閽╂満2804.npy,1,excavator,train
train/train/excavator/閽╂満1830.npy,1,excavator,train
train/train/excavator/閽╂満0153.npy,1,excavator,train
train/train/excavator/閽╂満0586.npy,1,excavator,train
train/train/excavator/閽╂満1979.npy,1,excavator,train
train/train/excavator/閽╂満2062.npy,1,excavator,train
train/train/excavator/閽╂満1732.npy,1,excavator,train
train/train/excavator/閽╂満2352.npy,1,excavator,train
train/train/excavator/閽╂満3162.npy,1,excavator,train
train/train/excavator/閽╂満2246.npy,1,excavator,train
train/train/excavator/閽╂満0943.npy,1,excavator,train
train/train/excavator/閽╂満3202.npy,1,excavator,train
train/train/excavator/閽╂満3083.npy,1,excavator,train
train/train/excavator/閽╂満0611.npy,1,excavator,train
train/train/excavator/閽╂満2825.npy,1,excavator,train
train/train/excavator/閽╂満2263.npy,1,excavator,train
train/train/excavator/閽╂満2753.npy,1,excavator,train
train/train/excavator/閽╂満2466.npy,1,excavator,train
train/train/excavator/閽╂満3151.npy,1,excavator,train
train/train/excavator/閽╂満2889.npy,1,excavator,train
train/train/excavator/閽╂満2843.npy,1,excavator,train
train/train/excavator/閽╂満3506.npy,1,excavator,train
train/train/excavator/閽╂満0822.npy,1,excavator,train
train/train/excavator/閽╂満1943.npy,1,excavator,train
train/train/excavator/閽╂満1639.npy,1,excavator,train
train/train/excavator/閽╂満3493.npy,1,excavator,train
train/train/excavator/閽╂満0655.npy,1,excavator,train
train/train/excavator/閽╂満1928.npy,1,excavator,train
train/train/excavator/閽╂満0123.npy,1,excavator,train
train/train/excavator/閽╂満0273.npy,1,excavator,train
train/train/excavator/閽╂満1936.npy,1,excavator,train
train/train/excavator/閽╂満1575.npy,1,excavator,train
train/train/excavator/閽╂満1493.npy,1,excavator,train
train/train/excavator/閽╂満1059.npy,1,excavator,train
train/train/excavator/閽╂満0987.npy,1,excavator,train
train/train/excavator/閽╂満0503.npy,1,excavator,train
train/train/excavator/閽╂満2987.npy,1,excavator,train
train/train/excavator/閽╂満3569.npy,1,excavator,train
train/train/excavator/閽╂満2663.npy,1,excavator,train
train/train/excavator/閽╂満2006.npy,1,excavator,train
train/train/excavator/閽╂満0323.npy,1,excavator,train
train/train/excavator/閽╂満0087.npy,1,excavator,train
train/train/excavator/閽╂満0294.npy,1,excavator,train
train/train/excavator/閽╂満3309.npy,1,excavator,train
train/train/excavator/閽╂満2879.npy,1,excavator,train
train/train/excavator/閽╂満2919.npy,1,excavator,train
train/train/excavator/閽╂満2794.npy,1,excavator,train
train/train/excavator/閽╂満1933.npy,1,excavator,train
train/train/excavator/閽╂満1107.npy,1,excavator,train
train/train/excavator/閽╂満2967.npy,1,excavator,train
train/train/excavator/閽╂満0379.npy,1,excavator,train
train/train/excavator/閽╂満2507.npy,1,excavator,train
train/train/excavator/閽╂満3212.npy,1,excavator,train
train/train/excavator/閽╂満1461.npy,1,excavator,train
train/train/excavator/閽╂満0128.npy,1,excavator,train
train/train/excavator/閽╂満3452.npy,1,excavator,train
train/train/excavator/閽╂満0083.npy,1,excavator,train
train/train/excavator/閽╂満0218.npy,1,excavator,train
train/train/excavator/閽╂満1900.npy,1,excavator,train
train/train/excavator/閽╂満3031.npy,1,excavator,train
train/train/excavator/閽╂満0050.npy,1,excavator,train
train/train/excavator/閽╂満3363.npy,1,excavator,train
train/train/excavator/閽╂満2264.npy,1,excavator,train
train/train/excavator/閽╂満0157.npy,1,excavator,train
train/train/excavator/閽╂満2340.npy,1,excavator,train
train/train/excavator/閽╂満1491.npy,1,excavator,train
train/train/excavator/閽╂満1634.npy,1,excavator,train
train/train/excavator/閽╂満3367.npy,1,excavator,train
train/train/excavator/閽╂満3134.npy,1,excavator,train
train/train/excavator/閽╂満0641.npy,1,excavator,train
train/train/excavator/閽╂満2697.npy,1,excavator,train
train/train/excavator/閽╂満0444.npy,1,excavator,train
train/train/excavator/閽╂満1508.npy,1,excavator,train
train/train/excavator/閽╂満3461.npy,1,excavator,train
train/train/excavator/閽╂満3547.npy,1,excavator,train
train/train/excavator/閽╂満1646.npy,1,excavator,train
train/train/excavator/閽╂満3022.npy,1,excavator,train
train/train/excavator/閽╂満2187.npy,1,excavator,train
train/train/excavator/閽╂満0440.npy,1,excavator,train
train/train/excavator/閽╂満1615.npy,1,excavator,train
train/train/excavator/閽╂満0343.npy,1,excavator,train
train/train/excavator/閽╂満2366.npy,1,excavator,train
train/train/excavator/閽╂満0045.npy,1,excavator,train
train/train/excavator/閽╂満0786.npy,1,excavator,train
train/train/excavator/閽╂満3364.npy,1,excavator,train
train/train/excavator/閽╂満0934.npy,1,excavator,train
train/train/excavator/閽╂満2174.npy,1,excavator,train
train/train/excavator/閽╂満1640.npy,1,excavator,train
train/train/excavator/閽╂満3391.npy,1,excavator,train
train/train/excavator/閽╂満0536.npy,1,excavator,train
train/train/excavator/閽╂満1792.npy,1,excavator,train
train/train/excavator/閽╂満0674.npy,1,excavator,train
train/train/excavator/閽╂満0516.npy,1,excavator,train
train/train/excavator/閽╂満1946.npy,1,excavator,train
train/train/excavator/閽╂満2249.npy,1,excavator,train
train/train/excavator/閽╂満3432.npy,1,excavator,train
train/train/excavator/閽╂満0321.npy,1,excavator,train
train/train/excavator/閽╂満2063.npy,1,excavator,train
train/train/excavator/閽╂満3261.npy,1,excavator,train
train/train/excavator/閽╂満0049.npy,1,excavator,train
train/train/excavator/閽╂満1402.npy,1,excavator,train
train/train/excavator/閽╂満1584.npy,1,excavator,train
train/train/excavator/閽╂満3591.npy,1,excavator,train
train/train/excavator/閽╂満2384.npy,1,excavator,train
train/train/excavator/閽╂満3395.npy,1,excavator,train
train/train/excavator/閽╂満2284.npy,1,excavator,train
train/train/excavator/閽╂満0788.npy,1,excavator,train
train/train/excavator/閽╂満0804.npy,1,excavator,train
train/train/excavator/閽╂満1738.npy,1,excavator,train
train/train/excavator/閽╂満2002.npy,1,excavator,train
train/train/excavator/閽╂満1527.npy,1,excavator,train
train/train/excavator/閽╂満3217.npy,1,excavator,train
train/train/excavator/閽╂満0700.npy,1,excavator,train
train/train/excavator/閽╂満3320.npy,1,excavator,train
train/train/excavator/閽╂満2645.npy,1,excavator,train
train/train/excavator/閽╂満3512.npy,1,excavator,train
train/train/excavator/閽╂満1537.npy,1,excavator,train
train/train/excavator/閽╂満2082.npy,1,excavator,train
train/train/excavator/閽╂満1593.npy,1,excavator,train
train/train/excavator/閽╂満0554.npy,1,excavator,train
train/train/excavator/閽╂満3231.npy,1,excavator,train
train/train/excavator/閽╂満3558.npy,1,excavator,train
train/train/excavator/閽╂満2367.npy,1,excavator,train
train/train/excavator/閽╂満2921.npy,1,excavator,train
train/train/excavator/閽╂満0022.npy,1,excavator,train
train/train/excavator/閽╂満3603.npy,1,excavator,train
train/train/excavator/閽╂満0305.npy,1,excavator,train
train/train/excavator/閽╂満3106.npy,1,excavator,train
train/train/excavator/閽╂満0132.npy,1,excavator,train
train/train/excavator/閽╂満0915.npy,1,excavator,train
train/train/excavator/閽╂満2474.npy,1,excavator,train
train/train/excavator/閽╂満2687.npy,1,excavator,train
train/train/excavator/閽╂満1819.npy,1,excavator,train
train/train/excavator/閽╂満0126.npy,1,excavator,train
train/train/excavator/閽╂満2349.npy,1,excavator,train
train/train/excavator/閽╂満0752.npy,1,excavator,train
train/train/excavator/閽╂満2054.npy,1,excavator,train
train/train/excavator/閽╂満3209.npy,1,excavator,train
train/train/excavator/閽╂満0205.npy,1,excavator,train
train/train/excavator/閽╂満2730.npy,1,excavator,train
train/train/excavator/閽╂満0506.npy,1,excavator,train
train/train/excavator/閽╂満1101.npy,1,excavator,train
train/train/excavator/閽╂満2460.npy,1,excavator,train
train/train/excavator/閽╂満2901.npy,1,excavator,train
train/train/excavator/閽╂満2440.npy,1,excavator,train
train/train/excavator/閽╂満3058.npy,1,excavator,train
train/train/excavator/閽╂満2539.npy,1,excavator,train
train/train/excavator/閽╂満0957.npy,1,excavator,train
train/train/excavator/閽╂満0548.npy,1,excavator,train
train/train/excavator/閽╂満0874.npy,1,excavator,train
train/train/excavator/閽╂満2091.npy,1,excavator,train
train/train/excavator/閽╂満3200.npy,1,excavator,train
train/train/excavator/閽╂満2920.npy,1,excavator,train
train/train/excavator/閽╂満2594.npy,1,excavator,train
train/train/excavator/閽╂満3456.npy,1,excavator,train
train/train/excavator/閽╂満1978.npy,1,excavator,train
train/train/excavator/閽╂満0220.npy,1,excavator,train
train/train/excavator/閽╂満1492.npy,1,excavator,train
train/train/excavator/閽╂満2463.npy,1,excavator,train
train/train/excavator/閽╂満0668.npy,1,excavator,train
train/train/excavator/閽╂満2839.npy,1,excavator,train
train/train/excavator/閽╂満0064.npy,1,excavator,train
train/train/excavator/閽╂満1888.npy,1,excavator,train
train/train/excavator/閽╂満2358.npy,1,excavator,train
train/train/excavator/閽╂満2300.npy,1,excavator,train
train/train/excavator/閽╂満1030.npy,1,excavator,train
train/train/excavator/閽╂満2157.npy,1,excavator,train
train/train/excavator/閽╂満2868.npy,1,excavator,train
train/train/excavator/閽╂満2226.npy,1,excavator,train
train/train/excavator/閽╂満0594.npy,1,excavator,train
train/train/excavator/閽╂満3340.npy,1,excavator,train
train/train/excavator/閽╂満2077.npy,1,excavator,train
train/train/excavator/閽╂満2351.npy,1,excavator,train
train/train/excavator/閽╂満2020.npy,1,excavator,train
train/train/excavator/閽╂満2076.npy,1,excavator,train
train/train/excavator/閽╂満2578.npy,1,excavator,train
train/train/excavator/閽╂満3207.npy,1,excavator,train
train/train/excavator/閽╂満3585.npy,1,excavator,train
train/train/excavator/閽╂満1834.npy,1,excavator,train
train/train/excavator/閽╂満0615.npy,1,excavator,train
train/train/excavator/閽╂満0140.npy,1,excavator,train
train/train/excavator/閽╂満3130.npy,1,excavator,train
train/train/excavator/閽╂満1696.npy,1,excavator,train
train/train/excavator/閽╂満1714.npy,1,excavator,train
train/train/excavator/閽╂満2445.npy,1,excavator,train
train/train/excavator/閽╂満2029.npy,1,excavator,train
train/train/excavator/閽╂満1531.npy,1,excavator,train
train/train/excavator/閽╂満0447.npy,1,excavator,train
train/train/excavator/閽╂満0370.npy,1,excavator,train
train/train/excavator/閽╂満1763.npy,1,excavator,train
train/train/excavator/閽╂満0264.npy,1,excavator,train
train/train/excavator/閽╂満1724.npy,1,excavator,train
train/train/excavator/閽╂満2377.npy,1,excavator,train
train/train/excavator/閽╂満3356.npy,1,excavator,train
train/train/excavator/閽╂満0964.npy,1,excavator,train
train/train/excavator/閽╂満2694.npy,1,excavator,train
train/train/excavator/閽╂満0529.npy,1,excavator,train
train/train/excavator/閽╂満2158.npy,1,excavator,train
train/train/excavator/閽╂満1832.npy,1,excavator,train
train/train/excavator/閽╂満2269.npy,1,excavator,train
train/train/excavator/閽╂満2564.npy,1,excavator,train
train/train/excavator/閽╂満0463.npy,1,excavator,train
train/train/excavator/閽╂満0449.npy,1,excavator,train
train/train/excavator/閽╂満1619.npy,1,excavator,train
train/train/excavator/閽╂満2757.npy,1,excavator,train
train/train/excavator/閽╂満3169.npy,1,excavator,train
train/train/excavator/閽╂満2145.npy,1,excavator,train
train/train/excavator/閽╂満0421.npy,1,excavator,train
train/train/excavator/閽╂満1027.npy,1,excavator,train
train/train/excavator/閽╂満2833.npy,1,excavator,train
train/train/excavator/閽╂満2973.npy,1,excavator,train
train/train/excavator/閽╂満1625.npy,1,excavator,train
train/train/excavator/閽╂満0666.npy,1,excavator,train
train/train/excavator/閽╂満2164.npy,1,excavator,train
train/train/excavator/閽╂満0253.npy,1,excavator,train
train/train/excavator/閽╂満0066.npy,1,excavator,train
train/train/excavator/閽╂満3024.npy,1,excavator,train
train/train/excavator/閽╂満2291.npy,1,excavator,train
train/train/excavator/閽╂満2444.npy,1,excavator,train
train/train/excavator/閽╂満2739.npy,1,excavator,train
train/train/excavator/閽╂満0526.npy,1,excavator,train
train/train/excavator/閽╂満0119.npy,1,excavator,train
train/train/excavator/閽╂満0281.npy,1,excavator,train
train/train/excavator/閽╂満2154.npy,1,excavator,train
train/train/excavator/閽╂満1078.npy,1,excavator,train
train/train/excavator/閽╂満0472.npy,1,excavator,train
train/train/excavator/閽╂満2518.npy,1,excavator,train
train/train/excavator/閽╂満3338.npy,1,excavator,train
train/train/excavator/閽╂満1722.npy,1,excavator,train
train/train/excavator/閽╂満3611.npy,1,excavator,train
train/train/excavator/閽╂満0829.npy,1,excavator,train
train/train/excavator/閽╂満0055.npy,1,excavator,train
train/train/excavator/閽╂満0311.npy,1,excavator,train
train/train/excavator/閽╂満2319.npy,1,excavator,train
train/train/excavator/閽╂満1558.npy,1,excavator,train
train/train/excavator/閽╂満2848.npy,1,excavator,train
train/train/excavator/閽╂満3521.npy,1,excavator,train
train/train/excavator/閽╂満1563.npy,1,excavator,train
train/train/excavator/閽╂満3067.npy,1,excavator,train
train/train/excavator/閽╂満0004.npy,1,excavator,train
train/train/excavator/閽╂満0114.npy,1,excavator,train
train/train/excavator/閽╂満0714.npy,1,excavator,train
train/train/excavator/閽╂満2515.npy,1,excavator,train
train/train/excavator/閽╂満2951.npy,1,excavator,train
train/train/excavator/閽╂満0217.npy,1,excavator,train
train/train/excavator/閽╂満1651.npy,1,excavator,train
train/train/excavator/閽╂満2808.npy,1,excavator,train
train/train/excavator/閽╂満0068.npy,1,excavator,train
train/train/excavator/閽╂満2998.npy,1,excavator,train
train/train/excavator/閽╂満0664.npy,1,excavator,train
train/train/excavator/閽╂満3499.npy,1,excavator,train
train/train/excavator/閽╂満3349.npy,1,excavator,train
train/train/excavator/閽╂満2978.npy,1,excavator,train
train/train/excavator/閽╂満0327.npy,1,excavator,train
train/train/excavator/閽╂満3450.npy,1,excavator,train
train/train/excavator/閽╂満2116.npy,1,excavator,train
train/train/excavator/閽╂満2391.npy,1,excavator,train
train/train/excavator/閽╂満2709.npy,1,excavator,train
train/train/excavator/閽╂満0393.npy,1,excavator,train
train/train/excavator/閽╂満0893.npy,1,excavator,train
train/train/excavator/閽╂満1726.npy,1,excavator,train
train/train/excavator/閽╂満1842.npy,1,excavator,train
train/train/excavator/閽╂満1439.npy,1,excavator,train
train/train/excavator/閽╂満1807.npy,1,excavator,train
train/train/excavator/閽╂満2746.npy,1,excavator,train
train/train/excavator/閽╂満1923.npy,1,excavator,train
train/train/excavator/閽╂満3306.npy,1,excavator,train
train/train/excavator/閽╂満2574.npy,1,excavator,train
train/train/excavator/閽╂満3345.npy,1,excavator,train
train/train/excavator/閽╂満2763.npy,1,excavator,train
train/train/excavator/閽╂満0858.npy,1,excavator,train
train/train/excavator/閽╂満3559.npy,1,excavator,train
train/train/excavator/閽╂満2244.npy,1,excavator,train
train/train/excavator/閽╂満2359.npy,1,excavator,train
train/train/excavator/閽╂満1843.npy,1,excavator,train
train/train/excavator/閽╂満1574.npy,1,excavator,train
train/train/excavator/閽╂満2079.npy,1,excavator,train
train/train/excavator/閽╂満1088.npy,1,excavator,train
train/train/excavator/閽╂満3545.npy,1,excavator,train
train/train/excavator/閽╂満2306.npy,1,excavator,train
train/train/excavator/閽╂満3560.npy,1,excavator,train
train/train/excavator/閽╂満0078.npy,1,excavator,train
train/train/excavator/閽╂満2458.npy,1,excavator,train
train/train/excavator/閽╂満2698.npy,1,excavator,train
train/train/excavator/閽╂満3427.npy,1,excavator,train
train/train/excavator/閽╂満0298.npy,1,excavator,train
train/train/excavator/閽╂満2918.npy,1,excavator,train
train/train/excavator/閽╂満1683.npy,1,excavator,train
train/train/excavator/閽╂満0296.npy,1,excavator,train
train/train/excavator/閽╂満3222.npy,1,excavator,train
train/train/excavator/閽╂満3291.npy,1,excavator,train
train/train/excavator/閽╂満0821.npy,1,excavator,train
train/train/excavator/閽╂満0412.npy,1,excavator,train
train/train/excavator/閽╂満3322.npy,1,excavator,train
train/train/excavator/閽╂満3126.npy,1,excavator,train
train/train/excavator/閽╂満2659.npy,1,excavator,train
train/train/excavator/閽╂満2886.npy,1,excavator,train
train/train/excavator/閽╂満0937.npy,1,excavator,train
train/train/excavator/閽╂満3293.npy,1,excavator,train
train/train/excavator/閽╂満3566.npy,1,excavator,train
train/train/excavator/閽╂満3079.npy,1,excavator,train
train/train/excavator/閽╂満0407.npy,1,excavator,train
train/train/excavator/閽╂満3583.npy,1,excavator,train
train/train/excavator/閽╂満0111.npy,1,excavator,train
train/train/excavator/閽╂満0310.npy,1,excavator,train
train/train/excavator/閽╂満1467.npy,1,excavator,train
train/train/excavator/閽╂満0116.npy,1,excavator,train
train/train/excavator/閽╂満0589.npy,1,excavator,train
train/train/excavator/閽╂満0620.npy,1,excavator,train
train/train/excavator/閽╂満1781.npy,1,excavator,train
train/train/excavator/閽╂満3271.npy,1,excavator,train
train/train/excavator/閽╂満1541.npy,1,excavator,train
train/train/excavator/閽╂満0250.npy,1,excavator,train
train/train/excavator/閽╂満2734.npy,1,excavator,train
train/train/excavator/閽╂満0706.npy,1,excavator,train
train/train/excavator/閽╂満2108.npy,1,excavator,train
train/train/excavator/閽╂満1997.npy,1,excavator,train
train/train/excavator/閽╂満2965.npy,1,excavator,train
train/train/excavator/閽╂満1624.npy,1,excavator,train
train/train/excavator/閽╂満2638.npy,1,excavator,train
train/train/excavator/閽╂満3203.npy,1,excavator,train
train/train/excavator/閽╂満3370.npy,1,excavator,train
train/train/excavator/閽╂満0439.npy,1,excavator,train
train/train/excavator/閽╂満2616.npy,1,excavator,train
train/train/excavator/閽╂満2538.npy,1,excavator,train
train/train/excavator/閽╂満0164.npy,1,excavator,train
train/train/excavator/閽╂満0481.npy,1,excavator,train
train/train/excavator/閽╂満2186.npy,1,excavator,train
train/train/excavator/閽╂満0344.npy,1,excavator,train
train/train/excavator/閽╂満3183.npy,1,excavator,train
train/train/excavator/閽╂満3043.npy,1,excavator,train
train/train/excavator/閽╂満0565.npy,1,excavator,train
train/train/excavator/閽╂満2749.npy,1,excavator,train
train/train/excavator/閽╂満1920.npy,1,excavator,train
train/train/excavator/閽╂満1113.npy,1,excavator,train
train/train/excavator/閽╂満1746.npy,1,excavator,train
train/train/excavator/閽╂満1705.npy,1,excavator,train
train/train/excavator/閽╂満0339.npy,1,excavator,train
train/train/excavator/閽╂満0053.npy,1,excavator,train
train/train/excavator/閽╂満3602.npy,1,excavator,train
train/train/excavator/閽╂満0824.npy,1,excavator,train
train/train/excavator/閽╂満2823.npy,1,excavator,train
train/train/excavator/閽╂満0465.npy,1,excavator,train
train/train/excavator/閽╂満2593.npy,1,excavator,train
train/train/excavator/閽╂満1952.npy,1,excavator,train
train/train/excavator/閽╂満1737.npy,1,excavator,train
train/train/excavator/閽╂満0632.npy,1,excavator,train
train/train/excavator/閽╂満1542.npy,1,excavator,train
train/train/excavator/閽╂満2592.npy,1,excavator,train
train/train/excavator/閽╂満2614.npy,1,excavator,train
train/train/excavator/閽╂満0994.npy,1,excavator,train
train/train/excavator/閽╂満1067.npy,1,excavator,train
train/train/excavator/閽╂満2750.npy,1,excavator,train
train/train/excavator/閽╂満2497.npy,1,excavator,train
train/train/excavator/閽╂満0918.npy,1,excavator,train
train/train/excavator/閽╂満1489.npy,1,excavator,train
train/train/excavator/閽╂満2113.npy,1,excavator,train
train/train/excavator/閽╂満2685.npy,1,excavator,train
train/train/excavator/閽╂満0154.npy,1,excavator,train
train/train/excavator/閽╂満2234.npy,1,excavator,train
train/train/excavator/閽╂満3204.npy,1,excavator,train
train/train/excavator/閽╂満1669.npy,1,excavator,train
train/train/excavator/閽╂満1581.npy,1,excavator,train
train/train/excavator/閽╂満0312.npy,1,excavator,train
train/train/excavator/閽╂満1881.npy,1,excavator,train
train/train/excavator/閽╂満3290.npy,1,excavator,train
train/train/excavator/閽╂満2532.npy,1,excavator,train
train/train/excavator/閽╂満3150.npy,1,excavator,train
train/train/excavator/閽╂満0842.npy,1,excavator,train
train/train/excavator/閽╂満0040.npy,1,excavator,train
train/train/excavator/閽╂満3594.npy,1,excavator,train
train/train/excavator/閽╂満3307.npy,1,excavator,train
train/train/excavator/閽╂満0913.npy,1,excavator,train
train/train/excavator/閽╂満0467.npy,1,excavator,train
train/train/excavator/閽╂満1549.npy,1,excavator,train
train/train/excavator/閽╂満2956.npy,1,excavator,train
train/train/excavator/閽╂満3478.npy,1,excavator,train
train/train/excavator/閽╂満3174.npy,1,excavator,train
train/train/excavator/閽╂満1612.npy,1,excavator,train
train/train/excavator/閽╂満3445.npy,1,excavator,train
train/train/excavator/閽╂満0483.npy,1,excavator,train
train/train/excavator/閽╂満1123.npy,1,excavator,train
train/train/excavator/閽╂満3012.npy,1,excavator,train
train/train/excavator/閽╂満2508.npy,1,excavator,train
train/train/excavator/閽╂満2119.npy,1,excavator,train
train/train/excavator/閽╂満0787.npy,1,excavator,train
train/train/excavator/閽╂満2787.npy,1,excavator,train
train/train/excavator/閽╂満3348.npy,1,excavator,train
train/train/excavator/閽╂満2585.npy,1,excavator,train
train/train/excavator/閽╂満0171.npy,1,excavator,train
train/train/excavator/閽╂満2219.npy,1,excavator,train
train/train/excavator/閽╂満0760.npy,1,excavator,train
train/train/excavator/閽╂満1653.npy,1,excavator,train
train/train/excavator/閽╂満2185.npy,1,excavator,train
train/train/excavator/閽╂満3242.npy,1,excavator,train
train/train/excavator/閽╂満2128.npy,1,excavator,train
train/train/excavator/閽╂満3084.npy,1,excavator,train
train/train/excavator/閽╂満2930.npy,1,excavator,train
train/train/excavator/閽╂満2870.npy,1,excavator,train
train/train/excavator/閽╂満1643.npy,1,excavator,train
train/train/excavator/閽╂満2511.npy,1,excavator,train
train/train/excavator/閽╂満2866.npy,1,excavator,train
train/train/excavator/閽╂満1514.npy,1,excavator,train
train/train/excavator/閽╂満2977.npy,1,excavator,train
train/train/excavator/閽╂満1433.npy,1,excavator,train
train/train/excavator/閽╂満1974.npy,1,excavator,train
train/train/excavator/閽╂満0761.npy,1,excavator,train
train/train/excavator/閽╂満2846.npy,1,excavator,train
train/train/excavator/閽╂満0012.npy,1,excavator,train
train/train/excavator/閽╂満0177.npy,1,excavator,train
train/train/excavator/閽╂満0831.npy,1,excavator,train
train/train/excavator/閽╂満2012.npy,1,excavator,train
train/train/excavator/閽╂満2792.npy,1,excavator,train
train/train/excavator/閽╂満3243.npy,1,excavator,train
train/train/excavator/閽╂満0733.npy,1,excavator,train
train/train/excavator/閽╂満0835.npy,1,excavator,train
train/train/excavator/閽╂満0175.npy,1,excavator,train
train/train/excavator/閽╂満1914.npy,1,excavator,train
train/train/excavator/閽╂満0868.npy,1,excavator,train
train/train/excavator/閽╂満1015.npy,1,excavator,train
train/train/excavator/閽╂満0434.npy,1,excavator,train
train/train/excavator/閽╂満2509.npy,1,excavator,train
train/train/excavator/閽╂満3578.npy,1,excavator,train
train/train/excavator/閽╂満0947.npy,1,excavator,train
train/train/excavator/閽╂満1719.npy,1,excavator,train
train/train/excavator/閽╂満2680.npy,1,excavator,train
train/train/excavator/閽╂満0137.npy,1,excavator,train
train/train/excavator/閽╂満0637.npy,1,excavator,train
train/train/excavator/閽╂満0046.npy,1,excavator,train
train/train/excavator/閽╂満2373.npy,1,excavator,train
train/train/excavator/閽╂満2010.npy,1,excavator,train
train/train/excavator/閽╂満2552.npy,1,excavator,train
train/train/excavator/閽╂満3381.npy,1,excavator,train
train/train/excavator/閽╂満1427.npy,1,excavator,train
train/train/excavator/閽╂満2770.npy,1,excavator,train
train/train/excavator/閽╂満1784.npy,1,excavator,train
train/train/excavator/閽╂満2809.npy,1,excavator,train
train/train/excavator/閽╂満1065.npy,1,excavator,train
train/train/excavator/閽╂満0840.npy,1,excavator,train
train/train/excavator/閽╂満2335.npy,1,excavator,train
train/train/excavator/閽╂満2092.npy,1,excavator,train
train/train/excavator/閽╂満2726.npy,1,excavator,train
train/train/excavator/閽╂満2683.npy,1,excavator,train
train/train/excavator/閽╂満2555.npy,1,excavator,train
train/train/excavator/閽╂満0705.npy,1,excavator,train
train/train/excavator/閽╂満2775.npy,1,excavator,train
train/train/excavator/閽╂満1518.npy,1,excavator,train
train/train/excavator/閽╂満2544.npy,1,excavator,train
train/train/excavator/閽╂満2286.npy,1,excavator,train
train/train/excavator/閽╂満2470.npy,1,excavator,train
train/train/excavator/閽╂満2632.npy,1,excavator,train
train/train/excavator/閽╂満1953.npy,1,excavator,train
train/train/excavator/閽╂満0977.npy,1,excavator,train
train/train/excavator/閽╂満3063.npy,1,excavator,train
train/train/excavator/閽╂満0981.npy,1,excavator,train
train/train/excavator/閽╂満0978.npy,1,excavator,train
train/train/excavator/閽╂満3264.npy,1,excavator,train
train/train/excavator/閽╂満1035.npy,1,excavator,train
train/train/excavator/閽╂満1630.npy,1,excavator,train
train/train/excavator/閽╂満1754.npy,1,excavator,train
train/train/excavator/閽╂満2143.npy,1,excavator,train
train/train/excavator/閽╂満3475.npy,1,excavator,train
train/train/excavator/閽╂満3230.npy,1,excavator,train
train/train/excavator/閽╂満3523.npy,1,excavator,train
train/train/excavator/閽╂満0510.npy,1,excavator,train
train/train/excavator/閽╂満2023.npy,1,excavator,train
train/train/excavator/閽╂満3253.npy,1,excavator,train
train/train/excavator/閽╂満2262.npy,1,excavator,train
train/train/excavator/閽╂満2019.npy,1,excavator,train
train/train/excavator/閽╂満2892.npy,1,excavator,train
train/train/excavator/閽╂満2212.npy,1,excavator,train
train/train/excavator/閽╂満0079.npy,1,excavator,train
train/train/excavator/閽╂満1748.npy,1,excavator,train
train/train/excavator/閽╂満3138.npy,1,excavator,train
train/train/excavator/閽╂満3482.npy,1,excavator,train
train/train/excavator/閽╂満0109.npy,1,excavator,train
train/train/excavator/閽╂満1656.npy,1,excavator,train
train/train/excavator/閽╂満3378.npy,1,excavator,train
train/train/excavator/閽╂満3240.npy,1,excavator,train
train/train/excavator/閽╂満3423.npy,1,excavator,train
train/train/excavator/閽╂満1100.npy,1,excavator,train
train/train/excavator/閽╂満3062.npy,1,excavator,train
train/train/excavator/閽╂満2924.npy,1,excavator,train
train/train/excavator/閽╂満3135.npy,1,excavator,train
train/train/excavator/閽╂満0480.npy,1,excavator,train
train/train/excavator/閽╂満3339.npy,1,excavator,train
train/train/excavator/閽╂満2895.npy,1,excavator,train
train/train/excavator/閽╂満1745.npy,1,excavator,train
train/train/excavator/閽╂満0015.npy,1,excavator,train
train/train/excavator/閽╂満1865.npy,1,excavator,train
train/train/excavator/閽╂満3505.npy,1,excavator,train
train/train/excavator/閽╂満2125.npy,1,excavator,train
train/train/excavator/閽╂満3066.npy,1,excavator,train
train/train/excavator/閽╂満1573.npy,1,excavator,train
train/train/excavator/閽╂満3013.npy,1,excavator,train
train/train/excavator/閽╂満0750.npy,1,excavator,train
train/train/excavator/閽╂満0401.npy,1,excavator,train
train/train/excavator/閽╂満0247.npy,1,excavator,train
train/train/excavator/閽╂満0650.npy,1,excavator,train
train/train/excavator/閽╂満2305.npy,1,excavator,train
train/train/excavator/閽╂満1540.npy,1,excavator,train
train/train/excavator/閽╂満2282.npy,1,excavator,train
train/train/excavator/閽╂満2208.npy,1,excavator,train
train/train/excavator/閽╂満1895.npy,1,excavator,train
train/train/excavator/閽╂満0694.npy,1,excavator,train
train/train/excavator/閽╂満3087.npy,1,excavator,train
train/train/excavator/閽╂満2817.npy,1,excavator,train
train/train/excavator/閽╂満0921.npy,1,excavator,train
train/train/excavator/閽╂満2008.npy,1,excavator,train
train/train/excavator/閽╂満2422.npy,1,excavator,train
train/train/excavator/閽╂満1891.npy,1,excavator,train
train/train/excavator/閽╂満2519.npy,1,excavator,train
train/train/excavator/閽╂満0230.npy,1,excavator,train
train/train/excavator/閽╂満0772.npy,1,excavator,train
train/train/excavator/閽╂満0077.npy,1,excavator,train
train/train/excavator/閽╂満3256.npy,1,excavator,train
train/train/excavator/閽╂満3449.npy,1,excavator,train
train/train/excavator/閽╂満1941.npy,1,excavator,train
train/train/excavator/閽╂満0991.npy,1,excavator,train
train/train/excavator/閽╂満0732.npy,1,excavator,train
train/train/excavator/閽╂満3365.npy,1,excavator,train
train/train/excavator/閽╂満3032.npy,1,excavator,train
train/train/excavator/閽╂満3182.npy,1,excavator,train
train/train/excavator/閽╂満3398.npy,1,excavator,train
train/train/excavator/閽╂満1890.npy,1,excavator,train
train/train/excavator/閽╂満0025.npy,1,excavator,train
train/train/excavator/閽╂満0479.npy,1,excavator,train
train/train/excavator/閽╂満2528.npy,1,excavator,train
train/train/excavator/閽╂満0936.npy,1,excavator,train
train/train/excavator/閽╂満2394.npy,1,excavator,train
train/train/excavator/閽╂満0424.npy,1,excavator,train
train/train/excavator/閽╂満0575.npy,1,excavator,train
train/train/excavator/閽╂満2849.npy,1,excavator,train
train/train/excavator/閽╂満2969.npy,1,excavator,train
train/train/excavator/閽╂満0919.npy,1,excavator,train
train/train/excavator/閽╂満1801.npy,1,excavator,train
train/train/excavator/閽╂満1879.npy,1,excavator,train
train/train/excavator/閽╂満3021.npy,1,excavator,train
train/train/excavator/閽╂満1823.npy,1,excavator,train
train/train/excavator/閽╂満1924.npy,1,excavator,train
train/train/excavator/閽╂満1045.npy,1,excavator,train
train/train/excavator/閽╂満1532.npy,1,excavator,train
train/train/excavator/閽╂満2553.npy,1,excavator,train
train/train/excavator/閽╂満2567.npy,1,excavator,train
train/train/excavator/閽╂満2902.npy,1,excavator,train
train/train/excavator/閽╂満0215.npy,1,excavator,train
train/train/excavator/閽╂満2764.npy,1,excavator,train
train/train/excavator/閽╂満0231.npy,1,excavator,train
train/train/excavator/閽╂満0511.npy,1,excavator,train
train/train/excavator/閽╂満3563.npy,1,excavator,train
train/train/excavator/閽╂満0799.npy,1,excavator,train
train/train/excavator/閽╂満1484.npy,1,excavator,train
train/train/excavator/閽╂満0723.npy,1,excavator,train
train/train/excavator/閽╂満0251.npy,1,excavator,train
train/train/excavator/閽╂満2907.npy,1,excavator,train
train/train/excavator/閽╂満0104.npy,1,excavator,train
train/train/excavator/閽╂満2016.npy,1,excavator,train
train/train/excavator/閽╂満1482.npy,1,excavator,train
train/train/excavator/閽╂満0061.npy,1,excavator,train
train/train/excavator/閽╂満2941.npy,1,excavator,train
train/train/excavator/閽╂満3604.npy,1,excavator,train
train/train/excavator/閽╂満2894.npy,1,excavator,train
train/train/excavator/閽╂満2897.npy,1,excavator,train
train/train/excavator/閽╂満0892.npy,1,excavator,train
train/train/excavator/閽╂満0613.npy,1,excavator,train
train/train/excavator/閽╂満2243.npy,1,excavator,train
train/train/excavator/閽╂満1860.npy,1,excavator,train
train/train/excavator/閽╂満0173.npy,1,excavator,train
train/train/excavator/閽╂満2450.npy,1,excavator,train
train/train/excavator/閽╂満2699.npy,1,excavator,train
train/train/excavator/閽╂満2001.npy,1,excavator,train
train/train/excavator/閽╂満0309.npy,1,excavator,train
train/train/excavator/閽╂満3069.npy,1,excavator,train
train/train/excavator/閽╂満1604.npy,1,excavator,train
train/train/excavator/閽╂満1849.npy,1,excavator,train
train/train/excavator/閽╂満0203.npy,1,excavator,train
train/train/excavator/閽╂満0859.npy,1,excavator,train
train/train/excavator/閽╂満3590.npy,1,excavator,train
train/train/excavator/閽╂満0258.npy,1,excavator,train
train/train/excavator/閽╂満0221.npy,1,excavator,train
train/train/excavator/閽╂満1474.npy,1,excavator,train
train/train/excavator/閽╂満2270.npy,1,excavator,train
train/train/excavator/閽╂満1073.npy,1,excavator,train
train/train/excavator/閽╂満1836.npy,1,excavator,train
train/train/excavator/閽╂満1676.npy,1,excavator,train
train/train/excavator/閽╂満2182.npy,1,excavator,train
train/train/excavator/閽╂満1588.npy,1,excavator,train
train/train/excavator/閽╂満2788.npy,1,excavator,train
train/train/excavator/閽╂満0060.npy,1,excavator,train
train/train/excavator/閽╂満3446.npy,1,excavator,train
train/train/excavator/閽╂満0454.npy,1,excavator,train
train/train/excavator/閽╂満2845.npy,1,excavator,train
train/train/excavator/閽╂満2199.npy,1,excavator,train
train/train/excavator/閽╂満2731.npy,1,excavator,train
train/train/excavator/閽╂満0669.npy,1,excavator,train
train/train/excavator/閽╂満3429.npy,1,excavator,train
train/train/excavator/閽╂満2858.npy,1,excavator,train
train/train/excavator/閽╂満0748.npy,1,excavator,train
train/train/excavator/閽╂満2786.npy,1,excavator,train
train/train/excavator/閽╂満2183.npy,1,excavator,train
train/train/excavator/閽╂満2046.npy,1,excavator,train
train/train/excavator/閽╂満2471.npy,1,excavator,train
train/train/excavator/閽╂満0422.npy,1,excavator,train
train/train/hammer/閿ゅ瓙0411.npy,2,hammer,train
train/train/hammer/閿ゅ瓙2271.npy,2,hammer,train
train/train/hammer/閿ゅ瓙3270.npy,2,hammer,train
train/train/hammer/閿ゅ瓙0922.npy,2,hammer,train
train/train/hammer/閿ゅ瓙2387.npy,2,hammer,train
train/train/hammer/閿ゅ瓙1047.npy,2,hammer,train
train/train/hammer/閿ゅ瓙0057.npy,2,hammer,train
train/train/hammer/閿ゅ瓙2677.npy,2,hammer,train
train/train/hammer/閿ゅ瓙2769.npy,2,hammer,train
train/train/hammer/閿ゅ瓙2910.npy,2,hammer,train
train/train/hammer/閿ゅ瓙0259.npy,2,hammer,train
train/train/hammer/閿ゅ瓙1244.npy,2,hammer,train
train/train/hammer/閿ゅ瓙0967.npy,2,hammer,train
train/train/hammer/閿ゅ瓙0746.npy,2,hammer,train
train/train/hammer/閿ゅ瓙1239.npy,2,hammer,train
train/train/hammer/閿ゅ瓙1765.npy,2,hammer,train
train/train/hammer/閿ゅ瓙2053.npy,2,hammer,train
train/train/hammer/閿ゅ瓙2459.npy,2,hammer,train
train/train/hammer/閿ゅ瓙1827.npy,2,hammer,train
train/train/hammer/閿ゅ瓙3274.npy,2,hammer,train
train/train/hammer/閿ゅ瓙1816.npy,2,hammer,train
train/train/hammer/閿ゅ瓙1871.npy,2,hammer,train
train/train/hammer/閿ゅ瓙3172.npy,2,hammer,train
train/train/hammer/閿ゅ瓙2873.npy,2,hammer,train
train/train/hammer/閿ゅ瓙0330.npy,2,hammer,train
train/train/hammer/閿ゅ瓙0251.npy,2,hammer,train
train/train/hammer/閿ゅ瓙0560.npy,2,hammer,train
train/train/hammer/閿ゅ瓙2104.npy,2,hammer,train
train/train/hammer/閿ゅ瓙2733.npy,2,hammer,train
train/train/hammer/閿ゅ瓙2743.npy,2,hammer,train
train/train/hammer/閿ゅ瓙1261.npy,2,hammer,train
train/train/hammer/閿ゅ瓙3153.npy,2,hammer,train
train/train/hammer/閿ゅ瓙2796.npy,2,hammer,train
train/train/hammer/閿ゅ瓙2231.npy,2,hammer,train
train/train/hammer/閿ゅ瓙2343.npy,2,hammer,train
train/train/hammer/閿ゅ瓙0940.npy,2,hammer,train
train/train/hammer/閿ゅ瓙2673.npy,2,hammer,train
train/train/hammer/閿ゅ瓙0269.npy,2,hammer,train
train/train/hammer/閿ゅ瓙1569.npy,2,hammer,train
train/train/hammer/閿ゅ瓙2797.npy,2,hammer,train
train/train/hammer/閿ゅ瓙2187.npy,2,hammer,train
train/train/hammer/閿ゅ瓙3508.npy,2,hammer,train
train/train/hammer/閿ゅ瓙0871.npy,2,hammer,train
train/train/hammer/閿ゅ瓙2234.npy,2,hammer,train
train/train/hammer/閿ゅ瓙0740.npy,2,hammer,train
train/train/hammer/閿ゅ瓙0154.npy,2,hammer,train
train/train/hammer/閿ゅ瓙2091.npy,2,hammer,train
train/train/hammer/閿ゅ瓙1717.npy,2,hammer,train
train/train/hammer/閿ゅ瓙0833.npy,2,hammer,train
train/train/hammer/閿ゅ瓙2852.npy,2,hammer,train
train/train/hammer/閿ゅ瓙0421.npy,2,hammer,train
train/train/hammer/閿ゅ瓙3074.npy,2,hammer,train
train/train/hammer/閿ゅ瓙2940.npy,2,hammer,train
train/train/hammer/閿ゅ瓙2785.npy,2,hammer,train
train/train/hammer/閿ゅ瓙1897.npy,2,hammer,train
train/train/hammer/閿ゅ瓙0898.npy,2,hammer,train
train/train/hammer/閿ゅ瓙0333.npy,2,hammer,train
train/train/hammer/閿ゅ瓙1903.npy,2,hammer,train
train/train/hammer/閿ゅ瓙3090.npy,2,hammer,train
train/train/hammer/閿ゅ瓙2608.npy,2,hammer,train
train/train/hammer/閿ゅ瓙1181.npy,2,hammer,train
train/train/hammer/閿ゅ瓙1615.npy,2,hammer,train
train/train/hammer/閿ゅ瓙3346.npy,2,hammer,train
train/train/hammer/閿ゅ瓙0840.npy,2,hammer,train
train/train/hammer/閿ゅ瓙1759.npy,2,hammer,train
train/train/hammer/閿ゅ瓙2128.npy,2,hammer,train
train/train/hammer/閿ゅ瓙3239.npy,2,hammer,train
train/train/hammer/閿ゅ瓙2431.npy,2,hammer,train
train/train/hammer/閿ゅ瓙3125.npy,2,hammer,train
train/train/hammer/閿ゅ瓙3343.npy,2,hammer,train
train/train/hammer/閿ゅ瓙2185.npy,2,hammer,train
train/train/hammer/閿ゅ瓙0542.npy,2,hammer,train
train/train/hammer/閿ゅ瓙2746.npy,2,hammer,train
train/train/hammer/閿ゅ瓙2877.npy,2,hammer,train
train/train/hammer/閿ゅ瓙2009.npy,2,hammer,train
train/train/hammer/閿ゅ瓙2332.npy,2,hammer,train
train/train/hammer/閿ゅ瓙2283.npy,2,hammer,train
train/train/hammer/閿ゅ瓙2021.npy,2,hammer,train
train/train/hammer/閿ゅ瓙2728.npy,2,hammer,train
train/train/hammer/閿ゅ瓙0085.npy,2,hammer,train
train/train/hammer/閿ゅ瓙1701.npy,2,hammer,train
train/train/hammer/閿ゅ瓙1665.npy,2,hammer,train
train/train/hammer/閿ゅ瓙0993.npy,2,hammer,train
train/train/hammer/閿ゅ瓙2772.npy,2,hammer,train
train/train/hammer/閿ゅ瓙0307.npy,2,hammer,train
train/train/hammer/閿ゅ瓙1705.npy,2,hammer,train
train/train/hammer/閿ゅ瓙1262.npy,2,hammer,train
train/train/hammer/閿ゅ瓙1979.npy,2,hammer,train
train/train/hammer/閿ゅ瓙2900.npy,2,hammer,train
train/train/hammer/閿ゅ瓙2463.npy,2,hammer,train
train/train/hammer/閿ゅ瓙2794.npy,2,hammer,train
train/train/hammer/閿ゅ瓙2945.npy,2,hammer,train
train/train/hammer/閿ゅ瓙0311.npy,2,hammer,train
train/train/hammer/閿ゅ瓙1902.npy,2,hammer,train
train/train/hammer/閿ゅ瓙1620.npy,2,hammer,train
train/train/hammer/閿ゅ瓙3403.npy,2,hammer,train
train/train/hammer/閿ゅ瓙2569.npy,2,hammer,train
train/train/hammer/閿ゅ瓙0955.npy,2,hammer,train
train/train/hammer/閿ゅ瓙0997.npy,2,hammer,train
train/train/hammer/閿ゅ瓙2458.npy,2,hammer,train
train/train/hammer/閿ゅ瓙1785.npy,2,hammer,train
train/train/hammer/閿ゅ瓙0623.npy,2,hammer,train
train/train/hammer/閿ゅ瓙0803.npy,2,hammer,train
train/train/hammer/閿ゅ瓙0366.npy,2,hammer,train
train/train/hammer/閿ゅ瓙0265.npy,2,hammer,train
train/train/hammer/閿ゅ瓙0458.npy,2,hammer,train
train/train/hammer/閿ゅ瓙1078.npy,2,hammer,train
train/train/hammer/閿ゅ瓙2963.npy,2,hammer,train
train/train/hammer/閿ゅ瓙0161.npy,2,hammer,train
train/train/hammer/閿ゅ瓙2208.npy,2,hammer,train
train/train/hammer/閿ゅ瓙2626.npy,2,hammer,train
train/train/hammer/閿ゅ瓙1196.npy,2,hammer,train
train/train/hammer/閿ゅ瓙3549.npy,2,hammer,train
train/train/hammer/閿ゅ瓙2067.npy,2,hammer,train
train/train/hammer/閿ゅ瓙2690.npy,2,hammer,train
train/train/hammer/閿ゅ瓙1226.npy,2,hammer,train
train/train/hammer/閿ゅ瓙0037.npy,2,hammer,train
train/train/hammer/閿ゅ瓙0041.npy,2,hammer,train
train/train/hammer/閿ゅ瓙3171.npy,2,hammer,train
train/train/hammer/閿ゅ瓙2030.npy,2,hammer,train
train/train/hammer/閿ゅ瓙0504.npy,2,hammer,train
train/train/hammer/閿ゅ瓙3135.npy,2,hammer,train
train/train/hammer/閿ゅ瓙0875.npy,2,hammer,train
train/train/hammer/閿ゅ瓙2602.npy,2,hammer,train
train/train/hammer/閿ゅ瓙2160.npy,2,hammer,train
train/train/hammer/閿ゅ瓙1179.npy,2,hammer,train
train/train/hammer/閿ゅ瓙2100.npy,2,hammer,train
train/train/hammer/閿ゅ瓙0943.npy,2,hammer,train
train/train/hammer/閿ゅ瓙0322.npy,2,hammer,train
train/train/hammer/閿ゅ瓙2557.npy,2,hammer,train
train/train/hammer/閿ゅ瓙0400.npy,2,hammer,train
train/train/hammer/閿ゅ瓙3314.npy,2,hammer,train
train/train/hammer/閿ゅ瓙3166.npy,2,hammer,train
train/train/hammer/閿ゅ瓙0538.npy,2,hammer,train
train/train/hammer/閿ゅ瓙2793.npy,2,hammer,train
train/train/hammer/閿ゅ瓙0780.npy,2,hammer,train
train/train/hammer/閿ゅ瓙1831.npy,2,hammer,train
train/train/hammer/閿ゅ瓙2018.npy,2,hammer,train
train/train/hammer/閿ゅ瓙0959.npy,2,hammer,train
train/train/hammer/閿ゅ瓙1877.npy,2,hammer,train
train/train/hammer/閿ゅ瓙0135.npy,2,hammer,train
train/train/hammer/閿ゅ瓙1019.npy,2,hammer,train
train/train/hammer/閿ゅ瓙3040.npy,2,hammer,train
train/train/hammer/閿ゅ瓙1729.npy,2,hammer,train
train/train/hammer/閿ゅ瓙2066.npy,2,hammer,train
train/train/hammer/閿ゅ瓙3161.npy,2,hammer,train
train/train/hammer/閿ゅ瓙1909.npy,2,hammer,train
train/train/hammer/閿ゅ瓙0467.npy,2,hammer,train
train/train/hammer/閿ゅ瓙2260.npy,2,hammer,train
train/train/hammer/閿ゅ瓙1116.npy,2,hammer,train
train/train/hammer/閿ゅ瓙0045.npy,2,hammer,train
train/train/hammer/閿ゅ瓙1055.npy,2,hammer,train
train/train/hammer/閿ゅ瓙3484.npy,2,hammer,train
train/train/hammer/閿ゅ瓙2736.npy,2,hammer,train
train/train/hammer/閿ゅ瓙1781.npy,2,hammer,train
train/train/hammer/閿ゅ瓙0084.npy,2,hammer,train
train/train/hammer/閿ゅ瓙3379.npy,2,hammer,train
train/train/hammer/閿ゅ瓙2734.npy,2,hammer,train
train/train/hammer/閿ゅ瓙1638.npy,2,hammer,train
train/train/hammer/閿ゅ瓙3288.npy,2,hammer,train
train/train/hammer/閿ゅ瓙0518.npy,2,hammer,train
train/train/hammer/閿ゅ瓙0147.npy,2,hammer,train
train/train/hammer/閿ゅ瓙3217.npy,2,hammer,train
train/train/hammer/閿ゅ瓙3315.npy,2,hammer,train
train/train/hammer/閿ゅ瓙2052.npy,2,hammer,train
train/train/hammer/閿ゅ瓙0102.npy,2,hammer,train
train/train/hammer/閿ゅ瓙1830.npy,2,hammer,train
train/train/hammer/閿ゅ瓙0079.npy,2,hammer,train
train/train/hammer/閿ゅ瓙2582.npy,2,hammer,train
train/train/hammer/閿ゅ瓙3551.npy,2,hammer,train
train/train/hammer/閿ゅ瓙2188.npy,2,hammer,train
train/train/hammer/閿ゅ瓙3552.npy,2,hammer,train
train/train/hammer/閿ゅ瓙0892.npy,2,hammer,train
train/train/hammer/閿ゅ瓙0447.npy,2,hammer,train
train/train/hammer/閿ゅ瓙0422.npy,2,hammer,train
train/train/hammer/閿ゅ瓙2947.npy,2,hammer,train
train/train/hammer/閿ゅ瓙0468.npy,2,hammer,train
train/train/hammer/閿ゅ瓙2474.npy,2,hammer,train
train/train/hammer/閿ゅ瓙2443.npy,2,hammer,train
train/train/hammer/閿ゅ瓙0187.npy,2,hammer,train
train/train/hammer/閿ゅ瓙1981.npy,2,hammer,train
train/train/hammer/閿ゅ瓙2357.npy,2,hammer,train
train/train/hammer/閿ゅ瓙1809.npy,2,hammer,train
train/train/hammer/閿ゅ瓙0690.npy,2,hammer,train
train/train/hammer/閿ゅ瓙0176.npy,2,hammer,train
train/train/hammer/閿ゅ瓙1708.npy,2,hammer,train
train/train/hammer/閿ゅ瓙2384.npy,2,hammer,train
train/train/hammer/閿ゅ瓙2547.npy,2,hammer,train
train/train/hammer/閿ゅ瓙3085.npy,2,hammer,train
train/train/hammer/閿ゅ瓙3535.npy,2,hammer,train
train/train/hammer/閿ゅ瓙2189.npy,2,hammer,train
train/train/hammer/閿ゅ瓙0734.npy,2,hammer,train
train/train/hammer/閿ゅ瓙2585.npy,2,hammer,train
train/train/hammer/閿ゅ瓙2767.npy,2,hammer,train
train/train/hammer/閿ゅ瓙1917.npy,2,hammer,train
train/train/hammer/閿ゅ瓙2630.npy,2,hammer,train
train/train/hammer/閿ゅ瓙2500.npy,2,hammer,train
train/train/hammer/閿ゅ瓙0125.npy,2,hammer,train
train/train/hammer/閿ゅ瓙0962.npy,2,hammer,train
train/train/hammer/閿ゅ瓙0882.npy,2,hammer,train
train/train/hammer/閿ゅ瓙2680.npy,2,hammer,train
train/train/hammer/閿ゅ瓙0055.npy,2,hammer,train
train/train/hammer/閿ゅ瓙1069.npy,2,hammer,train
train/train/hammer/閿ゅ瓙1035.npy,2,hammer,train
train/train/hammer/閿ゅ瓙2022.npy,2,hammer,train
train/train/hammer/閿ゅ瓙0776.npy,2,hammer,train
train/train/hammer/閿ゅ瓙0028.npy,2,hammer,train
train/train/hammer/閿ゅ瓙0288.npy,2,hammer,train
train/train/hammer/閿ゅ瓙3384.npy,2,hammer,train
train/train/hammer/閿ゅ瓙0399.npy,2,hammer,train
train/train/hammer/閿ゅ瓙1128.npy,2,hammer,train
train/train/hammer/閿ゅ瓙0450.npy,2,hammer,train
train/train/hammer/閿ゅ瓙2903.npy,2,hammer,train
train/train/hammer/閿ゅ瓙2642.npy,2,hammer,train
train/train/hammer/閿ゅ瓙2468.npy,2,hammer,train
train/train/hammer/閿ゅ瓙0686.npy,2,hammer,train
train/train/hammer/閿ゅ瓙0888.npy,2,hammer,train
train/train/hammer/閿ゅ瓙2388.npy,2,hammer,train
train/train/hammer/閿ゅ瓙2995.npy,2,hammer,train
train/train/hammer/閿ゅ瓙2317.npy,2,hammer,train
train/train/hammer/閿ゅ瓙3540.npy,2,hammer,train
train/train/hammer/閿ゅ瓙0972.npy,2,hammer,train
train/train/hammer/閿ゅ瓙2047.npy,2,hammer,train
train/train/hammer/閿ゅ瓙0011.npy,2,hammer,train
train/train/hammer/閿ゅ瓙2324.npy,2,hammer,train
train/train/hammer/閿ゅ瓙0778.npy,2,hammer,train
train/train/hammer/閿ゅ瓙2904.npy,2,hammer,train
train/train/hammer/閿ゅ瓙0838.npy,2,hammer,train
train/train/hammer/閿ゅ瓙2259.npy,2,hammer,train
train/train/hammer/閿ゅ瓙1711.npy,2,hammer,train
train/train/hammer/閿ゅ瓙3260.npy,2,hammer,train
train/train/hammer/閿ゅ瓙0584.npy,2,hammer,train
train/train/hammer/閿ゅ瓙2450.npy,2,hammer,train
train/train/hammer/閿ゅ瓙2273.npy,2,hammer,train
train/train/hammer/閿ゅ瓙2782.npy,2,hammer,train
train/train/hammer/閿ゅ瓙3372.npy,2,hammer,train
train/train/hammer/閿ゅ瓙3246.npy,2,hammer,train
train/train/hammer/閿ゅ瓙1241.npy,2,hammer,train
train/train/hammer/閿ゅ瓙2664.npy,2,hammer,train
train/train/hammer/閿ゅ瓙1083.npy,2,hammer,train
train/train/hammer/閿ゅ瓙1028.npy,2,hammer,train
train/train/hammer/閿ゅ瓙0005.npy,2,hammer,train
train/train/hammer/閿ゅ瓙3173.npy,2,hammer,train
train/train/hammer/閿ゅ瓙2483.npy,2,hammer,train
train/train/hammer/閿ゅ瓙3534.npy,2,hammer,train
train/train/hammer/閿ゅ瓙2426.npy,2,hammer,train
train/train/hammer/閿ゅ瓙2123.npy,2,hammer,train
train/train/hammer/閿ゅ瓙2422.npy,2,hammer,train
train/train/hammer/閿ゅ瓙1958.npy,2,hammer,train
train/train/hammer/閿ゅ瓙0626.npy,2,hammer,train
train/train/hammer/閿ゅ瓙2804.npy,2,hammer,train
train/train/hammer/閿ゅ瓙0413.npy,2,hammer,train
train/train/hammer/閿ゅ瓙2792.npy,2,hammer,train
train/train/hammer/閿ゅ瓙2460.npy,2,hammer,train
train/train/hammer/閿ゅ瓙2453.npy,2,hammer,train
train/train/hammer/閿ゅ瓙0620.npy,2,hammer,train
train/train/hammer/閿ゅ瓙0787.npy,2,hammer,train
train/train/hammer/閿ゅ瓙0613.npy,2,hammer,train
train/train/hammer/閿ゅ瓙2436.npy,2,hammer,train
train/train/hammer/閿ゅ瓙1136.npy,2,hammer,train
train/train/hammer/閿ゅ瓙3302.npy,2,hammer,train
train/train/hammer/閿ゅ瓙0200.npy,2,hammer,train
train/train/hammer/閿ゅ瓙0649.npy,2,hammer,train
train/train/hammer/閿ゅ瓙1213.npy,2,hammer,train
train/train/hammer/閿ゅ瓙3261.npy,2,hammer,train
train/train/hammer/閿ゅ瓙0773.npy,2,hammer,train
train/train/hammer/閿ゅ瓙3116.npy,2,hammer,train
train/train/hammer/閿ゅ瓙2683.npy,2,hammer,train
train/train/hammer/閿ゅ瓙3445.npy,2,hammer,train
train/train/hammer/閿ゅ瓙2482.npy,2,hammer,train
train/train/hammer/閿ゅ瓙1242.npy,2,hammer,train
train/train/hammer/閿ゅ瓙0782.npy,2,hammer,train
train/train/hammer/閿ゅ瓙3205.npy,2,hammer,train
train/train/hammer/閿ゅ瓙2711.npy,2,hammer,train
train/train/hammer/閿ゅ瓙3459.npy,2,hammer,train
train/train/hammer/閿ゅ瓙2519.npy,2,hammer,train
train/train/hammer/閿ゅ瓙0729.npy,2,hammer,train
train/train/hammer/閿ゅ瓙0230.npy,2,hammer,train
train/train/hammer/閿ゅ瓙2397.npy,2,hammer,train
train/train/hammer/閿ゅ瓙2961.npy,2,hammer,train
train/train/hammer/閿ゅ瓙0030.npy,2,hammer,train
train/train/hammer/閿ゅ瓙2063.npy,2,hammer,train
train/train/hammer/閿ゅ瓙2921.npy,2,hammer,train
train/train/hammer/閿ゅ瓙0886.npy,2,hammer,train
train/train/hammer/閿ゅ瓙1052.npy,2,hammer,train
train/train/hammer/閿ゅ瓙2631.npy,2,hammer,train
train/train/hammer/閿ゅ瓙2105.npy,2,hammer,train
train/train/hammer/閿ゅ瓙1739.npy,2,hammer,train
train/train/hammer/閿ゅ瓙2048.npy,2,hammer,train
train/train/hammer/閿ゅ瓙2770.npy,2,hammer,train
train/train/hammer/閿ゅ瓙2669.npy,2,hammer,train
train/train/hammer/閿ゅ瓙3126.npy,2,hammer,train
train/train/hammer/閿ゅ瓙3405.npy,2,hammer,train
train/train/hammer/閿ゅ瓙2430.npy,2,hammer,train
train/train/hammer/閿ゅ瓙1559.npy,2,hammer,train
train/train/hammer/閿ゅ瓙1218.npy,2,hammer,train
train/train/hammer/閿ゅ瓙0879.npy,2,hammer,train
train/train/hammer/閿ゅ瓙3369.npy,2,hammer,train
train/train/hammer/閿ゅ瓙3559.npy,2,hammer,train
train/train/hammer/閿ゅ瓙2401.npy,2,hammer,train
train/train/hammer/閿ゅ瓙3496.npy,2,hammer,train
train/train/hammer/閿ゅ瓙1712.npy,2,hammer,train
train/train/hammer/閿ゅ瓙1722.npy,2,hammer,train
train/train/hammer/閿ゅ瓙2478.npy,2,hammer,train
train/train/hammer/閿ゅ瓙1207.npy,2,hammer,train
train/train/hammer/閿ゅ瓙3176.npy,2,hammer,train
train/train/hammer/閿ゅ瓙2997.npy,2,hammer,train
train/train/hammer/閿ゅ瓙2971.npy,2,hammer,train
train/train/hammer/閿ゅ瓙1992.npy,2,hammer,train
train/train/hammer/閿ゅ瓙2637.npy,2,hammer,train
train/train/hammer/閿ゅ瓙3256.npy,2,hammer,train
train/train/hammer/閿ゅ瓙3214.npy,2,hammer,train
train/train/hammer/閿ゅ瓙1806.npy,2,hammer,train
train/train/hammer/閿ゅ瓙3432.npy,2,hammer,train
train/train/hammer/閿ゅ瓙2610.npy,2,hammer,train
train/train/hammer/閿ゅ瓙2887.npy,2,hammer,train
train/train/hammer/閿ゅ瓙2578.npy,2,hammer,train
train/train/hammer/閿ゅ瓙2880.npy,2,hammer,train
train/train/hammer/閿ゅ瓙1092.npy,2,hammer,train
train/train/hammer/閿ゅ瓙1082.npy,2,hammer,train
train/train/hammer/閿ゅ瓙2424.npy,2,hammer,train
train/train/hammer/閿ゅ瓙3287.npy,2,hammer,train
train/train/hammer/閿ゅ瓙1584.npy,2,hammer,train
train/train/hammer/閿ゅ瓙1972.npy,2,hammer,train
train/train/hammer/閿ゅ瓙1023.npy,2,hammer,train
train/train/hammer/閿ゅ瓙0784.npy,2,hammer,train
train/train/hammer/閿ゅ瓙3082.npy,2,hammer,train
train/train/hammer/閿ゅ瓙2141.npy,2,hammer,train
train/train/hammer/閿ゅ瓙2096.npy,2,hammer,train
train/train/hammer/閿ゅ瓙3284.npy,2,hammer,train
train/train/hammer/閿ゅ瓙0248.npy,2,hammer,train
train/train/hammer/閿ゅ瓙1787.npy,2,hammer,train
train/train/hammer/閿ゅ瓙3118.npy,2,hammer,train
train/train/hammer/閿ゅ瓙3503.npy,2,hammer,train
train/train/hammer/閿ゅ瓙0215.npy,2,hammer,train
train/train/hammer/閿ゅ瓙0815.npy,2,hammer,train
train/train/hammer/閿ゅ瓙2934.npy,2,hammer,train
train/train/hammer/閿ゅ瓙3466.npy,2,hammer,train
train/train/hammer/閿ゅ瓙2737.npy,2,hammer,train
train/train/hammer/閿ゅ瓙2745.npy,2,hammer,train
train/train/hammer/閿ゅ瓙3435.npy,2,hammer,train
train/train/hammer/閿ゅ瓙2636.npy,2,hammer,train
train/train/hammer/閿ゅ瓙3048.npy,2,hammer,train
train/train/hammer/閿ゅ瓙1680.npy,2,hammer,train
train/train/hammer/閿ゅ瓙1910.npy,2,hammer,train
train/train/hammer/閿ゅ瓙3271.npy,2,hammer,train
train/train/hammer/閿ゅ瓙3132.npy,2,hammer,train
train/train/hammer/閿ゅ瓙3068.npy,2,hammer,train
train/train/hammer/閿ゅ瓙2445.npy,2,hammer,train
train/train/hammer/閿ゅ瓙0237.npy,2,hammer,train
train/train/hammer/閿ゅ瓙1891.npy,2,hammer,train
train/train/hammer/閿ゅ瓙2354.npy,2,hammer,train
train/train/hammer/閿ゅ瓙3507.npy,2,hammer,train
train/train/hammer/閿ゅ瓙1593.npy,2,hammer,train
train/train/hammer/閿ゅ瓙1208.npy,2,hammer,train
train/train/hammer/閿ゅ瓙3334.npy,2,hammer,train
train/train/hammer/閿ゅ瓙0493.npy,2,hammer,train
train/train/hammer/閿ゅ瓙1998.npy,2,hammer,train
train/train/hammer/閿ゅ瓙1697.npy,2,hammer,train
train/train/hammer/閿ゅ瓙1988.npy,2,hammer,train
train/train/hammer/閿ゅ瓙2368.npy,2,hammer,train
train/train/hammer/閿ゅ瓙0131.npy,2,hammer,train
train/train/hammer/閿ゅ瓙0426.npy,2,hammer,train
train/train/hammer/閿ゅ瓙2911.npy,2,hammer,train
train/train/hammer/閿ゅ瓙1587.npy,2,hammer,train
train/train/hammer/閿ゅ瓙2410.npy,2,hammer,train
train/train/hammer/閿ゅ瓙0130.npy,2,hammer,train
train/train/hammer/閿ゅ瓙1639.npy,2,hammer,train
train/train/hammer/閿ゅ瓙3410.npy,2,hammer,train
train/train/hammer/閿ゅ瓙1929.npy,2,hammer,train
train/train/hammer/閿ゅ瓙1209.npy,2,hammer,train
train/train/hammer/閿ゅ瓙0491.npy,2,hammer,train
train/train/hammer/閿ゅ瓙3143.npy,2,hammer,train
train/train/hammer/閿ゅ瓙0235.npy,2,hammer,train
train/train/hammer/閿ゅ瓙2186.npy,2,hammer,train
train/train/hammer/閿ゅ瓙0813.npy,2,hammer,train
train/train/hammer/閿ゅ瓙2828.npy,2,hammer,train
train/train/hammer/閿ゅ瓙2913.npy,2,hammer,train
train/train/hammer/閿ゅ瓙1795.npy,2,hammer,train
train/train/hammer/閿ゅ瓙1564.npy,2,hammer,train
train/train/hammer/閿ゅ瓙1664.npy,2,hammer,train
train/train/hammer/閿ゅ瓙2396.npy,2,hammer,train
train/train/hammer/閿ゅ瓙1076.npy,2,hammer,train
train/train/hammer/閿ゅ瓙0575.npy,2,hammer,train
train/train/hammer/閿ゅ瓙1077.npy,2,hammer,train
train/train/hammer/閿ゅ瓙0647.npy,2,hammer,train
train/train/hammer/閿ゅ瓙1666.npy,2,hammer,train
train/train/hammer/閿ゅ瓙1945.npy,2,hammer,train
train/train/hammer/閿ゅ瓙0006.npy,2,hammer,train
train/train/hammer/閿ゅ瓙2219.npy,2,hammer,train
train/train/hammer/閿ゅ瓙1628.npy,2,hammer,train
train/train/hammer/閿ゅ瓙2383.npy,2,hammer,train
train/train/hammer/閿ゅ瓙2184.npy,2,hammer,train
train/train/hammer/閿ゅ瓙2521.npy,2,hammer,train
train/train/hammer/閿ゅ瓙3105.npy,2,hammer,train
train/train/hammer/閿ゅ瓙3065.npy,2,hammer,train
train/train/hammer/閿ゅ瓙1679.npy,2,hammer,train
train/train/hammer/閿ゅ瓙0536.npy,2,hammer,train
train/train/hammer/閿ゅ瓙2361.npy,2,hammer,train
train/train/hammer/閿ゅ瓙3187.npy,2,hammer,train
train/train/hammer/閿ゅ瓙3005.npy,2,hammer,train
train/train/hammer/閿ゅ瓙3390.npy,2,hammer,train
train/train/hammer/閿ゅ瓙1825.npy,2,hammer,train
train/train/hammer/閿ゅ瓙0432.npy,2,hammer,train
train/train/hammer/閿ゅ瓙3371.npy,2,hammer,train
train/train/hammer/閿ゅ瓙1122.npy,2,hammer,train
train/train/hammer/閿ゅ瓙2701.npy,2,hammer,train
train/train/hammer/閿ゅ瓙2979.npy,2,hammer,train
train/train/hammer/閿ゅ瓙3011.npy,2,hammer,train
train/train/hammer/閿ゅ瓙0268.npy,2,hammer,train
train/train/hammer/閿ゅ瓙0165.npy,2,hammer,train
train/train/hammer/閿ゅ瓙2199.npy,2,hammer,train
train/train/hammer/閿ゅ瓙3188.npy,2,hammer,train
train/train/hammer/閿ゅ瓙3201.npy,2,hammer,train
train/train/hammer/閿ゅ瓙1901.npy,2,hammer,train
train/train/hammer/閿ゅ瓙1720.npy,2,hammer,train
train/train/hammer/閿ゅ瓙1037.npy,2,hammer,train
train/train/hammer/閿ゅ瓙3482.npy,2,hammer,train
train/train/hammer/閿ゅ瓙1957.npy,2,hammer,train
train/train/hammer/閿ゅ瓙1544.npy,2,hammer,train
train/train/hammer/閿ゅ瓙0693.npy,2,hammer,train
train/train/hammer/閿ゅ瓙2914.npy,2,hammer,train
train/train/hammer/閿ゅ瓙3145.npy,2,hammer,train
train/train/hammer/閿ゅ瓙3071.npy,2,hammer,train
train/train/hammer/閿ゅ瓙1682.npy,2,hammer,train
train/train/hammer/閿ゅ瓙2082.npy,2,hammer,train
train/train/hammer/閿ゅ瓙0078.npy,2,hammer,train
train/train/hammer/閿ゅ瓙0601.npy,2,hammer,train
train/train/hammer/閿ゅ瓙0191.npy,2,hammer,train
train/train/hammer/閿ゅ瓙3207.npy,2,hammer,train
train/train/hammer/閿ゅ瓙0353.npy,2,hammer,train
train/train/hammer/閿ゅ瓙3395.npy,2,hammer,train
train/train/hammer/閿ゅ瓙0385.npy,2,hammer,train
train/train/hammer/閿ゅ瓙3155.npy,2,hammer,train
train/train/hammer/閿ゅ瓙2330.npy,2,hammer,train
train/train/hammer/閿ゅ瓙1952.npy,2,hammer,train
train/train/hammer/閿ゅ瓙0745.npy,2,hammer,train
train/train/hammer/閿ゅ瓙2628.npy,2,hammer,train
train/train/hammer/閿ゅ瓙1594.npy,2,hammer,train
train/train/hammer/閿ゅ瓙0159.npy,2,hammer,train
train/train/hammer/閿ゅ瓙0904.npy,2,hammer,train
train/train/hammer/閿ゅ瓙2049.npy,2,hammer,train
train/train/hammer/閿ゅ瓙2604.npy,2,hammer,train
train/train/hammer/閿ゅ瓙2515.npy,2,hammer,train
train/train/hammer/閿ゅ瓙2359.npy,2,hammer,train
train/train/hammer/閿ゅ瓙2817.npy,2,hammer,train
train/train/hammer/閿ゅ瓙2543.npy,2,hammer,train
train/train/hammer/閿ゅ瓙1870.npy,2,hammer,train
train/train/hammer/閿ゅ瓙3147.npy,2,hammer,train
train/train/hammer/閿ゅ瓙3573.npy,2,hammer,train
train/train/hammer/閿ゅ瓙2366.npy,2,hammer,train
train/train/hammer/閿ゅ瓙0960.npy,2,hammer,train
train/train/hammer/閿ゅ瓙2146.npy,2,hammer,train
train/train/hammer/閿ゅ瓙0517.npy,2,hammer,train
train/train/hammer/閿ゅ瓙0651.npy,2,hammer,train
train/train/hammer/閿ゅ瓙0203.npy,2,hammer,train
train/train/hammer/閿ゅ瓙0093.npy,2,hammer,train
train/train/hammer/閿ゅ瓙3112.npy,2,hammer,train
train/train/hammer/閿ゅ瓙0639.npy,2,hammer,train
train/train/hammer/閿ゅ瓙2003.npy,2,hammer,train
train/train/hammer/閿ゅ瓙0946.npy,2,hammer,train
train/train/hammer/閿ゅ瓙0777.npy,2,hammer,train
train/train/hammer/閿ゅ瓙3377.npy,2,hammer,train
train/train/hammer/閿ゅ瓙0986.npy,2,hammer,train
train/train/hammer/閿ゅ瓙0725.npy,2,hammer,train
train/train/hammer/閿ゅ瓙2594.npy,2,hammer,train
train/train/hammer/閿ゅ瓙0675.npy,2,hammer,train
train/train/hammer/閿ゅ瓙2983.npy,2,hammer,train
train/train/hammer/閿ゅ瓙1080.npy,2,hammer,train
train/train/hammer/閿ゅ瓙1263.npy,2,hammer,train
train/train/hammer/閿ゅ瓙3368.npy,2,hammer,train
train/train/hammer/閿ゅ瓙0533.npy,2,hammer,train
train/train/hammer/閿ゅ瓙1700.npy,2,hammer,train
train/train/hammer/閿ゅ瓙1558.npy,2,hammer,train
train/train/hammer/閿ゅ瓙0205.npy,2,hammer,train
train/train/hammer/閿ゅ瓙0510.npy,2,hammer,train
train/train/hammer/閿ゅ瓙2685.npy,2,hammer,train
train/train/hammer/閿ゅ瓙3322.npy,2,hammer,train
train/train/hammer/閿ゅ瓙1604.npy,2,hammer,train
train/train/hammer/閿ゅ瓙2197.npy,2,hammer,train
train/train/hammer/閿ゅ瓙0168.npy,2,hammer,train
train/train/hammer/閿ゅ瓙2207.npy,2,hammer,train
train/train/hammer/閿ゅ瓙0410.npy,2,hammer,train
train/train/hammer/閿ゅ瓙3089.npy,2,hammer,train
train/train/hammer/閿ゅ瓙2051.npy,2,hammer,train
train/train/hammer/閿ゅ瓙0219.npy,2,hammer,train
train/train/hammer/閿ゅ瓙0338.npy,2,hammer,train
train/train/hammer/閿ゅ瓙0377.npy,2,hammer,train
train/train/hammer/閿ゅ瓙2765.npy,2,hammer,train
train/train/hammer/閿ゅ瓙1854.npy,2,hammer,train
train/train/hammer/閿ゅ瓙2351.npy,2,hammer,train
train/train/hammer/閿ゅ瓙2702.npy,2,hammer,train
train/train/hammer/閿ゅ瓙1565.npy,2,hammer,train
train/train/hammer/閿ゅ瓙2469.npy,2,hammer,train
train/train/hammer/閿ゅ瓙3456.npy,2,hammer,train
train/train/hammer/閿ゅ瓙1000.npy,2,hammer,train
train/train/hammer/閿ゅ瓙2169.npy,2,hammer,train
train/train/hammer/閿ゅ瓙1767.npy,2,hammer,train
train/train/hammer/閿ゅ瓙0727.npy,2,hammer,train
train/train/hammer/閿ゅ瓙2826.npy,2,hammer,train
train/train/hammer/閿ゅ瓙3123.npy,2,hammer,train
train/train/hammer/閿ゅ瓙0226.npy,2,hammer,train
train/train/hammer/閿ゅ瓙0830.npy,2,hammer,train
train/train/hammer/閿ゅ瓙1622.npy,2,hammer,train
train/train/hammer/閿ゅ瓙1987.npy,2,hammer,train
train/train/hammer/閿ゅ瓙2871.npy,2,hammer,train
train/train/hammer/閿ゅ瓙2349.npy,2,hammer,train
train/train/hammer/閿ゅ瓙0698.npy,2,hammer,train
train/train/hammer/閿ゅ瓙0024.npy,2,hammer,train
train/train/hammer/閿ゅ瓙0362.npy,2,hammer,train
train/train/hammer/閿ゅ瓙2802.npy,2,hammer,train
train/train/hammer/閿ゅ瓙1098.npy,2,hammer,train
train/train/hammer/閿ゅ瓙1234.npy,2,hammer,train
train/train/hammer/閿ゅ瓙2761.npy,2,hammer,train
train/train/hammer/閿ゅ瓙2073.npy,2,hammer,train
train/train/hammer/閿ゅ瓙1842.npy,2,hammer,train
train/train/hammer/閿ゅ瓙0944.npy,2,hammer,train
train/train/hammer/閿ゅ瓙2279.npy,2,hammer,train
train/train/hammer/閿ゅ瓙2928.npy,2,hammer,train
train/train/hammer/閿ゅ瓙0179.npy,2,hammer,train
train/train/hammer/閿ゅ瓙0398.npy,2,hammer,train
train/train/hammer/閿ゅ瓙2844.npy,2,hammer,train
train/train/hammer/閿ゅ瓙3294.npy,2,hammer,train
train/train/hammer/閿ゅ瓙0775.npy,2,hammer,train
train/train/hammer/閿ゅ瓙2800.npy,2,hammer,train
train/train/hammer/閿ゅ瓙1575.npy,2,hammer,train
train/train/hammer/閿ゅ瓙3043.npy,2,hammer,train
train/train/hammer/閿ゅ瓙0602.npy,2,hammer,train
train/train/hammer/閿ゅ瓙3475.npy,2,hammer,train
train/train/hammer/閿ゅ瓙0989.npy,2,hammer,train
train/train/hammer/閿ゅ瓙0873.npy,2,hammer,train
train/train/hammer/閿ゅ瓙0920.npy,2,hammer,train
train/train/hammer/閿ゅ瓙2348.npy,2,hammer,train
train/train/hammer/閿ゅ瓙0795.npy,2,hammer,train
train/train/hammer/閿ゅ瓙2256.npy,2,hammer,train
train/train/hammer/閿ゅ瓙2423.npy,2,hammer,train
train/train/hammer/閿ゅ瓙0578.npy,2,hammer,train
train/train/hammer/閿ゅ瓙3266.npy,2,hammer,train
train/train/hammer/閿ゅ瓙3018.npy,2,hammer,train
train/train/hammer/閿ゅ瓙1791.npy,2,hammer,train
train/train/hammer/閿ゅ瓙2590.npy,2,hammer,train
train/train/hammer/閿ゅ瓙0193.npy,2,hammer,train
train/train/hammer/閿ゅ瓙3408.npy,2,hammer,train
train/train/hammer/閿ゅ瓙1804.npy,2,hammer,train
train/train/hammer/閿ゅ瓙0110.npy,2,hammer,train
train/train/hammer/閿ゅ瓙1873.npy,2,hammer,train
train/train/hammer/閿ゅ瓙0406.npy,2,hammer,train
train/train/hammer/閿ゅ瓙2679.npy,2,hammer,train
train/train/hammer/閿ゅ瓙0750.npy,2,hammer,train
train/train/hammer/閿ゅ瓙0910.npy,2,hammer,train
train/train/hammer/閿ゅ瓙0427.npy,2,hammer,train
train/train/hammer/閿ゅ瓙2165.npy,2,hammer,train
train/train/hammer/閿ゅ瓙3309.npy,2,hammer,train
train/train/hammer/閿ゅ瓙1177.npy,2,hammer,train
train/train/hammer/閿ゅ瓙1758.npy,2,hammer,train
train/train/hammer/閿ゅ瓙3465.npy,2,hammer,train
train/train/hammer/閿ゅ瓙2942.npy,2,hammer,train
train/train/hammer/閿ゅ瓙0277.npy,2,hammer,train
train/train/hammer/閿ゅ瓙2428.npy,2,hammer,train
train/train/hammer/閿ゅ瓙1908.npy,2,hammer,train
train/train/hammer/閿ゅ瓙1555.npy,2,hammer,train
train/train/hammer/閿ゅ瓙1848.npy,2,hammer,train
train/train/hammer/閿ゅ瓙0903.npy,2,hammer,train
train/train/hammer/閿ゅ瓙3027.npy,2,hammer,train
train/train/hammer/閿ゅ瓙0481.npy,2,hammer,train
train/train/hammer/閿ゅ瓙1670.npy,2,hammer,train
train/train/hammer/閿ゅ瓙1687.npy,2,hammer,train
train/train/hammer/閿ゅ瓙3478.npy,2,hammer,train
train/train/hammer/閿ゅ瓙1003.npy,2,hammer,train
train/train/hammer/閿ゅ瓙0523.npy,2,hammer,train
train/train/hammer/閿ゅ瓙3414.npy,2,hammer,train
train/train/hammer/閿ゅ瓙0461.npy,2,hammer,train
train/train/hammer/閿ゅ瓙2812.npy,2,hammer,train
train/train/hammer/閿ゅ瓙0640.npy,2,hammer,train
train/train/hammer/閿ゅ瓙1061.npy,2,hammer,train
train/train/hammer/閿ゅ瓙1823.npy,2,hammer,train
train/train/hammer/閿ゅ瓙2837.npy,2,hammer,train
train/train/hammer/閿ゅ瓙2753.npy,2,hammer,train
train/train/hammer/閿ゅ瓙0900.npy,2,hammer,train
train/train/hammer/閿ゅ瓙2035.npy,2,hammer,train
train/train/hammer/閿ゅ瓙2937.npy,2,hammer,train
train/train/hammer/閿ゅ瓙3013.npy,2,hammer,train
train/train/hammer/閿ゅ瓙0255.npy,2,hammer,train
train/train/hammer/閿ゅ瓙3383.npy,2,hammer,train
train/train/hammer/閿ゅ瓙0697.npy,2,hammer,train
train/train/hammer/閿ゅ瓙0469.npy,2,hammer,train
train/train/hammer/閿ゅ瓙1983.npy,2,hammer,train
train/train/hammer/閿ゅ瓙1210.npy,2,hammer,train
train/train/hammer/閿ゅ瓙1139.npy,2,hammer,train
train/train/hammer/閿ゅ瓙3232.npy,2,hammer,train
train/train/hammer/閿ゅ瓙1553.npy,2,hammer,train
train/train/hammer/閿ゅ瓙1938.npy,2,hammer,train
train/train/hammer/閿ゅ瓙0164.npy,2,hammer,train
train/train/hammer/閿ゅ瓙0000.npy,2,hammer,train
train/train/hammer/閿ゅ瓙3110.npy,2,hammer,train
train/train/hammer/閿ゅ瓙0482.npy,2,hammer,train
train/train/hammer/閿ゅ瓙2692.npy,2,hammer,train
train/train/hammer/閿ゅ瓙3420.npy,2,hammer,train
train/train/hammer/閿ゅ瓙2438.npy,2,hammer,train
train/train/hammer/閿ゅ瓙0618.npy,2,hammer,train
train/train/hammer/閿ゅ瓙0239.npy,2,hammer,train
train/train/hammer/閿ゅ瓙2847.npy,2,hammer,train
train/train/hammer/閿ゅ瓙3180.npy,2,hammer,train
train/train/hammer/閿ゅ瓙3063.npy,2,hammer,train
train/train/hammer/閿ゅ瓙2008.npy,2,hammer,train
train/train/hammer/閿ゅ瓙2109.npy,2,hammer,train
train/train/hammer/閿ゅ瓙3473.npy,2,hammer,train
train/train/hammer/閿ゅ瓙3046.npy,2,hammer,train
train/train/hammer/閿ゅ瓙1946.npy,2,hammer,train
train/train/hammer/閿ゅ瓙2741.npy,2,hammer,train
train/train/hammer/閿ゅ瓙3344.npy,2,hammer,train
train/train/hammer/閿ゅ瓙1051.npy,2,hammer,train
train/train/hammer/閿ゅ瓙1058.npy,2,hammer,train
train/train/hammer/閿ゅ瓙3342.npy,2,hammer,train
train/train/hammer/閿ゅ瓙2176.npy,2,hammer,train
train/train/hammer/閿ゅ瓙1993.npy,2,hammer,train
train/train/hammer/閿ゅ瓙3295.npy,2,hammer,train
train/train/hammer/閿ゅ瓙1738.npy,2,hammer,train
train/train/hammer/閿ゅ瓙1794.npy,2,hammer,train
train/train/hammer/閿ゅ瓙0132.npy,2,hammer,train
train/train/hammer/閿ゅ瓙0197.npy,2,hammer,train
train/train/hammer/閿ゅ瓙3442.npy,2,hammer,train
train/train/hammer/閿ゅ瓙0225.npy,2,hammer,train
train/train/hammer/閿ゅ瓙2274.npy,2,hammer,train
train/train/hammer/閿ゅ瓙1168.npy,2,hammer,train
train/train/hammer/閿ゅ瓙1686.npy,2,hammer,train
train/train/hammer/閿ゅ瓙2980.npy,2,hammer,train
train/train/hammer/閿ゅ瓙1740.npy,2,hammer,train
train/train/hammer/閿ゅ瓙2675.npy,2,hammer,train
train/train/hammer/閿ゅ瓙2932.npy,2,hammer,train
train/train/hammer/閿ゅ瓙1709.npy,2,hammer,train
train/train/hammer/閿ゅ瓙3268.npy,2,hammer,train
train/train/hammer/閿ゅ瓙0788.npy,2,hammer,train
train/train/hammer/閿ゅ瓙0793.npy,2,hammer,train
train/train/hammer/閿ゅ瓙0723.npy,2,hammer,train
train/train/hammer/閿ゅ瓙1690.npy,2,hammer,train
train/train/hammer/閿ゅ瓙1131.npy,2,hammer,train
train/train/hammer/閿ゅ瓙3229.npy,2,hammer,train
train/train/hammer/閿ゅ瓙1006.npy,2,hammer,train
train/train/hammer/閿ゅ瓙0133.npy,2,hammer,train
train/train/hammer/閿ゅ瓙1763.npy,2,hammer,train
train/train/hammer/閿ゅ瓙1756.npy,2,hammer,train
train/train/hammer/閿ゅ瓙2697.npy,2,hammer,train
train/train/hammer/閿ゅ瓙2661.npy,2,hammer,train
train/train/hammer/閿ゅ瓙2527.npy,2,hammer,train
train/train/hammer/閿ゅ瓙3461.npy,2,hammer,train
train/train/hammer/閿ゅ瓙2213.npy,2,hammer,train
train/train/hammer/閿ゅ瓙1573.npy,2,hammer,train
train/train/hammer/閿ゅ瓙2154.npy,2,hammer,train
train/train/hammer/閿ゅ瓙0937.npy,2,hammer,train
train/train/hammer/閿ゅ瓙0032.npy,2,hammer,train
train/train/hammer/閿ゅ瓙1991.npy,2,hammer,train
train/train/hammer/閿ゅ瓙0587.npy,2,hammer,train
train/train/hammer/閿ゅ瓙2781.npy,2,hammer,train
train/train/hammer/閿ゅ瓙2561.npy,2,hammer,train
train/train/hammer/閿ゅ瓙0445.npy,2,hammer,train
train/train/hammer/閿ゅ瓙0023.npy,2,hammer,train
train/train/hammer/閿ゅ瓙0759.npy,2,hammer,train
train/train/hammer/閿ゅ瓙3044.npy,2,hammer,train
train/train/hammer/閿ゅ瓙1868.npy,2,hammer,train
train/train/hammer/閿ゅ瓙2838.npy,2,hammer,train
train/train/hammer/閿ゅ瓙1135.npy,2,hammer,train
train/train/hammer/閿ゅ瓙0026.npy,2,hammer,train
train/train/hammer/閿ゅ瓙3517.npy,2,hammer,train
train/train/hammer/閿ゅ瓙2261.npy,2,hammer,train
train/train/hammer/閿ゅ瓙2194.npy,2,hammer,train
train/train/hammer/閿ゅ瓙0485.npy,2,hammer,train
train/train/hammer/閿ゅ瓙3122.npy,2,hammer,train
train/train/hammer/閿ゅ瓙1905.npy,2,hammer,train
train/train/hammer/閿ゅ瓙0323.npy,2,hammer,train
train/train/hammer/閿ゅ瓙1788.npy,2,hammer,train
train/train/hammer/閿ゅ瓙2178.npy,2,hammer,train
train/train/hammer/閿ゅ瓙2492.npy,2,hammer,train
train/train/hammer/閿ゅ瓙0980.npy,2,hammer,train
train/train/hammer/閿ゅ瓙0652.npy,2,hammer,train
train/train/hammer/閿ゅ瓙0423.npy,2,hammer,train
train/train/hammer/閿ゅ瓙0439.npy,2,hammer,train
train/train/hammer/閿ゅ瓙1185.npy,2,hammer,train
train/train/hammer/閿ゅ瓙1596.npy,2,hammer,train
train/train/hammer/閿ゅ瓙1734.npy,2,hammer,train
train/train/hammer/閿ゅ瓙2788.npy,2,hammer,train
train/train/hammer/閿ゅ瓙3001.npy,2,hammer,train
train/train/hammer/閿ゅ瓙1976.npy,2,hammer,train
train/train/hammer/閿ゅ瓙1197.npy,2,hammer,train
train/train/hammer/閿ゅ瓙2101.npy,2,hammer,train
train/train/hammer/閿ゅ瓙1601.npy,2,hammer,train
train/train/hammer/閿ゅ瓙2725.npy,2,hammer,train
train/train/hammer/閿ゅ瓙0067.npy,2,hammer,train
train/train/hammer/閿ゅ瓙0390.npy,2,hammer,train
train/train/hammer/閿ゅ瓙3543.npy,2,hammer,train
train/train/hammer/閿ゅ瓙0901.npy,2,hammer,train
train/train/hammer/閿ゅ瓙2949.npy,2,hammer,train
train/train/hammer/閿ゅ瓙1928.npy,2,hammer,train
train/train/hammer/閿ゅ瓙3513.npy,2,hammer,train
train/train/hammer/閿ゅ瓙1933.npy,2,hammer,train
train/train/hammer/閿ゅ瓙3050.npy,2,hammer,train
train/train/hammer/閿ゅ瓙3301.npy,2,hammer,train
train/train/hammer/閿ゅ瓙0572.npy,2,hammer,train
train/train/hammer/閿ゅ瓙1916.npy,2,hammer,train
train/train/hammer/閿ゅ瓙2916.npy,2,hammer,train
train/train/hammer/閿ゅ瓙3052.npy,2,hammer,train
train/train/hammer/閿ゅ瓙2815.npy,2,hammer,train
train/train/hammer/閿ゅ瓙2151.npy,2,hammer,train
train/train/hammer/閿ゅ瓙2688.npy,2,hammer,train
train/train/hammer/閿ゅ瓙0402.npy,2,hammer,train
train/train/hammer/閿ゅ瓙2537.npy,2,hammer,train
train/train/hammer/閿ゅ瓙1267.npy,2,hammer,train
train/train/hammer/閿ゅ瓙1585.npy,2,hammer,train
train/train/hammer/閿ゅ瓙2907.npy,2,hammer,train
train/train/hammer/閿ゅ瓙3497.npy,2,hammer,train
train/train/hammer/閿ゅ瓙1068.npy,2,hammer,train
train/train/hammer/閿ゅ瓙2373.npy,2,hammer,train
train/train/hammer/閿ゅ瓙0862.npy,2,hammer,train
train/train/hammer/閿ゅ瓙2183.npy,2,hammer,train
train/train/hammer/閿ゅ瓙3386.npy,2,hammer,train
train/train/hammer/閿ゅ瓙1247.npy,2,hammer,train
train/train/hammer/閿ゅ瓙1011.npy,2,hammer,train
train/train/hammer/閿ゅ瓙1943.npy,2,hammer,train
train/train/hammer/閿ゅ瓙2355.npy,2,hammer,train
train/train/hammer/閿ゅ瓙2613.npy,2,hammer,train
train/train/hammer/閿ゅ瓙1925.npy,2,hammer,train
train/train/hammer/閿ゅ瓙3415.npy,2,hammer,train
train/train/hammer/閿ゅ瓙2813.npy,2,hammer,train
train/train/hammer/閿ゅ瓙2724.npy,2,hammer,train
train/train/hammer/閿ゅ瓙0643.npy,2,hammer,train
train/train/hammer/閿ゅ瓙2181.npy,2,hammer,train
train/train/hammer/閿ゅ瓙1148.npy,2,hammer,train
train/train/hammer/閿ゅ瓙3413.npy,2,hammer,train
train/train/hammer/閿ゅ瓙2712.npy,2,hammer,train
train/train/hammer/閿ゅ瓙0786.npy,2,hammer,train
train/train/hammer/閿ゅ瓙0314.npy,2,hammer,train
train/train/hammer/閿ゅ瓙2108.npy,2,hammer,train
train/train/hammer/閿ゅ瓙1086.npy,2,hammer,train
train/train/hammer/閿ゅ瓙3032.npy,2,hammer,train
train/train/hammer/閿ゅ瓙0479.npy,2,hammer,train
train/train/hammer/閿ゅ瓙3321.npy,2,hammer,train
train/train/hammer/閿ゅ瓙0507.npy,2,hammer,train
train/train/hammer/閿ゅ瓙2530.npy,2,hammer,train
train/train/hammer/閿ゅ瓙2488.npy,2,hammer,train
train/train/hammer/閿ゅ瓙1833.npy,2,hammer,train
train/train/hammer/閿ゅ瓙3336.npy,2,hammer,train
train/train/hammer/閿ゅ瓙2124.npy,2,hammer,train
train/train/hammer/閿ゅ瓙3354.npy,2,hammer,train
train/train/hammer/閿ゅ瓙3208.npy,2,hammer,train
train/train/hammer/閿ゅ瓙0982.npy,2,hammer,train
train/train/hammer/閿ゅ瓙1696.npy,2,hammer,train
train/train/hammer/閿ゅ瓙0370.npy,2,hammer,train
train/train/hammer/閿ゅ瓙1811.npy,2,hammer,train
train/train/hammer/閿ゅ瓙2616.npy,2,hammer,train
train/train/hammer/閿ゅ瓙2853.npy,2,hammer,train
train/train/hammer/閿ゅ瓙1655.npy,2,hammer,train
train/train/hammer/閿ゅ瓙2558.npy,2,hammer,train
train/train/hammer/閿ゅ瓙0484.npy,2,hammer,train
train/train/hammer/閿ゅ瓙2522.npy,2,hammer,train
train/train/hammer/閿ゅ瓙0749.npy,2,hammer,train
train/train/hammer/閿ゅ瓙3168.npy,2,hammer,train
train/train/hammer/閿ゅ瓙2750.npy,2,hammer,train
train/train/hammer/閿ゅ瓙2620.npy,2,hammer,train
train/train/hammer/閿ゅ瓙1552.npy,2,hammer,train
train/train/hammer/閿ゅ瓙3374.npy,2,hammer,train
train/train/hammer/閿ゅ瓙3531.npy,2,hammer,train
train/train/hammer/閿ゅ瓙3240.npy,2,hammer,train
train/train/hammer/閿ゅ瓙2508.npy,2,hammer,train
train/train/hammer/閿ゅ瓙1216.npy,2,hammer,train
train/train/hammer/閿ゅ瓙1554.npy,2,hammer,train
train/train/hammer/閿ゅ瓙2477.npy,2,hammer,train
train/train/hammer/閿ゅ瓙0755.npy,2,hammer,train
train/train/hammer/閿ゅ瓙2074.npy,2,hammer,train
train/train/hammer/閿ゅ瓙2707.npy,2,hammer,train
train/train/hammer/閿ゅ瓙3235.npy,2,hammer,train
train/train/hammer/閿ゅ瓙1954.npy,2,hammer,train
train/train/hammer/閿ゅ瓙1892.npy,2,hammer,train
train/train/hammer/閿ゅ瓙1572.npy,2,hammer,train
train/train/hammer/閿ゅ瓙2170.npy,2,hammer,train
train/train/hammer/閿ゅ瓙0691.npy,2,hammer,train
train/train/hammer/閿ゅ瓙2805.npy,2,hammer,train
train/train/hammer/閿ゅ瓙2314.npy,2,hammer,train
train/train/hammer/閿ゅ瓙0867.npy,2,hammer,train
train/train/hammer/閿ゅ瓙1801.npy,2,hammer,train
train/train/hammer/閿ゅ瓙2285.npy,2,hammer,train
train/train/hammer/閿ゅ瓙2393.npy,2,hammer,train
train/train/hammer/閿ゅ瓙0267.npy,2,hammer,train
train/train/hammer/閿ゅ瓙2730.npy,2,hammer,train
train/train/hammer/閿ゅ瓙1119.npy,2,hammer,train
train/train/hammer/閿ゅ瓙1835.npy,2,hammer,train
train/train/hammer/閿ゅ瓙1137.npy,2,hammer,train
train/train/hammer/閿ゅ瓙3080.npy,2,hammer,train
train/train/hammer/閿ゅ瓙2867.npy,2,hammer,train
train/train/hammer/閿ゅ瓙3055.npy,2,hammer,train
train/train/hammer/閿ゅ瓙0092.npy,2,hammer,train
train/train/hammer/閿ゅ瓙2814.npy,2,hammer,train
train/train/hammer/閿ゅ瓙3426.npy,2,hammer,train
train/train/hammer/閿ゅ瓙0548.npy,2,hammer,train
train/train/hammer/閿ゅ瓙0990.npy,2,hammer,train
train/train/hammer/閿ゅ瓙2617.npy,2,hammer,train
train/train/hammer/閿ゅ瓙0071.npy,2,hammer,train
train/train/hammer/閿ゅ瓙0418.npy,2,hammer,train
train/train/hammer/閿ゅ瓙3049.npy,2,hammer,train
train/train/hammer/閿ゅ瓙2878.npy,2,hammer,train
train/train/hammer/閿ゅ瓙1890.npy,2,hammer,train
train/train/hammer/閿ゅ瓙0087.npy,2,hammer,train
train/train/hammer/閿ゅ瓙2235.npy,2,hammer,train
train/train/hammer/閿ゅ瓙1832.npy,2,hammer,train
train/train/hammer/閿ゅ瓙0514.npy,2,hammer,train
train/train/hammer/閿ゅ瓙0246.npy,2,hammer,train
train/train/hammer/閿ゅ瓙2090.npy,2,hammer,train
train/train/hammer/閿ゅ瓙2081.npy,2,hammer,train
train/train/hammer/閿ゅ瓙3152.npy,2,hammer,train
train/train/hammer/閿ゅ瓙2019.npy,2,hammer,train
train/train/hammer/閿ゅ瓙0847.npy,2,hammer,train
train/train/hammer/閿ゅ瓙0498.npy,2,hammer,train
train/train/hammer/閿ゅ瓙1661.npy,2,hammer,train
train/train/hammer/閿ゅ瓙2681.npy,2,hammer,train
train/train/hammer/閿ゅ瓙2588.npy,2,hammer,train
train/train/hammer/閿ゅ瓙2493.npy,2,hammer,train
train/train/hammer/閿ゅ瓙3186.npy,2,hammer,train
train/train/hammer/閿ゅ瓙0515.npy,2,hammer,train
train/train/hammer/閿ゅ瓙2015.npy,2,hammer,train
train/train/hammer/閿ゅ瓙3167.npy,2,hammer,train
train/train/hammer/閿ゅ瓙3411.npy,2,hammer,train
train/train/hammer/閿ゅ瓙2919.npy,2,hammer,train
train/train/hammer/閿ゅ瓙0281.npy,2,hammer,train
train/train/hammer/閿ゅ瓙1173.npy,2,hammer,train
train/train/hammer/閿ゅ瓙3421.npy,2,hammer,train
train/train/hammer/閿ゅ瓙2133.npy,2,hammer,train
train/train/hammer/閿ゅ瓙2786.npy,2,hammer,train
train/train/hammer/閿ゅ瓙1032.npy,2,hammer,train
train/train/hammer/閿ゅ瓙2363.npy,2,hammer,train
train/train/hammer/閿ゅ瓙3594.npy,2,hammer,train
train/train/hammer/閿ゅ瓙3067.npy,2,hammer,train
train/train/hammer/閿ゅ瓙1614.npy,2,hammer,train
train/train/hammer/閿ゅ瓙1894.npy,2,hammer,train
train/train/hammer/閿ゅ瓙0433.npy,2,hammer,train
train/train/hammer/閿ゅ瓙0573.npy,2,hammer,train
train/train/hammer/閿ゅ瓙2625.npy,2,hammer,train
train/train/hammer/閿ゅ瓙2998.npy,2,hammer,train
train/train/hammer/閿ゅ瓙2554.npy,2,hammer,train
train/train/hammer/閿ゅ瓙1803.npy,2,hammer,train
train/train/hammer/閿ゅ瓙1046.npy,2,hammer,train
train/train/hammer/閿ゅ瓙1129.npy,2,hammer,train
train/train/hammer/閿ゅ瓙3412.npy,2,hammer,train
train/train/hammer/閿ゅ瓙0899.npy,2,hammer,train
train/train/hammer/閿ゅ瓙1737.npy,2,hammer,train
train/train/hammer/閿ゅ瓙3378.npy,2,hammer,train
train/train/hammer/閿ゅ瓙0013.npy,2,hammer,train
train/train/hammer/閿ゅ瓙1799.npy,2,hammer,train
train/train/hammer/閿ゅ瓙3555.npy,2,hammer,train
train/train/hammer/閿ゅ瓙0679.npy,2,hammer,train
train/train/hammer/閿ゅ瓙1206.npy,2,hammer,train
train/train/hammer/閿ゅ瓙0349.npy,2,hammer,train
train/train/hammer/閿ゅ瓙2901.npy,2,hammer,train
train/train/hammer/閿ゅ瓙0234.npy,2,hammer,train
train/train/hammer/閿ゅ瓙0625.npy,2,hammer,train
train/train/hammer/閿ゅ瓙1217.npy,2,hammer,train
train/train/hammer/閿ゅ瓙0162.npy,2,hammer,train
train/train/hammer/閿ゅ瓙0714.npy,2,hammer,train
train/train/hammer/閿ゅ瓙1764.npy,2,hammer,train
train/train/hammer/閿ゅ瓙0280.npy,2,hammer,train
train/train/hammer/閿ゅ瓙0863.npy,2,hammer,train
train/train/hammer/閿ゅ瓙0751.npy,2,hammer,train
train/train/hammer/閿ゅ瓙3097.npy,2,hammer,train
train/train/hammer/閿ゅ瓙3352.npy,2,hammer,train
train/train/hammer/閿ゅ瓙0530.npy,2,hammer,train
train/train/hammer/閿ゅ瓙3340.npy,2,hammer,train
train/train/hammer/閿ゅ瓙1857.npy,2,hammer,train
train/train/hammer/閿ゅ瓙0506.npy,2,hammer,train
train/train/hammer/閿ゅ瓙0689.npy,2,hammer,train
train/train/hammer/閿ゅ瓙1018.npy,2,hammer,train
train/train/hammer/閿ゅ瓙0442.npy,2,hammer,train
train/train/hammer/閿ゅ瓙0765.npy,2,hammer,train
train/train/hammer/閿ゅ瓙1190.npy,2,hammer,train
train/train/hammer/閿ゅ瓙3502.npy,2,hammer,train
train/train/hammer/閿ゅ瓙0731.npy,2,hammer,train
train/train/hammer/閿ゅ瓙3476.npy,2,hammer,train
train/train/hammer/閿ゅ瓙3221.npy,2,hammer,train
train/train/hammer/閿ゅ瓙1020.npy,2,hammer,train
train/train/hammer/閿ゅ瓙3444.npy,2,hammer,train
train/train/hammer/閿ゅ瓙0650.npy,2,hammer,train
train/train/hammer/閿ゅ瓙2341.npy,2,hammer,train
train/train/hammer/閿ゅ瓙1180.npy,2,hammer,train
train/train/hammer/閿ゅ瓙0127.npy,2,hammer,train
train/train/hammer/閿ゅ瓙2244.npy,2,hammer,train
train/train/hammer/閿ゅ瓙0123.npy,2,hammer,train
train/train/hammer/閿ゅ瓙0951.npy,2,hammer,train
train/train/hammer/閿ゅ瓙3469.npy,2,hammer,train
train/train/hammer/閿ゅ瓙1872.npy,2,hammer,train
train/train/hammer/閿ゅ瓙3177.npy,2,hammer,train
train/train/hammer/閿ゅ瓙1742.npy,2,hammer,train
train/train/hammer/閿ゅ瓙2386.npy,2,hammer,train
train/train/hammer/閿ゅ瓙1727.npy,2,hammer,train
train/train/hammer/閿ゅ瓙1744.npy,2,hammer,train
train/train/hammer/閿ゅ瓙0848.npy,2,hammer,train
train/train/hammer/閿ゅ瓙0694.npy,2,hammer,train
train/train/hammer/閿ゅ瓙3078.npy,2,hammer,train
train/train/hammer/閿ゅ瓙0144.npy,2,hammer,train
train/train/hammer/閿ゅ瓙2529.npy,2,hammer,train
train/train/hammer/閿ゅ瓙2891.npy,2,hammer,train
train/train/hammer/閿ゅ瓙3554.npy,2,hammer,train
train/train/hammer/閿ゅ瓙1117.npy,2,hammer,train
train/train/hammer/閿ゅ瓙0014.npy,2,hammer,train
train/train/hammer/閿ゅ瓙1008.npy,2,hammer,train
train/train/hammer/閿ゅ瓙0453.npy,2,hammer,train
train/train/hammer/閿ゅ瓙2694.npy,2,hammer,train
train/train/hammer/閿ゅ瓙0254.npy,2,hammer,train
train/train/hammer/閿ゅ瓙0321.npy,2,hammer,train
train/train/hammer/閿ゅ瓙3299.npy,2,hammer,train
train/train/hammer/閿ゅ瓙1259.npy,2,hammer,train
train/train/hammer/閿ゅ瓙1779.npy,2,hammer,train
train/train/hammer/閿ゅ瓙0063.npy,2,hammer,train
train/train/hammer/閿ゅ瓙1017.npy,2,hammer,train
train/train/hammer/閿ゅ瓙0895.npy,2,hammer,train
train/train/hammer/閿ゅ瓙3006.npy,2,hammer,train
train/train/hammer/閿ゅ瓙0167.npy,2,hammer,train
train/train/hammer/閿ゅ瓙3195.npy,2,hammer,train
train/train/hammer/閿ゅ瓙0258.npy,2,hammer,train
train/train/hammer/閿ゅ瓙2889.npy,2,hammer,train
train/train/hammer/閿ゅ瓙3226.npy,2,hammer,train
train/train/hammer/閿ゅ瓙2486.npy,2,hammer,train
train/train/hammer/閿ゅ瓙0206.npy,2,hammer,train
train/train/hammer/閿ゅ瓙3319.npy,2,hammer,train
train/train/hammer/閿ゅ瓙3190.npy,2,hammer,train
train/train/hammer/閿ゅ瓙1678.npy,2,hammer,train
train/train/hammer/閿ゅ瓙0287.npy,2,hammer,train
train/train/hammer/閿ゅ瓙1772.npy,2,hammer,train
train/train/hammer/閿ゅ瓙0415.npy,2,hammer,train
train/train/hammer/閿ゅ瓙2553.npy,2,hammer,train
train/train/hammer/閿ゅ瓙1999.npy,2,hammer,train
train/train/hammer/閿ゅ瓙0733.npy,2,hammer,train
train/train/hammer/閿ゅ瓙3183.npy,2,hammer,train
train/train/hammer/閿ゅ瓙0657.npy,2,hammer,train
train/train/hammer/閿ゅ瓙0604.npy,2,hammer,train
train/train/hammer/閿ゅ瓙3398.npy,2,hammer,train
train/train/hammer/閿ゅ瓙3098.npy,2,hammer,train
train/train/hammer/閿ゅ瓙3045.npy,2,hammer,train
train/train/hammer/閿ゅ瓙1581.npy,2,hammer,train
train/train/hammer/閿ゅ瓙3094.npy,2,hammer,train
train/train/hammer/閿ゅ瓙2328.npy,2,hammer,train
train/train/hammer/閿ゅ瓙0244.npy,2,hammer,train
train/train/hammer/閿ゅ瓙0953.npy,2,hammer,train
train/train/hammer/閿ゅ瓙3243.npy,2,hammer,train
train/train/hammer/閿ゅ瓙1651.npy,2,hammer,train
train/train/hammer/閿ゅ瓙2017.npy,2,hammer,train
train/train/hammer/閿ゅ瓙2055.npy,2,hammer,train
train/train/hammer/閿ゅ瓙0379.npy,2,hammer,train
train/train/hammer/閿ゅ瓙2662.npy,2,hammer,train
train/train/hammer/閿ゅ瓙1793.npy,2,hammer,train
train/train/hammer/閿ゅ瓙0077.npy,2,hammer,train
train/train/hammer/閿ゅ瓙3563.npy,2,hammer,train
train/train/hammer/閿ゅ瓙1562.npy,2,hammer,train
train/train/hammer/閿ゅ瓙2134.npy,2,hammer,train
train/train/hammer/閿ゅ瓙2309.npy,2,hammer,train
train/train/hammer/閿ゅ瓙0790.npy,2,hammer,train
train/train/hammer/閿ゅ瓙3100.npy,2,hammer,train
train/train/hammer/閿ゅ瓙0893.npy,2,hammer,train
train/train/hammer/閿ゅ瓙0522.npy,2,hammer,train
train/train/hammer/閿ゅ瓙1752.npy,2,hammer,train
train/train/hammer/閿ゅ瓙3304.npy,2,hammer,train
train/train/hammer/閿ゅ瓙3567.npy,2,hammer,train
train/train/hammer/閿ゅ瓙2076.npy,2,hammer,train
train/train/hammer/閿ゅ瓙2312.npy,2,hammer,train
train/train/hammer/閿ゅ瓙1673.npy,2,hammer,train
train/train/hammer/閿ゅ瓙1821.npy,2,hammer,train
train/train/hammer/閿ゅ瓙3077.npy,2,hammer,train
train/train/hammer/閿ゅ瓙2823.npy,2,hammer,train
train/train/hammer/閿ゅ瓙2233.npy,2,hammer,train
train/train/hammer/閿ゅ瓙0902.npy,2,hammer,train
train/train/hammer/閿ゅ瓙0977.npy,2,hammer,train
train/train/hammer/閿ゅ瓙2580.npy,2,hammer,train
train/train/hammer/閿ゅ瓙0448.npy,2,hammer,train
train/train/hammer/閿ゅ瓙0408.npy,2,hammer,train
train/train/hammer/閿ゅ瓙1893.npy,2,hammer,train
train/train/hammer/閿ゅ瓙2974.npy,2,hammer,train
train/train/hammer/閿ゅ瓙1982.npy,2,hammer,train
train/train/hammer/閿ゅ瓙1746.npy,2,hammer,train
train/train/hammer/閿ゅ瓙0619.npy,2,hammer,train
train/train/hammer/閿ゅ瓙0262.npy,2,hammer,train
train/train/hammer/閿ゅ瓙0688.npy,2,hammer,train
train/train/hammer/閿ゅ瓙3142.npy,2,hammer,train
train/train/hammer/閿ゅ瓙2535.npy,2,hammer,train
train/train/hammer/閿ゅ瓙2975.npy,2,hammer,train
train/train/hammer/閿ゅ瓙0360.npy,2,hammer,train
train/train/hammer/閿ゅ瓙2820.npy,2,hammer,train
train/train/hammer/閿ゅ瓙3039.npy,2,hammer,train
train/train/hammer/閿ゅ瓙0121.npy,2,hammer,train
train/train/hammer/閿ゅ瓙0407.npy,2,hammer,train
train/train/hammer/閿ゅ瓙2484.npy,2,hammer,train
train/train/hammer/閿ゅ瓙2250.npy,2,hammer,train
train/train/hammer/閿ゅ瓙0072.npy,2,hammer,train
train/train/hammer/閿ゅ瓙0849.npy,2,hammer,train
train/train/hammer/閿ゅ瓙2110.npy,2,hammer,train
train/train/hammer/閿ゅ瓙1059.npy,2,hammer,train
train/train/hammer/閿ゅ瓙0574.npy,2,hammer,train
train/train/hammer/閿ゅ瓙0303.npy,2,hammer,train
train/train/hammer/閿ゅ瓙2315.npy,2,hammer,train
train/train/hammer/閿ゅ瓙0911.npy,2,hammer,train
train/train/hammer/閿ゅ瓙0499.npy,2,hammer,train
train/train/hammer/閿ゅ瓙2249.npy,2,hammer,train
train/train/hammer/閿ゅ瓙1889.npy,2,hammer,train
train/train/hammer/閿ゅ瓙1057.npy,2,hammer,train
train/train/hammer/閿ゅ瓙0347.npy,2,hammer,train
train/train/hammer/閿ゅ瓙2391.npy,2,hammer,train
train/train/hammer/閿ゅ瓙3464.npy,2,hammer,train
train/train/hammer/閿ゅ瓙1914.npy,2,hammer,train
train/train/hammer/閿ゅ瓙2065.npy,2,hammer,train
train/train/hammer/閿ゅ瓙0837.npy,2,hammer,train
train/train/hammer/閿ゅ瓙2822.npy,2,hammer,train
train/train/hammer/閿ゅ瓙1075.npy,2,hammer,train
train/train/hammer/閿ゅ瓙3521.npy,2,hammer,train
train/train/hammer/閿ゅ瓙3399.npy,2,hammer,train
train/train/hammer/閿ゅ瓙2060.npy,2,hammer,train
train/train/hammer/閿ゅ瓙0926.npy,2,hammer,train
train/train/hammer/閿ゅ瓙2152.npy,2,hammer,train
train/train/hammer/閿ゅ瓙3472.npy,2,hammer,train
train/train/hammer/閿ゅ瓙3365.npy,2,hammer,train
train/train/hammer/閿ゅ瓙1621.npy,2,hammer,train
train/train/hammer/閿ゅ瓙0923.npy,2,hammer,train
train/train/hammer/閿ゅ瓙2926.npy,2,hammer,train
train/train/hammer/閿ゅ瓙3556.npy,2,hammer,train
train/train/hammer/閿ゅ瓙3347.npy,2,hammer,train
train/train/hammer/閿ゅ瓙2978.npy,2,hammer,train
train/train/hammer/閿ゅ瓙1755.npy,2,hammer,train
train/train/hammer/閿ゅ瓙3087.npy,2,hammer,train
train/train/hammer/閿ゅ瓙1013.npy,2,hammer,train
train/train/hammer/閿ゅ瓙2215.npy,2,hammer,train
train/train/hammer/閿ゅ瓙3458.npy,2,hammer,train
train/train/hammer/閿ゅ瓙2881.npy,2,hammer,train
train/train/hammer/閿ゅ瓙2988.npy,2,hammer,train
train/train/hammer/閿ゅ瓙0854.npy,2,hammer,train
train/train/hammer/閿ゅ瓙0437.npy,2,hammer,train
train/train/hammer/閿ゅ瓙3391.npy,2,hammer,train
train/train/hammer/閿ゅ瓙0744.npy,2,hammer,train
train/train/hammer/閿ゅ瓙2577.npy,2,hammer,train
train/train/hammer/閿ゅ瓙2140.npy,2,hammer,train
train/train/hammer/閿ゅ瓙0257.npy,2,hammer,train
train/train/hammer/閿ゅ瓙2369.npy,2,hammer,train
train/train/hammer/閿ゅ瓙0118.npy,2,hammer,train
train/train/hammer/閿ゅ瓙2592.npy,2,hammer,train
train/train/hammer/閿ゅ瓙2006.npy,2,hammer,train
train/train/hammer/閿ゅ瓙0103.npy,2,hammer,train
train/train/hammer/閿ゅ瓙0994.npy,2,hammer,train
train/train/hammer/閿ゅ瓙3326.npy,2,hammer,train
train/train/hammer/閿ゅ瓙0806.npy,2,hammer,train
train/train/hammer/閿ゅ瓙0692.npy,2,hammer,train
train/train/hammer/閿ゅ瓙2012.npy,2,hammer,train
train/train/hammer/閿ゅ瓙1138.npy,2,hammer,train
train/train/hammer/閿ゅ瓙1591.npy,2,hammer,train
train/train/hammer/閿ゅ瓙3585.npy,2,hammer,train
train/train/hammer/閿ゅ瓙2981.npy,2,hammer,train
train/train/hammer/閿ゅ瓙0669.npy,2,hammer,train
train/train/hammer/閿ゅ瓙2420.npy,2,hammer,train
train/train/hammer/閿ゅ瓙2278.npy,2,hammer,train
train/train/hammer/閿ゅ瓙3009.npy,2,hammer,train
train/train/hammer/閿ゅ瓙2635.npy,2,hammer,train
train/train/hammer/閿ゅ瓙1143.npy,2,hammer,train
train/train/hammer/閿ゅ瓙2203.npy,2,hammer,train
train/train/hammer/閿ゅ瓙3329.npy,2,hammer,train
train/train/hammer/閿ゅ瓙2490.npy,2,hammer,train
train/train/hammer/閿ゅ瓙0331.npy,2,hammer,train
train/train/hammer/閿ゅ瓙0760.npy,2,hammer,train
train/train/hammer/閿ゅ瓙2062.npy,2,hammer,train
train/train/hammer/閿ゅ瓙3514.npy,2,hammer,train
train/train/hammer/閿ゅ瓙0704.npy,2,hammer,train
train/train/hammer/閿ゅ瓙0368.npy,2,hammer,train
train/train/hammer/閿ゅ瓙1735.npy,2,hammer,train
train/train/hammer/閿ゅ瓙1784.npy,2,hammer,train
train/train/hammer/閿ゅ瓙0178.npy,2,hammer,train
train/train/hammer/閿ゅ瓙2622.npy,2,hammer,train
train/train/hammer/閿ゅ瓙1060.npy,2,hammer,train
train/train/hammer/閿ゅ瓙3230.npy,2,hammer,train
train/train/hammer/閿ゅ瓙1231.npy,2,hammer,train
train/train/hammer/閿ゅ瓙2587.npy,2,hammer,train
train/train/hammer/閿ゅ瓙0676.npy,2,hammer,train
train/train/hammer/閿ゅ瓙2650.npy,2,hammer,train
train/train/hammer/閿ゅ瓙2457.npy,2,hammer,train
train/train/hammer/閿ゅ瓙3439.npy,2,hammer,train
train/train/hammer/閿ゅ瓙1215.npy,2,hammer,train
train/train/hammer/閿ゅ瓙0973.npy,2,hammer,train
train/train/hammer/閿ゅ瓙2115.npy,2,hammer,train
train/train/hammer/閿ゅ瓙2441.npy,2,hammer,train
train/train/hammer/閿ゅ瓙2316.npy,2,hammer,train
train/train/hammer/閿ゅ瓙1730.npy,2,hammer,train
train/train/hammer/閿ゅ瓙1715.npy,2,hammer,train
train/train/hammer/閿ゅ瓙0111.npy,2,hammer,train
train/train/hammer/閿ゅ瓙1652.npy,2,hammer,train
train/train/hammer/閿ゅ瓙2180.npy,2,hammer,train
train/train/hammer/閿ゅ瓙0396.npy,2,hammer,train
train/train/hammer/閿ゅ瓙2044.npy,2,hammer,train
train/train/hammer/閿ゅ瓙3404.npy,2,hammer,train
train/train/hammer/閿ゅ瓙1843.npy,2,hammer,train
train/train/hammer/閿ゅ瓙0326.npy,2,hammer,train
train/train/hammer/閿ゅ瓙2326.npy,2,hammer,train
train/train/hammer/閿ゅ瓙1140.npy,2,hammer,train
train/train/hammer/閿ゅ瓙2512.npy,2,hammer,train
train/train/hammer/閿ゅ瓙1757.npy,2,hammer,train
train/train/hammer/閿ゅ瓙2952.npy,2,hammer,train
train/train/hammer/閿ゅ瓙0363.npy,2,hammer,train
train/train/hammer/閿ゅ瓙3121.npy,2,hammer,train
train/train/hammer/閿ゅ瓙2830.npy,2,hammer,train
train/train/hammer/閿ゅ瓙3210.npy,2,hammer,train
train/train/hammer/閿ゅ瓙0607.npy,2,hammer,train
train/train/hammer/閿ゅ瓙0068.npy,2,hammer,train
train/train/hammer/閿ゅ瓙0598.npy,2,hammer,train
train/train/hammer/閿ゅ瓙0656.npy,2,hammer,train
train/train/hammer/閿ゅ瓙0325.npy,2,hammer,train
train/train/hammer/閿ゅ瓙2682.npy,2,hammer,train
train/train/hammer/閿ゅ瓙3224.npy,2,hammer,train
train/train/hammer/閿ゅ瓙1546.npy,2,hammer,train
train/train/hammer/閿ゅ瓙2270.npy,2,hammer,train
train/train/hammer/閿ゅ瓙0345.npy,2,hammer,train
train/train/hammer/閿ゅ瓙0555.npy,2,hammer,train
train/train/hammer/閿ゅ瓙0935.npy,2,hammer,train
train/train/hammer/閿ゅ瓙3396.npy,2,hammer,train
train/train/hammer/閿ゅ瓙2157.npy,2,hammer,train
train/train/hammer/閿ゅ瓙2301.npy,2,hammer,train
train/train/hammer/閿ゅ瓙3023.npy,2,hammer,train
train/train/hammer/閿ゅ瓙1698.npy,2,hammer,train
train/train/hammer/閿ゅ瓙2591.npy,2,hammer,train
train/train/hammer/閿ゅ瓙2860.npy,2,hammer,train
train/train/hammer/閿ゅ瓙2297.npy,2,hammer,train
train/train/hammer/閿ゅ瓙0857.npy,2,hammer,train
train/train/hammer/閿ゅ瓙0861.npy,2,hammer,train
train/train/hammer/閿ゅ瓙3204.npy,2,hammer,train
train/train/hammer/閿ゅ瓙0367.npy,2,hammer,train
train/train/hammer/閿ゅ瓙1245.npy,2,hammer,train
train/train/hammer/閿ゅ瓙0582.npy,2,hammer,train
train/train/hammer/閿ゅ瓙1097.npy,2,hammer,train
train/train/hammer/閿ゅ瓙0660.npy,2,hammer,train
train/train/hammer/閿ゅ瓙1142.npy,2,hammer,train
train/train/hammer/閿ゅ瓙0638.npy,2,hammer,train
train/train/hammer/閿ゅ瓙2038.npy,2,hammer,train
train/train/hammer/閿ゅ瓙3356.npy,2,hammer,train
train/train/hammer/閿ゅ瓙3577.npy,2,hammer,train
train/train/hammer/閿ゅ瓙1773.npy,2,hammer,train
train/train/hammer/閿ゅ瓙0376.npy,2,hammer,train
train/train/hammer/閿ゅ瓙2709.npy,2,hammer,train
train/train/hammer/閿ゅ瓙2212.npy,2,hammer,train
train/train/hammer/閿ゅ瓙2517.npy,2,hammer,train
train/train/hammer/閿ゅ瓙2322.npy,2,hammer,train
train/train/hammer/閿ゅ瓙0756.npy,2,hammer,train
train/train/hammer/閿ゅ瓙0128.npy,2,hammer,train
train/train/hammer/閿ゅ瓙0747.npy,2,hammer,train
train/train/hammer/閿ゅ瓙0559.npy,2,hammer,train
train/train/hammer/閿ゅ瓙1966.npy,2,hammer,train
train/train/hammer/閿ゅ瓙0341.npy,2,hammer,train
train/train/hammer/閿ゅ瓙1656.npy,2,hammer,train
train/train/hammer/閿ゅ瓙1214.npy,2,hammer,train
train/train/hammer/閿ゅ瓙0664.npy,2,hammer,train
train/train/hammer/閿ゅ瓙2007.npy,2,hammer,train
train/train/hammer/閿ゅ瓙3455.npy,2,hammer,train
train/train/hammer/閿ゅ瓙0800.npy,2,hammer,train
train/train/hammer/閿ゅ瓙3297.npy,2,hammer,train
train/train/hammer/閿ゅ瓙3479.npy,2,hammer,train
train/train/hammer/閿ゅ瓙3106.npy,2,hammer,train
train/train/hammer/閿ゅ瓙0774.npy,2,hammer,train
train/train/hammer/閿ゅ瓙3450.npy,2,hammer,train
train/train/hammer/閿ゅ瓙2494.npy,2,hammer,train
train/train/hammer/閿ゅ瓙2762.npy,2,hammer,train
train/train/hammer/閿ゅ瓙0707.npy,2,hammer,train
train/train/hammer/閿ゅ瓙0192.npy,2,hammer,train
train/train/hammer/閿ゅ瓙3255.npy,2,hammer,train
train/train/hammer/閿ゅ瓙2968.npy,2,hammer,train
train/train/hammer/閿ゅ瓙1716.npy,2,hammer,train
train/train/hammer/閿ゅ瓙1212.npy,2,hammer,train
train/train/hammer/閿ゅ瓙1726.npy,2,hammer,train
train/train/hammer/閿ゅ瓙1869.npy,2,hammer,train
train/train/hammer/閿ゅ瓙1274.npy,2,hammer,train
train/train/hammer/閿ゅ瓙1885.npy,2,hammer,train
train/train/hammer/閿ゅ瓙0716.npy,2,hammer,train
train/train/hammer/閿ゅ瓙0212.npy,2,hammer,train
train/train/hammer/閿ゅ瓙0856.npy,2,hammer,train
train/train/hammer/閿ゅ瓙2700.npy,2,hammer,train
train/train/hammer/閿ゅ瓙1021.npy,2,hammer,train
train/train/hammer/閿ゅ瓙3370.npy,2,hammer,train
train/train/hammer/閿ゅ瓙0236.npy,2,hammer,train
train/train/hammer/閿ゅ瓙3084.npy,2,hammer,train
train/train/hammer/閿ゅ瓙1550.npy,2,hammer,train
train/train/hammer/閿ゅ瓙0457.npy,2,hammer,train
train/train/hammer/閿ゅ瓙0364.npy,2,hammer,train
train/train/hammer/閿ゅ瓙2058.npy,2,hammer,train
train/train/hammer/閿ゅ瓙1095.npy,2,hammer,train
train/train/hammer/閿ゅ瓙1272.npy,2,hammer,train
train/train/hammer/閿ゅ瓙0535.npy,2,hammer,train
train/train/hammer/閿ゅ瓙1084.npy,2,hammer,train
train/train/hammer/閿ゅ瓙2340.npy,2,hammer,train
train/train/hammer/閿ゅ瓙2013.npy,2,hammer,train
train/train/hammer/閿ゅ瓙0020.npy,2,hammer,train
train/train/hammer/閿ゅ瓙0198.npy,2,hammer,train
train/train/hammer/閿ゅ瓙2657.npy,2,hammer,train
train/train/hammer/閿ゅ瓙3598.npy,2,hammer,train
train/train/hammer/閿ゅ瓙1012.npy,2,hammer,train
train/train/hammer/閿ゅ瓙1986.npy,2,hammer,train
train/train/hammer/閿ゅ瓙3480.npy,2,hammer,train
train/train/hammer/閿ゅ瓙0597.npy,2,hammer,train
train/train/hammer/閿ゅ瓙0488.npy,2,hammer,train
train/train/hammer/閿ゅ瓙0894.npy,2,hammer,train
train/train/hammer/閿ゅ瓙2103.npy,2,hammer,train
train/train/hammer/閿ゅ瓙2964.npy,2,hammer,train
train/train/hammer/閿ゅ瓙1104.npy,2,hammer,train
train/train/hammer/閿ゅ瓙2923.npy,2,hammer,train
train/train/hammer/閿ゅ瓙1907.npy,2,hammer,train
train/train/hammer/閿ゅ瓙0549.npy,2,hammer,train
train/train/hammer/閿ゅ瓙2121.npy,2,hammer,train
train/train/hammer/閿ゅ瓙0270.npy,2,hammer,train
train/train/hammer/閿ゅ瓙2447.npy,2,hammer,train
train/train/hammer/閿ゅ瓙0217.npy,2,hammer,train
train/train/hammer/閿ゅ瓙0440.npy,2,hammer,train
train/train/hammer/閿ゅ瓙3397.npy,2,hammer,train
train/train/hammer/閿ゅ瓙2311.npy,2,hammer,train
train/train/hammer/閿ゅ瓙0155.npy,2,hammer,train
train/train/hammer/閿ゅ瓙0928.npy,2,hammer,train
train/train/hammer/閿ゅ瓙1942.npy,2,hammer,train
train/train/hammer/閿ゅ瓙1115.npy,2,hammer,train
train/train/hammer/閿ゅ瓙2845.npy,2,hammer,train
train/train/hammer/閿ゅ瓙2776.npy,2,hammer,train
train/train/hammer/閿ゅ瓙0466.npy,2,hammer,train
train/train/hammer/閿ゅ瓙2773.npy,2,hammer,train
train/train/hammer/閿ゅ瓙0798.npy,2,hammer,train
train/train/hammer/閿ゅ瓙2716.npy,2,hammer,train
train/train/hammer/閿ゅ瓙3518.npy,2,hammer,train
train/train/hammer/閿ゅ瓙2407.npy,2,hammer,train
train/train/hammer/閿ゅ瓙0185.npy,2,hammer,train
train/train/hammer/閿ゅ瓙2893.npy,2,hammer,train
train/train/hammer/閿ゅ瓙2195.npy,2,hammer,train
train/train/hammer/閿ゅ瓙2398.npy,2,hammer,train
train/train/hammer/閿ゅ瓙2546.npy,2,hammer,train
train/train/hammer/閿ゅ瓙3387.npy,2,hammer,train
train/train/hammer/閿ゅ瓙0957.npy,2,hammer,train
train/train/hammer/閿ゅ瓙2098.npy,2,hammer,train
train/train/hammer/閿ゅ瓙2840.npy,2,hammer,train
train/train/hammer/閿ゅ瓙1612.npy,2,hammer,train
train/train/hammer/閿ゅ瓙2498.npy,2,hammer,train
train/train/hammer/閿ゅ瓙1733.npy,2,hammer,train
train/train/hammer/閿ゅ瓙2874.npy,2,hammer,train
train/train/hammer/閿ゅ瓙0047.npy,2,hammer,train
train/train/hammer/閿ゅ瓙2345.npy,2,hammer,train
train/train/hammer/閿ゅ瓙2126.npy,2,hammer,train
train/train/hammer/閿ゅ瓙1024.npy,2,hammer,train
train/train/hammer/閿ゅ瓙2612.npy,2,hammer,train
train/train/hammer/閿ゅ瓙0209.npy,2,hammer,train
train/train/hammer/閿ゅ瓙3079.npy,2,hammer,train
train/train/hammer/閿ゅ瓙2524.npy,2,hammer,train
train/train/hammer/閿ゅ瓙2897.npy,2,hammer,train
train/train/hammer/閿ゅ瓙1183.npy,2,hammer,train
train/train/hammer/閿ゅ瓙1766.npy,2,hammer,train
train/train/hammer/閿ゅ瓙3448.npy,2,hammer,train
train/train/hammer/閿ゅ瓙1786.npy,2,hammer,train
train/train/hammer/閿ゅ瓙0332.npy,2,hammer,train
train/train/hammer/閿ゅ瓙2933.npy,2,hammer,train
train/train/hammer/閿ゅ瓙2427.npy,2,hammer,train
train/train/hammer/閿ゅ瓙1633.npy,2,hammer,train
train/train/hammer/閿ゅ瓙0060.npy,2,hammer,train
train/train/hammer/閿ゅ瓙1204.npy,2,hammer,train
train/train/hammer/閿ゅ瓙3394.npy,2,hammer,train
train/train/hammer/閿ゅ瓙0802.npy,2,hammer,train
train/train/hammer/閿ゅ瓙3330.npy,2,hammer,train
train/train/hammer/閿ゅ瓙1025.npy,2,hammer,train
train/train/hammer/閿ゅ瓙0405.npy,2,hammer,train
train/train/hammer/閿ゅ瓙0907.npy,2,hammer,train
train/train/hammer/閿ゅ瓙0186.npy,2,hammer,train
train/train/hammer/閿ゅ瓙3339.npy,2,hammer,train
train/train/hammer/閿ゅ瓙1258.npy,2,hammer,train
train/train/hammer/閿ゅ瓙1904.npy,2,hammer,train
train/train/hammer/閿ゅ瓙0939.npy,2,hammer,train
train/train/hammer/閿ゅ瓙0742.npy,2,hammer,train
train/train/hammer/閿ゅ瓙3238.npy,2,hammer,train
train/train/hammer/閿ゅ瓙1184.npy,2,hammer,train
train/train/hammer/閿ゅ瓙2143.npy,2,hammer,train
train/train/hammer/閿ゅ瓙2298.npy,2,hammer,train
train/train/hammer/閿ゅ瓙1936.npy,2,hammer,train
train/train/hammer/閿ゅ瓙1125.npy,2,hammer,train
train/train/hammer/閿ゅ瓙0388.npy,2,hammer,train
train/train/hammer/閿ゅ瓙3380.npy,2,hammer,train
train/train/hammer/閿ゅ瓙3441.npy,2,hammer,train
train/train/hammer/閿ゅ瓙0845.npy,2,hammer,train
train/train/hammer/閿ゅ瓙3141.npy,2,hammer,train
train/train/hammer/閿ゅ瓙3481.npy,2,hammer,train
train/train/hammer/閿ゅ瓙1654.npy,2,hammer,train
train/train/hammer/閿ゅ瓙0537.npy,2,hammer,train
train/train/hammer/閿ゅ瓙2780.npy,2,hammer,train
train/train/hammer/閿ゅ瓙0596.npy,2,hammer,train
train/train/hammer/閿ゅ瓙1649.npy,2,hammer,train
train/train/hammer/閿ゅ瓙1953.npy,2,hammer,train
train/train/hammer/閿ゅ瓙2651.npy,2,hammer,train
train/train/hammer/閿ゅ瓙0382.npy,2,hammer,train
train/train/hammer/閿ゅ瓙3425.npy,2,hammer,train
train/train/hammer/閿ゅ瓙0659.npy,2,hammer,train
train/train/hammer/閿ゅ瓙0342.npy,2,hammer,train
train/train/hammer/閿ゅ瓙1155.npy,2,hammer,train
train/train/hammer/閿ゅ瓙0223.npy,2,hammer,train
train/train/hammer/閿ゅ瓙0757.npy,2,hammer,train
train/train/hammer/閿ゅ瓙0497.npy,2,hammer,train
train/train/hammer/閿ゅ瓙0571.npy,2,hammer,train
train/train/hammer/閿ゅ瓙2581.npy,2,hammer,train
train/train/hammer/閿ゅ瓙2023.npy,2,hammer,train
train/train/hammer/閿ゅ瓙3373.npy,2,hammer,train
train/train/hammer/閿ゅ瓙1151.npy,2,hammer,train
train/train/hammer/閿ゅ瓙2024.npy,2,hammer,train
train/train/hammer/閿ゅ瓙1689.npy,2,hammer,train
train/train/hammer/閿ゅ瓙2875.npy,2,hammer,train
train/train/hammer/閿ゅ瓙3115.npy,2,hammer,train
train/train/hammer/閿ゅ瓙3327.npy,2,hammer,train
train/train/hammer/閿ゅ瓙3565.npy,2,hammer,train
train/train/hammer/閿ゅ瓙0868.npy,2,hammer,train
train/train/hammer/閿ゅ瓙2538.npy,2,hammer,train
train/train/hammer/閿ゅ瓙0913.npy,2,hammer,train
train/train/hammer/閿ゅ瓙2601.npy,2,hammer,train
train/train/hammer/閿ゅ瓙0278.npy,2,hammer,train
train/train/hammer/閿ゅ瓙2965.npy,2,hammer,train
train/train/hammer/閿ゅ瓙3357.npy,2,hammer,train
train/train/hammer/閿ゅ瓙1107.npy,2,hammer,train
train/train/hammer/閿ゅ瓙0213.npy,2,hammer,train
train/train/hammer/閿ゅ瓙3275.npy,2,hammer,train
train/train/hammer/閿ゅ瓙3264.npy,2,hammer,train
train/train/hammer/閿ゅ瓙2075.npy,2,hammer,train
train/train/hammer/閿ゅ瓙0158.npy,2,hammer,train
train/train/hammer/閿ゅ瓙0462.npy,2,hammer,train
train/train/hammer/閿ゅ瓙3019.npy,2,hammer,train
train/train/hammer/閿ゅ瓙0736.npy,2,hammer,train
train/train/hammer/閿ゅ瓙2266.npy,2,hammer,train
train/train/hammer/閿ゅ瓙3030.npy,2,hammer,train
train/train/hammer/閿ゅ瓙1159.npy,2,hammer,train
train/train/hammer/閿ゅ瓙0839.npy,2,hammer,train
train/train/hammer/閿ゅ瓙2771.npy,2,hammer,train
train/train/hammer/閿ゅ瓙1719.npy,2,hammer,train
train/train/hammer/閿ゅ瓙2819.npy,2,hammer,train
train/train/hammer/閿ゅ瓙0460.npy,2,hammer,train
train/train/hammer/閿ゅ瓙2390.npy,2,hammer,train
train/train/hammer/閿ゅ瓙0241.npy,2,hammer,train
train/train/hammer/閿ゅ瓙1754.npy,2,hammer,train
train/train/hammer/閿ゅ瓙2808.npy,2,hammer,train
train/train/hammer/閿ゅ瓙2861.npy,2,hammer,train
train/train/hammer/閿ゅ瓙0058.npy,2,hammer,train
train/train/hammer/閿ゅ瓙0471.npy,2,hammer,train
train/train/hammer/閿ゅ瓙0949.npy,2,hammer,train
train/train/hammer/閿ゅ瓙1093.npy,2,hammer,train
train/train/hammer/閿ゅ瓙0289.npy,2,hammer,train
train/train/hammer/閿ゅ瓙2957.npy,2,hammer,train
train/train/hammer/閿ゅ瓙1112.npy,2,hammer,train
train/train/hammer/閿ゅ瓙0295.npy,2,hammer,train
train/train/hammer/閿ゅ瓙2917.npy,2,hammer,train
train/train/hammer/閿ゅ瓙2749.npy,2,hammer,train
train/train/hammer/閿ゅ瓙2358.npy,2,hammer,train
train/train/hammer/閿ゅ瓙3527.npy,2,hammer,train
train/train/hammer/閿ゅ瓙3516.npy,2,hammer,train
train/train/hammer/閿ゅ瓙2821.npy,2,hammer,train
train/train/hammer/閿ゅ瓙0589.npy,2,hammer,train
train/train/hammer/閿ゅ瓙0842.npy,2,hammer,train
train/train/hammer/閿ゅ瓙0455.npy,2,hammer,train
train/train/hammer/閿ゅ瓙2552.npy,2,hammer,train
train/train/hammer/閿ゅ瓙2412.npy,2,hammer,train
train/train/hammer/閿ゅ瓙3064.npy,2,hammer,train
train/train/hammer/閿ゅ瓙1617.npy,2,hammer,train
train/train/hammer/閿ゅ瓙2005.npy,2,hammer,train
train/train/hammer/閿ゅ瓙3220.npy,2,hammer,train
train/train/hammer/閿ゅ瓙2595.npy,2,hammer,train
train/train/hammer/閿ゅ瓙3041.npy,2,hammer,train
train/train/hammer/閿ゅ瓙3182.npy,2,hammer,train
train/train/hammer/閿ゅ瓙2966.npy,2,hammer,train
train/train/hammer/閿ゅ瓙1866.npy,2,hammer,train
train/train/hammer/閿ゅ瓙3409.npy,2,hammer,train
train/train/hammer/閿ゅ瓙2936.npy,2,hammer,train
train/train/hammer/閿ゅ瓙2308.npy,2,hammer,train
train/train/hammer/閿ゅ瓙0022.npy,2,hammer,train
train/train/hammer/閿ゅ瓙1016.npy,2,hammer,train
train/train/hammer/閿ゅ瓙3026.npy,2,hammer,train
train/train/hammer/閿ゅ瓙0339.npy,2,hammer,train
train/train/hammer/閿ゅ瓙0153.npy,2,hammer,train
train/train/hammer/閿ゅ瓙3523.npy,2,hammer,train
train/train/hammer/閿ゅ瓙0216.npy,2,hammer,train
train/train/hammer/閿ゅ瓙0508.npy,2,hammer,train
train/train/hammer/閿ゅ瓙0954.npy,2,hammer,train
train/train/hammer/閿ゅ瓙2399.npy,2,hammer,train
train/train/hammer/閿ゅ瓙0512.npy,2,hammer,train
train/train/hammer/閿ゅ瓙2699.npy,2,hammer,train
train/train/hammer/閿ゅ瓙0701.npy,2,hammer,train
train/train/hammer/閿ゅ瓙0632.npy,2,hammer,train
train/train/hammer/閿ゅ瓙3381.npy,2,hammer,train
train/train/hammer/閿ゅ瓙2866.npy,2,hammer,train
train/train/hammer/閿ゅ瓙0050.npy,2,hammer,train
train/train/hammer/閿ゅ瓙2252.npy,2,hammer,train
train/train/hammer/閿ゅ瓙1610.npy,2,hammer,train
train/train/hammer/閿ゅ瓙2240.npy,2,hammer,train
train/train/hammer/閿ゅ瓙2989.npy,2,hammer,train
train/train/hammer/閿ゅ瓙2046.npy,2,hammer,train
train/train/hammer/閿ゅ瓙1812.npy,2,hammer,train
train/train/hammer/閿ゅ瓙1770.npy,2,hammer,train
train/train/hammer/閿ゅ瓙2158.npy,2,hammer,train
train/train/hammer/閿ゅ瓙3477.npy,2,hammer,train
train/train/hammer/閿ゅ瓙3024.npy,2,hammer,train
train/train/hammer/閿ゅ瓙2113.npy,2,hammer,train
train/train/hammer/閿ゅ瓙1841.npy,2,hammer,train
train/train/hammer/閿ゅ瓙2943.npy,2,hammer,train
train/train/hammer/閿ゅ瓙2040.npy,2,hammer,train
train/train/hammer/閿ゅ瓙2541.npy,2,hammer,train
train/train/hammer/閿ゅ瓙0113.npy,2,hammer,train
train/train/hammer/閿ゅ瓙0141.npy,2,hammer,train
train/train/hammer/閿ゅ瓙0711.npy,2,hammer,train
train/train/hammer/閿ゅ瓙2033.npy,2,hammer,train
train/train/hammer/閿ゅ瓙3493.npy,2,hammer,train
train/train/hammer/閿ゅ瓙2419.npy,2,hammer,train
train/train/hammer/閿ゅ瓙0428.npy,2,hammer,train
train/train/hammer/閿ゅ瓙1114.npy,2,hammer,train
train/train/hammer/閿ゅ瓙1191.npy,2,hammer,train
train/train/hammer/閿ゅ瓙0038.npy,2,hammer,train
train/train/hammer/閿ゅ瓙2882.npy,2,hammer,train
train/train/hammer/閿ゅ瓙1570.npy,2,hammer,train
train/train/hammer/閿ゅ瓙2200.npy,2,hammer,train
train/train/hammer/閿ゅ瓙0156.npy,2,hammer,train
train/train/hammer/閿ゅ瓙0636.npy,2,hammer,train
train/train/hammer/閿ゅ瓙2333.npy,2,hammer,train
train/train/hammer/閿ゅ瓙2775.npy,2,hammer,train
train/train/hammer/閿ゅ瓙1232.npy,2,hammer,train
train/train/hammer/閿ゅ瓙0772.npy,2,hammer,train
train/train/hammer/閿ゅ瓙3546.npy,2,hammer,train
train/train/hammer/閿ゅ瓙1176.npy,2,hammer,train
train/train/hammer/閿ゅ瓙0081.npy,2,hammer,train
train/train/hammer/閿ゅ瓙2705.npy,2,hammer,train
train/train/hammer/閿ゅ瓙3222.npy,2,hammer,train
train/train/hammer/閿ゅ瓙0768.npy,2,hammer,train
train/train/hammer/閿ゅ瓙1108.npy,2,hammer,train
train/train/hammer/閿ゅ瓙1684.npy,2,hammer,train
train/train/hammer/閿ゅ瓙2719.npy,2,hammer,train
train/train/hammer/閿ゅ瓙2247.npy,2,hammer,train
train/train/hammer/閿ゅ瓙2764.npy,2,hammer,train
train/train/hammer/閿ゅ瓙0834.npy,2,hammer,train
train/train/hammer/閿ゅ瓙0120.npy,2,hammer,train
train/train/hammer/閿ゅ瓙3191.npy,2,hammer,train
train/train/hammer/閿ゅ瓙1631.npy,2,hammer,train
train/train/hammer/閿ゅ瓙2624.npy,2,hammer,train
train/train/hammer/閿ゅ瓙3596.npy,2,hammer,train
train/train/hammer/閿ゅ瓙0384.npy,2,hammer,train
train/train/hammer/閿ゅ瓙1586.npy,2,hammer,train
train/train/hammer/閿ゅ瓙3310.npy,2,hammer,train
train/train/hammer/閿ゅ瓙2950.npy,2,hammer,train
train/train/hammer/閿ゅ瓙1007.npy,2,hammer,train
train/train/hammer/閿ゅ瓙1266.npy,2,hammer,train
train/train/hammer/閿ゅ瓙0762.npy,2,hammer,train
train/train/hammer/閿ゅ瓙1188.npy,2,hammer,train
train/train/hammer/閿ゅ瓙3406.npy,2,hammer,train
train/train/hammer/閿ゅ瓙1851.npy,2,hammer,train
train/train/hammer/閿ゅ瓙3388.npy,2,hammer,train
train/train/hammer/閿ゅ瓙2774.npy,2,hammer,train
train/train/hammer/閿ゅ瓙1944.npy,2,hammer,train
train/train/hammer/閿ゅ瓙2865.npy,2,hammer,train
train/train/hammer/閿ゅ瓙3539.npy,2,hammer,train
train/train/hammer/閿ゅ瓙3349.npy,2,hammer,train
train/train/hammer/閿ゅ瓙0319.npy,2,hammer,train
train/train/hammer/閿ゅ瓙0822.npy,2,hammer,train
train/train/hammer/閿ゅ瓙2381.npy,2,hammer,train
train/train/hammer/閿ゅ瓙2243.npy,2,hammer,train
train/train/hammer/閿ゅ瓙2120.npy,2,hammer,train
train/train/hammer/閿ゅ瓙2290.npy,2,hammer,train
train/train/hammer/閿ゅ瓙0082.npy,2,hammer,train
train/train/hammer/閿ゅ瓙1074.npy,2,hammer,train
train/train/hammer/閿ゅ瓙2162.npy,2,hammer,train
train/train/hammer/閿ゅ瓙2555.npy,2,hammer,train
train/train/hammer/閿ゅ瓙3545.npy,2,hammer,train
train/train/hammer/閿ゅ瓙1182.npy,2,hammer,train
train/train/hammer/閿ゅ瓙2748.npy,2,hammer,train
train/train/hammer/閿ゅ瓙3528.npy,2,hammer,train
train/train/hammer/閿ゅ瓙1863.npy,2,hammer,train
train/train/hammer/閿ゅ瓙0073.npy,2,hammer,train
train/train/hammer/閿ゅ瓙1623.npy,2,hammer,train
train/train/hammer/閿ゅ瓙0169.npy,2,hammer,train
train/train/hammer/閿ゅ瓙1912.npy,2,hammer,train
train/train/hammer/閿ゅ瓙2339.npy,2,hammer,train
train/train/hammer/閿ゅ瓙1646.npy,2,hammer,train
train/train/hammer/閿ゅ瓙1576.npy,2,hammer,train
train/train/hammer/閿ゅ瓙1256.npy,2,hammer,train
train/train/hammer/閿ゅ瓙1694.npy,2,hammer,train
train/train/hammer/閿ゅ瓙2043.npy,2,hammer,train
train/train/hammer/閿ゅ瓙2960.npy,2,hammer,train
train/train/hammer/閿ゅ瓙0101.npy,2,hammer,train
train/train/hammer/閿ゅ瓙0614.npy,2,hammer,train
train/train/hammer/閿ゅ瓙0256.npy,2,hammer,train
train/train/hammer/閿ゅ瓙1875.npy,2,hammer,train
train/train/hammer/閿ゅ瓙1710.npy,2,hammer,train
train/train/hammer/閿ゅ瓙1922.npy,2,hammer,train
train/train/hammer/閿ゅ瓙1819.npy,2,hammer,train
train/train/hammer/閿ゅ瓙1199.npy,2,hammer,train
train/train/hammer/閿ゅ瓙3016.npy,2,hammer,train
train/train/hammer/閿ゅ瓙2908.npy,2,hammer,train
train/train/hammer/閿ゅ瓙1113.npy,2,hammer,train
train/train/hammer/閿ゅ瓙0054.npy,2,hammer,train
train/train/hammer/閿ゅ瓙2720.npy,2,hammer,train
train/train/hammer/閿ゅ瓙0451.npy,2,hammer,train
train/train/hammer/閿ゅ瓙0064.npy,2,hammer,train
train/train/hammer/閿ゅ瓙3306.npy,2,hammer,train
train/train/hammer/閿ゅ瓙0526.npy,2,hammer,train
train/train/hammer/閿ゅ瓙0924.npy,2,hammer,train
train/train/hammer/閿ゅ瓙3363.npy,2,hammer,train
train/train/hammer/閿ゅ瓙3058.npy,2,hammer,train
train/train/hammer/閿ゅ瓙3278.npy,2,hammer,train
train/train/hammer/閿ゅ瓙2895.npy,2,hammer,train
train/train/hammer/閿ゅ瓙2953.npy,2,hammer,train
train/train/hammer/閿ゅ瓙2365.npy,2,hammer,train
train/train/hammer/閿ゅ瓙0470.npy,2,hammer,train
train/train/hammer/閿ゅ瓙2153.npy,2,hammer,train
train/train/hammer/閿ゅ瓙3053.npy,2,hammer,train
train/train/hammer/閿ゅ瓙0520.npy,2,hammer,train
train/train/hammer/閿ゅ瓙2533.npy,2,hammer,train
train/train/hammer/閿ゅ瓙0836.npy,2,hammer,train
train/train/hammer/閿ゅ瓙0260.npy,2,hammer,train
train/train/hammer/閿ゅ瓙2894.npy,2,hammer,train
train/train/hammer/閿ゅ瓙2135.npy,2,hammer,train
train/train/hammer/閿ゅ瓙3443.npy,2,hammer,train
train/train/hammer/閿ゅ瓙3093.npy,2,hammer,train
train/train/hammer/閿ゅ瓙2856.npy,2,hammer,train
train/train/hammer/閿ゅ瓙2562.npy,2,hammer,train
train/train/hammer/閿ゅ瓙3139.npy,2,hammer,train
train/train/hammer/閿ゅ瓙0804.npy,2,hammer,train
train/train/hammer/閿ゅ瓙3510.npy,2,hammer,train
train/train/hammer/閿ゅ瓙2347.npy,2,hammer,train
train/train/hammer/閿ゅ瓙1577.npy,2,hammer,train
train/train/hammer/閿ゅ瓙2114.npy,2,hammer,train
train/train/hammer/閿ゅ瓙1632.npy,2,hammer,train
train/train/hammer/閿ゅ瓙1975.npy,2,hammer,train
train/train/hammer/閿ゅ瓙0554.npy,2,hammer,train
train/train/hammer/閿ゅ瓙1625.npy,2,hammer,train
train/train/hammer/閿ゅ瓙2379.npy,2,hammer,train
train/train/hammer/閿ゅ瓙0104.npy,2,hammer,train
train/train/hammer/閿ゅ瓙0105.npy,2,hammer,train
train/train/hammer/閿ゅ瓙2263.npy,2,hammer,train
train/train/hammer/閿ゅ瓙1731.npy,2,hammer,train
train/train/hammer/閿ゅ瓙2306.npy,2,hammer,train
train/train/hammer/閿ゅ瓙2275.npy,2,hammer,train
train/train/hammer/閿ゅ瓙2117.npy,2,hammer,train
train/train/hammer/閿ゅ瓙2377.npy,2,hammer,train
train/train/hammer/閿ゅ瓙2293.npy,2,hammer,train
train/train/hammer/閿ゅ瓙2342.npy,2,hammer,train
train/train/hammer/閿ゅ瓙0540.npy,2,hammer,train
train/train/hammer/閿ゅ瓙0094.npy,2,hammer,train
train/train/hammer/閿ゅ瓙0717.npy,2,hammer,train
train/train/hammer/閿ゅ瓙0581.npy,2,hammer,train
train/train/hammer/閿ゅ瓙3218.npy,2,hammer,train
train/train/hammer/閿ゅ瓙0175.npy,2,hammer,train
train/train/hammer/閿ゅ瓙3436.npy,2,hammer,train
train/train/hammer/閿ゅ瓙1154.npy,2,hammer,train
train/train/hammer/閿ゅ瓙0550.npy,2,hammer,train
train/train/hammer/閿ゅ瓙3259.npy,2,hammer,train
train/train/hammer/閿ゅ瓙0196.npy,2,hammer,train
train/train/hammer/閿ゅ瓙2560.npy,2,hammer,train
train/train/hammer/閿ゅ瓙3522.npy,2,hammer,train
train/train/hammer/閿ゅ瓙0477.npy,2,hammer,train
train/train/hammer/閿ゅ瓙3234.npy,2,hammer,train
train/train/hammer/閿ゅ瓙0829.npy,2,hammer,train
train/train/hammer/閿ゅ瓙2305.npy,2,hammer,train
train/train/hammer/閿ゅ瓙0174.npy,2,hammer,train
train/train/hammer/閿ゅ瓙2597.npy,2,hammer,train
train/train/hammer/閿ゅ瓙1167.npy,2,hammer,train
train/train/hammer/閿ゅ瓙0210.npy,2,hammer,train
train/train/hammer/閿ゅ瓙0668.npy,2,hammer,train
train/train/hammer/閿ゅ瓙1079.npy,2,hammer,train
train/train/hammer/閿ゅ瓙2951.npy,2,hammer,train
train/train/hammer/閿ゅ瓙2107.npy,2,hammer,train
train/train/hammer/閿ゅ瓙3272.npy,2,hammer,train
train/train/hammer/閿ゅ瓙2434.npy,2,hammer,train
train/train/hammer/閿ゅ瓙3305.npy,2,hammer,train
train/train/hammer/閿ゅ瓙2190.npy,2,hammer,train
train/train/hammer/閿ゅ瓙0021.npy,2,hammer,train
train/train/hammer/閿ゅ瓙2413.npy,2,hammer,train
train/train/hammer/閿ゅ瓙1985.npy,2,hammer,train
train/train/hammer/閿ゅ瓙2050.npy,2,hammer,train
train/train/hammer/閿ゅ瓙0065.npy,2,hammer,train
train/train/hammer/閿ゅ瓙1645.npy,2,hammer,train
train/train/hammer/閿ゅ瓙2225.npy,2,hammer,train
train/train/hammer/閿ゅ瓙2831.npy,2,hammer,train
train/train/hammer/閿ゅ瓙1836.npy,2,hammer,train
train/train/hammer/閿ゅ瓙1081.npy,2,hammer,train
train/train/hammer/閿ゅ瓙0318.npy,2,hammer,train
train/train/hammer/閿ゅ瓙2858.npy,2,hammer,train
train/train/hammer/閿ゅ瓙0874.npy,2,hammer,train
train/train/hammer/閿ゅ瓙1956.npy,2,hammer,train
train/train/hammer/閿ゅ瓙2281.npy,2,hammer,train
train/train/hammer/閿ゅ瓙1864.npy,2,hammer,train
train/train/hammer/閿ゅ瓙1118.npy,2,hammer,train
train/train/hammer/閿ゅ瓙3033.npy,2,hammer,train
train/train/hammer/閿ゅ瓙0285.npy,2,hammer,train
train/train/hammer/閿ゅ瓙2034.npy,2,hammer,train
train/train/hammer/閿ゅ瓙3449.npy,2,hammer,train
train/train/hammer/閿ゅ瓙0633.npy,2,hammer,train
train/train/hammer/閿ゅ瓙2045.npy,2,hammer,train
train/train/hammer/閿ゅ瓙1702.npy,2,hammer,train
train/train/hammer/閿ゅ瓙1648.npy,2,hammer,train
train/train/hammer/閿ゅ瓙1031.npy,2,hammer,train
train/train/hammer/閿ゅ瓙1962.npy,2,hammer,train
train/train/hammer/閿ゅ瓙0945.npy,2,hammer,train
train/train/hammer/閿ゅ瓙2198.npy,2,hammer,train
train/train/hammer/閿ゅ瓙3451.npy,2,hammer,train
train/train/hammer/閿ゅ瓙0452.npy,2,hammer,train
train/train/hammer/閿ゅ瓙0221.npy,2,hammer,train
train/train/hammer/閿ゅ瓙3211.npy,2,hammer,train
train/train/hammer/閿ゅ瓙3564.npy,2,hammer,train
train/train/hammer/閿ゅ瓙0076.npy,2,hammer,train
train/train/hammer/閿ゅ瓙1064.npy,2,hammer,train
train/train/hammer/閿ゅ瓙1163.npy,2,hammer,train
train/train/hammer/閿ゅ瓙0545.npy,2,hammer,train
train/train/hammer/閿ゅ瓙0056.npy,2,hammer,train
train/train/hammer/閿ゅ瓙3165.npy,2,hammer,train
train/train/hammer/閿ゅ瓙2161.npy,2,hammer,train
train/train/hammer/閿ゅ瓙0996.npy,2,hammer,train
train/train/hammer/閿ゅ瓙0919.npy,2,hammer,train
train/train/hammer/閿ゅ瓙2284.npy,2,hammer,train
train/train/hammer/閿ゅ瓙0624.npy,2,hammer,train
train/train/hammer/閿ゅ瓙1723.npy,2,hammer,train
train/train/hammer/閿ゅ瓙1675.npy,2,hammer,train
train/train/hammer/閿ゅ瓙3021.npy,2,hammer,train
train/train/hammer/閿ゅ瓙0276.npy,2,hammer,train
train/train/hammer/閿ゅ瓙0799.npy,2,hammer,train
train/train/hammer/閿ゅ瓙0355.npy,2,hammer,train
train/train/hammer/閿ゅ瓙0513.npy,2,hammer,train
train/train/hammer/閿ゅ瓙3000.npy,2,hammer,train
train/train/hammer/閿ゅ瓙1613.npy,2,hammer,train
train/train/hammer/閿ゅ瓙1834.npy,2,hammer,train
train/train/hammer/閿ゅ瓙2464.npy,2,hammer,train
train/train/hammer/閿ゅ瓙0595.npy,2,hammer,train
train/train/hammer/閿ゅ瓙2216.npy,2,hammer,train
train/train/hammer/閿ゅ瓙2071.npy,2,hammer,train
train/train/hammer/閿ゅ瓙3179.npy,2,hammer,train
train/train/hammer/閿ゅ瓙0264.npy,2,hammer,train
train/train/hammer/閿ゅ瓙1211.npy,2,hammer,train
train/train/hammer/閿ゅ瓙0464.npy,2,hammer,train
train/train/hammer/閿ゅ瓙2684.npy,2,hammer,train
train/train/hammer/閿ゅ瓙3385.npy,2,hammer,train
train/train/hammer/閿ゅ瓙2097.npy,2,hammer,train
train/train/hammer/閿ゅ瓙0019.npy,2,hammer,train
train/train/hammer/閿ゅ瓙3589.npy,2,hammer,train
train/train/hammer/閿ゅ瓙0992.npy,2,hammer,train
train/train/hammer/閿ゅ瓙1236.npy,2,hammer,train
train/train/hammer/閿ゅ瓙0036.npy,2,hammer,train
train/train/hammer/閿ゅ瓙0933.npy,2,hammer,train
train/train/hammer/閿ゅ瓙0876.npy,2,hammer,train
train/train/hammer/閿ゅ瓙3568.npy,2,hammer,train
train/train/hammer/閿ゅ瓙1255.npy,2,hammer,train
train/train/hammer/閿ゅ瓙2513.npy,2,hammer,train
train/train/hammer/閿ゅ瓙1042.npy,2,hammer,train
train/train/hammer/閿ゅ瓙1707.npy,2,hammer,train
train/train/hammer/閿ゅ瓙0392.npy,2,hammer,train
train/train/hammer/閿ゅ瓙1949.npy,2,hammer,train
train/train/hammer/閿ゅ瓙3075.npy,2,hammer,train
train/train/hammer/閿ゅ瓙1043.npy,2,hammer,train
train/train/hammer/閿ゅ瓙0932.npy,2,hammer,train
train/train/hammer/閿ゅ瓙0324.npy,2,hammer,train
train/train/hammer/閿ゅ瓙0294.npy,2,hammer,train
train/train/hammer/閿ゅ瓙3361.npy,2,hammer,train
train/train/hammer/閿ゅ瓙3580.npy,2,hammer,train
train/train/hammer/閿ゅ瓙3265.npy,2,hammer,train
train/train/hammer/閿ゅ瓙0361.npy,2,hammer,train
train/train/hammer/閿ゅ瓙3446.npy,2,hammer,train
train/train/hammer/閿ゅ瓙2836.npy,2,hammer,train
train/train/hammer/閿ゅ瓙2353.npy,2,hammer,train
train/train/hammer/閿ゅ瓙1629.npy,2,hammer,train
train/train/hammer/閿ゅ瓙0674.npy,2,hammer,train
train/train/hammer/閿ゅ瓙2920.npy,2,hammer,train
train/train/hammer/閿ゅ瓙1219.npy,2,hammer,train
train/train/hammer/閿ゅ瓙0157.npy,2,hammer,train
train/train/hammer/閿ゅ瓙3091.npy,2,hammer,train
train/train/hammer/閿ゅ瓙1718.npy,2,hammer,train
train/train/hammer/閿ゅ瓙1658.npy,2,hammer,train
train/train/hammer/閿ゅ瓙1200.npy,2,hammer,train
train/train/hammer/閿ゅ瓙3092.npy,2,hammer,train
train/train/hammer/閿ゅ瓙1198.npy,2,hammer,train
train/train/hammer/閿ゅ瓙2310.npy,2,hammer,train
train/train/hammer/閿ゅ瓙2264.npy,2,hammer,train
train/train/hammer/閿ゅ瓙2056.npy,2,hammer,train
train/train/hammer/閿ゅ瓙2574.npy,2,hammer,train
train/train/hammer/閿ゅ瓙3402.npy,2,hammer,train
train/train/hammer/閿ゅ瓙0282.npy,2,hammer,train
train/train/hammer/閿ゅ瓙3290.npy,2,hammer,train
train/train/hammer/閿ゅ瓙0337.npy,2,hammer,train
train/train/hammer/閿ゅ瓙1607.npy,2,hammer,train
train/train/hammer/閿ゅ瓙3433.npy,2,hammer,train
train/train/hammer/閿ゅ瓙0820.npy,2,hammer,train
train/train/hammer/閿ゅ瓙2573.npy,2,hammer,train
train/train/hammer/閿ゅ瓙2739.npy,2,hammer,train
train/train/hammer/閿ゅ瓙1611.npy,2,hammer,train
train/train/hammer/閿ゅ瓙2061.npy,2,hammer,train
train/train/hammer/閿ゅ瓙1228.npy,2,hammer,train
train/train/hammer/閿ゅ瓙1789.npy,2,hammer,train
train/train/hammer/閿ゅ瓙0835.npy,2,hammer,train
train/train/hammer/閿ゅ瓙0713.npy,2,hammer,train
train/train/hammer/閿ゅ瓙1091.npy,2,hammer,train
train/train/hammer/閿ゅ瓙1579.npy,2,hammer,train
train/train/hammer/閿ゅ瓙2549.npy,2,hammer,train
train/train/hammer/閿ゅ瓙3280.npy,2,hammer,train
train/train/hammer/閿ゅ瓙0579.npy,2,hammer,train
train/train/hammer/閿ゅ瓙0805.npy,2,hammer,train
train/train/hammer/閿ゅ瓙2668.npy,2,hammer,train
train/train/hammer/閿ゅ瓙0850.npy,2,hammer,train
train/train/hammer/閿ゅ瓙2956.npy,2,hammer,train
train/train/hammer/閿ゅ瓙1157.npy,2,hammer,train
train/train/hammer/閿ゅ瓙2452.npy,2,hammer,train
train/train/hammer/閿ゅ瓙3185.npy,2,hammer,train
train/train/hammer/閿ゅ瓙1144.npy,2,hammer,train
train/train/hammer/閿ゅ瓙0304.npy,2,hammer,train
train/train/hammer/閿ゅ瓙0069.npy,2,hammer,train
train/train/hammer/閿ゅ瓙2409.npy,2,hammer,train
train/train/hammer/閿ゅ瓙0483.npy,2,hammer,train
train/train/hammer/閿ゅ瓙2102.npy,2,hammer,train
train/train/hammer/閿ゅ瓙0866.npy,2,hammer,train
train/train/hammer/閿ゅ瓙0401.npy,2,hammer,train
train/train/hammer/閿ゅ瓙3162.npy,2,hammer,train
train/train/hammer/閿ゅ瓙1828.npy,2,hammer,train
train/train/hammer/閿ゅ瓙1145.npy,2,hammer,train
train/train/hammer/閿ゅ瓙2262.npy,2,hammer,train
train/train/hammer/閿ゅ瓙1548.npy,2,hammer,train
train/train/hammer/閿ゅ瓙2068.npy,2,hammer,train
train/train/hammer/閿ゅ瓙1221.npy,2,hammer,train
train/train/hammer/閿ゅ瓙1681.npy,2,hammer,train
train/train/hammer/閿ゅ瓙2759.npy,2,hammer,train
train/train/hammer/閿ゅ瓙2633.npy,2,hammer,train
train/train/hammer/閿ゅ瓙1637.npy,2,hammer,train
train/train/hammer/閿ゅ瓙0551.npy,2,hammer,train
train/train/hammer/閿ゅ瓙3599.npy,2,hammer,train
train/train/hammer/閿ゅ瓙2929.npy,2,hammer,train
train/train/hammer/閿ゅ瓙1062.npy,2,hammer,train
train/train/hammer/閿ゅ瓙0435.npy,2,hammer,train
train/train/hammer/閿ゅ瓙0283.npy,2,hammer,train
train/train/hammer/閿ゅ瓙3060.npy,2,hammer,train
train/train/hammer/閿ゅ瓙2605.npy,2,hammer,train
train/train/hammer/閿ゅ瓙1634.npy,2,hammer,train
train/train/hammer/閿ゅ瓙0726.npy,2,hammer,train
train/train/hammer/閿ゅ瓙2389.npy,2,hammer,train
train/train/hammer/閿ゅ瓙2864.npy,2,hammer,train
train/train/hammer/閿ゅ瓙3506.npy,2,hammer,train
train/train/hammer/閿ゅ瓙2473.npy,2,hammer,train
train/train/hammer/閿ゅ瓙1010.npy,2,hammer,train
train/train/hammer/閿ゅ瓙1072.npy,2,hammer,train
train/train/hammer/閿ゅ瓙2596.npy,2,hammer,train
train/train/hammer/閿ゅ瓙0998.npy,2,hammer,train
train/train/hammer/閿ゅ瓙2798.npy,2,hammer,train
train/train/hammer/閿ゅ瓙0547.npy,2,hammer,train
train/train/hammer/閿ゅ瓙1094.npy,2,hammer,train
train/train/hammer/閿ゅ瓙2550.npy,2,hammer,train
train/train/hammer/閿ゅ瓙2607.npy,2,hammer,train
train/train/hammer/閿ゅ瓙0628.npy,2,hammer,train
train/train/hammer/閿ゅ瓙1887.npy,2,hammer,train
train/train/hammer/閿ゅ瓙2437.npy,2,hammer,train
train/train/hammer/閿ゅ瓙3474.npy,2,hammer,train
train/train/hammer/閿ゅ瓙3200.npy,2,hammer,train
train/train/hammer/閿ゅ瓙2042.npy,2,hammer,train
train/train/hammer/閿ゅ瓙1178.npy,2,hammer,train
train/train/hammer/閿ゅ瓙0700.npy,2,hammer,train
train/train/hammer/閿ゅ瓙3283.npy,2,hammer,train
train/train/hammer/閿ゅ瓙3267.npy,2,hammer,train
train/train/hammer/閿ゅ瓙0001.npy,2,hammer,train
train/train/hammer/閿ゅ瓙3244.npy,2,hammer,train
train/train/hammer/閿ゅ瓙2031.npy,2,hammer,train
train/train/hammer/閿ゅ瓙0317.npy,2,hammer,train
train/train/hammer/閿ゅ瓙1839.npy,2,hammer,train
train/train/hammer/閿ゅ瓙0843.npy,2,hammer,train
train/train/hammer/閿ゅ瓙0753.npy,2,hammer,train
train/train/hammer/閿ゅ瓙2639.npy,2,hammer,train
train/train/hammer/閿ゅ瓙2993.npy,2,hammer,train
train/train/hammer/閿ゅ瓙0137.npy,2,hammer,train
train/train/hammer/閿ゅ瓙0152.npy,2,hammer,train
train/train/hammer/閿ゅ瓙0677.npy,2,hammer,train
train/train/hammer/閿ゅ瓙0242.npy,2,hammer,train
train/train/hammer/閿ゅ瓙0224.npy,2,hammer,train
train/train/hammer/閿ゅ瓙2629.npy,2,hammer,train
train/train/hammer/閿ゅ瓙0543.npy,2,hammer,train
train/train/hammer/閿ゅ瓙1224.npy,2,hammer,train
train/train/hammer/閿ゅ瓙0371.npy,2,hammer,train
train/train/hammer/閿ゅ瓙0577.npy,2,hammer,train
train/train/hammer/閿ゅ瓙0956.npy,2,hammer,train
train/train/hammer/閿ゅ瓙0409.npy,2,hammer,train
train/train/hammer/閿ゅ瓙3519.npy,2,hammer,train
train/train/hammer/閿ゅ瓙0590.npy,2,hammer,train
train/train/hammer/閿ゅ瓙0887.npy,2,hammer,train
train/train/hammer/閿ゅ瓙0380.npy,2,hammer,train
train/train/hammer/閿ゅ瓙0781.npy,2,hammer,train
train/train/hammer/閿ゅ瓙1968.npy,2,hammer,train
train/train/hammer/閿ゅ瓙2841.npy,2,hammer,train
train/train/hammer/閿ゅ瓙3198.npy,2,hammer,train
train/train/hammer/閿ゅ瓙3242.npy,2,hammer,train
train/train/hammer/閿ゅ瓙3389.npy,2,hammer,train
train/train/hammer/閿ゅ瓙1808.npy,2,hammer,train
train/train/hammer/閿ゅ瓙1608.npy,2,hammer,train
train/train/hammer/閿ゅ瓙0431.npy,2,hammer,train
train/train/hammer/閿ゅ瓙2300.npy,2,hammer,train
train/train/hammer/閿ゅ瓙3557.npy,2,hammer,train
train/train/hammer/閿ゅ瓙1721.npy,2,hammer,train
train/train/hammer/閿ゅ瓙3252.npy,2,hammer,train
train/train/hammer/閿ゅ瓙2132.npy,2,hammer,train
train/train/hammer/閿ゅ瓙1053.npy,2,hammer,train
train/train/hammer/閿ゅ瓙1270.npy,2,hammer,train
train/train/hammer/閿ゅ瓙0429.npy,2,hammer,train
train/train/hammer/閿ゅ瓙0009.npy,2,hammer,train
train/train/hammer/閿ゅ瓙0231.npy,2,hammer,train
train/train/hammer/閿ゅ瓙2084.npy,2,hammer,train
train/train/hammer/閿ゅ瓙3526.npy,2,hammer,train
train/train/hammer/閿ゅ瓙2226.npy,2,hammer,train
train/train/hammer/閿ゅ瓙0663.npy,2,hammer,train
train/train/hammer/閿ゅ瓙1814.npy,2,hammer,train
train/train/hammer/閿ゅ瓙2586.npy,2,hammer,train
train/train/hammer/閿ゅ瓙2471.npy,2,hammer,train
train/train/hammer/閿ゅ瓙1015.npy,2,hammer,train
train/train/hammer/閿ゅ瓙1099.npy,2,hammer,train
train/train/hammer/閿ゅ瓙2544.npy,2,hammer,train
train/train/hammer/閿ゅ瓙0635.npy,2,hammer,train
train/train/hammer/閿ゅ瓙3156.npy,2,hammer,train
train/train/hammer/閿ゅ瓙3056.npy,2,hammer,train
train/train/hammer/閿ゅ瓙2632.npy,2,hammer,train
train/train/hammer/閿ゅ瓙2210.npy,2,hammer,train
train/train/hammer/閿ゅ瓙1934.npy,2,hammer,train
train/train/hammer/閿ゅ瓙2886.npy,2,hammer,train
train/train/hammer/閿ゅ瓙0855.npy,2,hammer,train
train/train/hammer/閿ゅ瓙3194.npy,2,hammer,train
train/train/hammer/閿ゅ瓙1990.npy,2,hammer,train
train/train/hammer/閿ゅ瓙0352.npy,2,hammer,train
train/train/hammer/閿ゅ瓙3130.npy,2,hammer,train
train/train/hammer/閿ゅ瓙0261.npy,2,hammer,train
train/train/hammer/閿ゅ瓙2405.npy,2,hammer,train
train/train/hammer/閿ゅ瓙0299.npy,2,hammer,train
train/train/hammer/閿ゅ瓙3452.npy,2,hammer,train
train/train/hammer/閿ゅ瓙2206.npy,2,hammer,train
train/train/hammer/閿ゅ瓙2442.npy,2,hammer,train
train/train/hammer/閿ゅ瓙2417.npy,2,hammer,train
train/train/hammer/閿ゅ瓙1951.npy,2,hammer,train
train/train/hammer/閿ゅ瓙2331.npy,2,hammer,train
train/train/hammer/閿ゅ瓙0971.npy,2,hammer,train
train/train/hammer/閿ゅ瓙0002.npy,2,hammer,train
train/train/hammer/閿ゅ瓙2570.npy,2,hammer,train
train/train/hammer/閿ゅ瓙3447.npy,2,hammer,train
train/train/hammer/閿ゅ瓙0557.npy,2,hammer,train
train/train/hammer/閿ゅ瓙0696.npy,2,hammer,train
train/train/hammer/閿ゅ瓙1002.npy,2,hammer,train
train/train/hammer/閿ゅ瓙1915.npy,2,hammer,train
train/train/hammer/閿ゅ瓙1846.npy,2,hammer,train
train/train/hammer/閿ゅ瓙0769.npy,2,hammer,train
train/train/hammer/閿ゅ瓙2884.npy,2,hammer,train
train/train/hammer/閿ゅ瓙1974.npy,2,hammer,train
train/train/hammer/閿ゅ瓙0218.npy,2,hammer,train
train/train/hammer/閿ゅ瓙0374.npy,2,hammer,train
train/train/hammer/閿ゅ瓙1096.npy,2,hammer,train
train/train/hammer/閿ゅ瓙1783.npy,2,hammer,train
train/train/hammer/閿ゅ瓙3533.npy,2,hammer,train
train/train/hammer/閿ゅ瓙2778.npy,2,hammer,train
train/train/hammer/閿ゅ瓙3120.npy,2,hammer,train
train/train/hammer/閿ゅ瓙0273.npy,2,hammer,train
train/train/hammer/閿ゅ瓙2025.npy,2,hammer,train
train/train/hammer/閿ゅ瓙1667.npy,2,hammer,train
train/train/hammer/閿ゅ瓙0249.npy,2,hammer,train
train/train/hammer/閿ゅ瓙3114.npy,2,hammer,train
train/train/hammer/閿ゅ瓙0397.npy,2,hammer,train
train/train/hammer/閿ゅ瓙0521.npy,2,hammer,train
train/train/hammer/閿ゅ瓙2551.npy,2,hammer,train
train/train/hammer/閿ゅ瓙1685.npy,2,hammer,train
train/train/hammer/閿ゅ瓙1580.npy,2,hammer,train
train/train/hammer/閿ゅ瓙1172.npy,2,hammer,train
train/train/hammer/閿ゅ瓙0766.npy,2,hammer,train
train/train/hammer/閿ゅ瓙2766.npy,2,hammer,train
train/train/hammer/閿ゅ瓙3483.npy,2,hammer,train
train/train/hammer/閿ゅ瓙3392.npy,2,hammer,train
train/train/hammer/閿ゅ瓙0809.npy,2,hammer,train
train/train/hammer/閿ゅ瓙2888.npy,2,hammer,train
train/train/hammer/閿ゅ瓙0129.npy,2,hammer,train
train/train/hammer/閿ゅ瓙0687.npy,2,hammer,train
train/train/hammer/閿ゅ瓙3015.npy,2,hammer,train
train/train/hammer/閿ゅ瓙1750.npy,2,hammer,train
train/train/hammer/閿ゅ瓙2367.npy,2,hammer,train
train/train/hammer/閿ゅ瓙2696.npy,2,hammer,train
train/train/hammer/閿ゅ瓙1130.npy,2,hammer,train
train/train/hammer/閿ゅ瓙1879.npy,2,hammer,train
train/train/hammer/閿ゅ瓙3400.npy,2,hammer,train
train/train/hammer/閿ゅ瓙0404.npy,2,hammer,train
train/train/hammer/閿ゅ瓙2806.npy,2,hammer,train
train/train/hammer/閿ゅ瓙0654.npy,2,hammer,train
train/train/hammer/閿ゅ瓙2010.npy,2,hammer,train
train/train/hammer/閿ゅ瓙0383.npy,2,hammer,train
train/train/hammer/閿ゅ瓙1557.npy,2,hammer,train
train/train/hammer/閿ゅ瓙3348.npy,2,hammer,train
train/train/hammer/閿ゅ瓙0046.npy,2,hammer,train
train/train/hammer/閿ゅ瓙3012.npy,2,hammer,train
train/train/hammer/閿ゅ瓙2589.npy,2,hammer,train
train/train/hammer/閿ゅ瓙1146.npy,2,hammer,train
train/train/hammer/閿ゅ瓙0981.npy,2,hammer,train
train/train/hammer/閿ゅ瓙0007.npy,2,hammer,train
train/train/hammer/閿ゅ瓙1802.npy,2,hammer,train
train/train/hammer/閿ゅ瓙1732.npy,2,hammer,train
train/train/hammer/閿ゅ瓙3499.npy,2,hammer,train
train/train/hammer/閿ゅ瓙0645.npy,2,hammer,train
train/train/hammer/閿ゅ瓙2973.npy,2,hammer,train
train/train/hammer/閿ゅ瓙2372.npy,2,hammer,train
train/train/hammer/閿ゅ瓙2839.npy,2,hammer,train
train/train/hammer/閿ゅ瓙3367.npy,2,hammer,train
train/train/hammer/閿ゅ瓙2941.npy,2,hammer,train
train/train/hammer/閿ゅ瓙2809.npy,2,hammer,train
train/train/hammer/閿ゅ瓙2619.npy,2,hammer,train
train/train/hammer/閿ゅ瓙0086.npy,2,hammer,train
train/train/hammer/閿ゅ瓙0008.npy,2,hammer,train
train/train/hammer/閿ゅ瓙2093.npy,2,hammer,train
train/train/hammer/閿ゅ瓙1264.npy,2,hammer,train
train/train/hammer/閿ゅ瓙2129.npy,2,hammer,train
train/train/hammer/閿ゅ瓙3081.npy,2,hammer,train
train/train/hammer/閿ゅ瓙2166.npy,2,hammer,train
train/train/hammer/閿ゅ瓙2870.npy,2,hammer,train
train/train/hammer/閿ゅ瓙2832.npy,2,hammer,train
train/train/hammer/閿ゅ瓙2982.npy,2,hammer,train
train/train/hammer/閿ゅ瓙0699.npy,2,hammer,train
train/train/hammer/閿ゅ瓙2296.npy,2,hammer,train
train/train/hammer/閿ゅ瓙2338.npy,2,hammer,train
train/train/hammer/閿ゅ瓙1931.npy,2,hammer,train
train/train/hammer/閿ゅ瓙2237.npy,2,hammer,train
train/train/hammer/閿ゅ瓙2325.npy,2,hammer,train
train/train/hammer/閿ゅ瓙2425.npy,2,hammer,train
train/train/hammer/閿ゅ瓙2026.npy,2,hammer,train
train/train/hammer/閿ゅ瓙0252.npy,2,hammer,train
train/train/hammer/閿ゅ瓙0275.npy,2,hammer,train
train/train/hammer/閿ゅ瓙0556.npy,2,hammer,train
train/train/hammer/閿ゅ瓙0473.npy,2,hammer,train
train/train/hammer/閿ゅ瓙2976.npy,2,hammer,train
train/train/hammer/閿ゅ瓙2057.npy,2,hammer,train
train/train/hammer/閿ゅ瓙2504.npy,2,hammer,train
train/train/hammer/閿ゅ瓙0492.npy,2,hammer,train
train/train/hammer/閿ゅ瓙2539.npy,2,hammer,train
train/train/hammer/閿ゅ瓙2238.npy,2,hammer,train
train/train/hammer/閿ゅ瓙1845.npy,2,hammer,train
train/train/hammer/閿ゅ瓙2922.npy,2,hammer,train
train/train/hammer/閿ゅ瓙2070.npy,2,hammer,train
train/train/hammer/閿ゅ瓙3038.npy,2,hammer,train
train/train/hammer/閿ゅ瓙0792.npy,2,hammer,train
train/train/hammer/閿ゅ瓙2835.npy,2,hammer,train
train/train/hammer/閿ゅ瓙2302.npy,2,hammer,train
train/train/hammer/閿ゅ瓙0889.npy,2,hammer,train
train/train/hammer/閿ゅ瓙1233.npy,2,hammer,train
train/train/hammer/閿ゅ瓙1027.npy,2,hammer,train
train/train/hammer/閿ゅ瓙0942.npy,2,hammer,train
train/train/hammer/閿ゅ瓙0115.npy,2,hammer,train
train/train/hammer/閿ゅ瓙1749.npy,2,hammer,train
train/train/hammer/閿ゅ瓙0641.npy,2,hammer,train
train/train/hammer/閿ゅ瓙0785.npy,2,hammer,train
train/train/hammer/閿ゅ瓙1896.npy,2,hammer,train
train/train/hammer/閿ゅ瓙3254.npy,2,hammer,train
train/train/hammer/閿ゅ瓙0359.npy,2,hammer,train
train/train/hammer/閿ゅ瓙3236.npy,2,hammer,train
train/train/hammer/閿ゅ瓙1230.npy,2,hammer,train
train/train/hammer/閿ゅ瓙2218.npy,2,hammer,train
train/train/hammer/閿ゅ瓙2695.npy,2,hammer,train
train/train/hammer/閿ゅ瓙3128.npy,2,hammer,train
train/train/hammer/閿ゅ瓙1257.npy,2,hammer,train
train/train/hammer/閿ゅ瓙3592.npy,2,hammer,train
train/train/hammer/閿ゅ瓙3366.npy,2,hammer,train
train/train/hammer/閿ゅ瓙2829.npy,2,hammer,train
train/train/hammer/閿ゅ瓙2876.npy,2,hammer,train
train/train/hammer/閿ゅ瓙2400.npy,2,hammer,train
train/train/hammer/閿ゅ瓙1939.npy,2,hammer,train
train/train/hammer/閿ゅ瓙2323.npy,2,hammer,train
train/train/hammer/閿ゅ瓙2085.npy,2,hammer,train
train/train/hammer/閿ゅ瓙3431.npy,2,hammer,train
train/train/hammer/閿ゅ瓙3164.npy,2,hammer,train
train/train/hammer/閿ゅ瓙2824.npy,2,hammer,train
train/train/hammer/閿ゅ瓙2476.npy,2,hammer,train
train/train/hammer/閿ゅ瓙0211.npy,2,hammer,train
train/train/hammer/閿ゅ瓙3076.npy,2,hammer,train
train/train/hammer/閿ゅ瓙0344.npy,2,hammer,train
train/train/hammer/閿ゅ瓙0181.npy,2,hammer,train
train/train/hammer/閿ゅ瓙3382.npy,2,hammer,train
train/train/hammer/閿ゅ瓙0100.npy,2,hammer,train
train/train/hammer/閿ゅ瓙0496.npy,2,hammer,train
train/train/hammer/閿ゅ瓙0292.npy,2,hammer,train
train/train/hammer/閿ゅ瓙2094.npy,2,hammer,train
train/train/hammer/閿ゅ瓙1984.npy,2,hammer,train
train/train/hammer/閿ゅ瓙0302.npy,2,hammer,train
train/train/hammer/閿ゅ瓙1271.npy,2,hammer,train
train/train/hammer/閿ゅ瓙3184.npy,2,hammer,train
train/train/hammer/閿ゅ瓙2653.npy,2,hammer,train
train/train/hammer/閿ゅ瓙1644.npy,2,hammer,train
train/train/hammer/閿ゅ瓙2623.npy,2,hammer,train
train/train/hammer/閿ゅ瓙0298.npy,2,hammer,train
train/train/hammer/閿ゅ瓙0222.npy,2,hammer,train
train/train/hammer/閿ゅ瓙1229.npy,2,hammer,train
train/train/hammer/閿ゅ瓙2385.npy,2,hammer,train
train/train/hammer/閿ゅ瓙3202.npy,2,hammer,train
train/train/hammer/閿ゅ瓙0891.npy,2,hammer,train
train/train/hammer/閿ゅ瓙2505.npy,2,hammer,train
train/train/hammer/閿ゅ瓙0163.npy,2,hammer,train
train/train/hammer/閿ゅ瓙3028.npy,2,hammer,train
train/train/hammer/閿ゅ瓙2609.npy,2,hammer,train
train/train/hammer/閿ゅ瓙1566.npy,2,hammer,train
train/train/hammer/閿ゅ瓙2654.npy,2,hammer,train
train/train/hammer/閿ゅ瓙3228.npy,2,hammer,train
train/train/hammer/閿ゅ瓙3318.npy,2,hammer,train
train/train/hammer/閿ゅ瓙1792.npy,2,hammer,train
train/train/hammer/閿ゅ瓙2229.npy,2,hammer,train
train/train/hammer/閿ゅ瓙1022.npy,2,hammer,train
train/train/hammer/閿ゅ瓙1192.npy,2,hammer,train
train/train/hammer/閿ゅ瓙2924.npy,2,hammer,train
train/train/hammer/閿ゅ瓙0931.npy,2,hammer,train
train/train/hammer/閿ゅ瓙2041.npy,2,hammer,train
train/train/hammer/閿ゅ瓙0851.npy,2,hammer,train
train/train/hammer/閿ゅ瓙2485.npy,2,hammer,train
train/train/hammer/閿ゅ瓙3364.npy,2,hammer,train
train/train/hammer/閿ゅ瓙1963.npy,2,hammer,train
train/train/hammer/閿ゅ瓙1706.npy,2,hammer,train
train/train/hammer/閿ゅ瓙1782.npy,2,hammer,train
train/train/hammer/閿ゅ瓙0343.npy,2,hammer,train
train/train/hammer/閿ゅ瓙3323.npy,2,hammer,train
train/train/hammer/閿ゅ瓙2507.npy,2,hammer,train
train/train/hammer/閿ゅ瓙0500.npy,2,hammer,train
train/train/hammer/閿ゅ瓙2455.npy,2,hammer,train
train/train/hammer/閿ゅ瓙3149.npy,2,hammer,train
train/train/hammer/閿ゅ瓙0312.npy,2,hammer,train
train/train/hammer/閿ゅ瓙2777.npy,2,hammer,train
train/train/hammer/閿ゅ瓙0444.npy,2,hammer,train
train/train/hammer/閿ゅ瓙2095.npy,2,hammer,train
train/train/hammer/閿ゅ瓙1103.npy,2,hammer,train
train/train/hammer/閿ゅ瓙1728.npy,2,hammer,train
train/train/hammer/閿ゅ瓙2142.npy,2,hammer,train
train/train/hammer/閿ゅ瓙2854.npy,2,hammer,train
train/train/hammer/閿ゅ瓙2242.npy,2,hammer,train
train/train/hammer/閿ゅ瓙2954.npy,2,hammer,train
train/train/hammer/閿ゅ瓙2204.npy,2,hammer,train
train/train/hammer/閿ゅ瓙1774.npy,2,hammer,train
train/train/hammer/閿ゅ瓙2640.npy,2,hammer,train
train/train/hammer/閿ゅ瓙0680.npy,2,hammer,train
train/train/hammer/閿ゅ瓙0905.npy,2,hammer,train
train/train/hammer/閿ゅ瓙3434.npy,2,hammer,train
train/train/hammer/閿ゅ瓙2799.npy,2,hammer,train
train/train/hammer/閿ゅ瓙0732.npy,2,hammer,train
train/train/hammer/閿ゅ瓙1859.npy,2,hammer,train
train/train/hammer/閿ゅ瓙2487.npy,2,hammer,train
train/train/hammer/閿ゅ瓙3529.npy,2,hammer,train
train/train/hammer/閿ゅ瓙2265.npy,2,hammer,train
train/train/hammer/閿ゅ瓙2241.npy,2,hammer,train
train/train/hammer/閿ゅ瓙0139.npy,2,hammer,train
train/train/hammer/閿ゅ瓙0443.npy,2,hammer,train
train/train/hammer/閿ゅ瓙2999.npy,2,hammer,train
train/train/hammer/閿ゅ瓙2872.npy,2,hammer,train
train/train/hammer/閿ゅ瓙0814.npy,2,hammer,train
train/train/hammer/閿ゅ瓙1994.npy,2,hammer,train
train/train/hammer/閿ゅ瓙2112.npy,2,hammer,train
train/train/hammer/閿ゅ瓙1048.npy,2,hammer,train
train/train/hammer/閿ゅ瓙2205.npy,2,hammer,train
train/train/hammer/閿ゅ瓙2439.npy,2,hammer,train
train/train/hammer/閿ゅ瓙1775.npy,2,hammer,train
train/train/hammer/閿ゅ瓙3407.npy,2,hammer,train
train/train/hammer/閿ゅ瓙0739.npy,2,hammer,train
train/train/hammer/閿ゅ瓙1249.npy,2,hammer,train
train/train/hammer/閿ゅ瓙1660.npy,2,hammer,train
train/train/hammer/閿ゅ瓙1967.npy,2,hammer,train
train/train/hammer/閿ゅ瓙2641.npy,2,hammer,train
train/train/hammer/閿ゅ瓙2497.npy,2,hammer,train
train/train/hammer/閿ゅ瓙2201.npy,2,hammer,train
train/train/hammer/閿ゅ瓙0414.npy,2,hammer,train
train/train/hammer/閿ゅ瓙3485.npy,2,hammer,train
train/train/hammer/閿ゅ瓙2645.npy,2,hammer,train
train/train/hammer/閿ゅ瓙3335.npy,2,hammer,train
train/train/hammer/閿ゅ瓙0865.npy,2,hammer,train
train/train/hammer/閿ゅ瓙0718.npy,2,hammer,train
train/train/hammer/閿ゅ瓙0673.npy,2,hammer,train
train/train/hammer/閿ゅ瓙3292.npy,2,hammer,train
train/train/hammer/閿ゅ瓙0826.npy,2,hammer,train
train/train/hammer/閿ゅ瓙2000.npy,2,hammer,train
train/train/hammer/閿ゅ瓙3066.npy,2,hammer,train
train/train/hammer/閿ゅ瓙0600.npy,2,hammer,train
train/train/hammer/閿ゅ瓙0138.npy,2,hammer,train
train/train/hammer/閿ゅ瓙1881.npy,2,hammer,train
train/train/hammer/閿ゅ瓙0791.npy,2,hammer,train
train/train/hammer/閿ゅ瓙0615.npy,2,hammer,train
train/train/hammer/閿ゅ瓙2291.npy,2,hammer,train
train/train/hammer/閿ゅ瓙2352.npy,2,hammer,train
train/train/hammer/閿ゅ瓙1171.npy,2,hammer,train
train/train/hammer/閿ゅ瓙0099.npy,2,hammer,train
train/train/hammer/閿ゅ瓙2403.npy,2,hammer,train
train/train/hammer/閿ゅ瓙0539.npy,2,hammer,train
train/train/hammer/閿ゅ瓙2790.npy,2,hammer,train
train/train/hammer/閿ゅ瓙0827.npy,2,hammer,train
train/train/hammer/閿ゅ瓙0796.npy,2,hammer,train
train/train/hammer/閿ゅ瓙1253.npy,2,hammer,train
train/train/hammer/閿ゅ瓙1568.npy,2,hammer,train
train/train/hammer/閿ゅ瓙0884.npy,2,hammer,train
train/train/hammer/閿ゅ瓙0608.npy,2,hammer,train
train/train/hammer/閿ゅ瓙0420.npy,2,hammer,train
train/train/hammer/閿ゅ瓙3438.npy,2,hammer,train
train/train/hammer/閿ゅ瓙0051.npy,2,hammer,train
train/train/hammer/閿ゅ瓙0386.npy,2,hammer,train
train/train/hammer/閿ゅ瓙3498.npy,2,hammer,train
train/train/hammer/閿ゅ瓙3037.npy,2,hammer,train
train/train/hammer/閿ゅ瓙2584.npy,2,hammer,train
train/train/hammer/閿ゅ瓙0395.npy,2,hammer,train
train/train/hammer/閿ゅ瓙2704.npy,2,hammer,train
train/train/hammer/閿ゅ瓙0666.npy,2,hammer,train
train/train/hammer/閿ゅ瓙2232.npy,2,hammer,train
train/train/hammer/閿ゅ瓙0779.npy,2,hammer,train
train/train/hammer/閿ゅ瓙1919.npy,2,hammer,train
train/train/hammer/閿ゅ瓙0801.npy,2,hammer,train
train/train/hammer/閿ゅ瓙0119.npy,2,hammer,train
train/train/hammer/閿ゅ瓙0912.npy,2,hammer,train
train/train/hammer/閿ゅ瓙0357.npy,2,hammer,train
train/train/hammer/閿ゅ瓙1056.npy,2,hammer,train
train/train/hammer/閿ゅ瓙2740.npy,2,hammer,train
train/train/hammer/閿ゅ瓙3263.npy,2,hammer,train
train/train/hammer/閿ゅ瓙0859.npy,2,hammer,train
train/train/hammer/閿ゅ瓙1225.npy,2,hammer,train
train/train/hammer/閿ゅ瓙1852.npy,2,hammer,train
train/train/hammer/閿ゅ瓙1034.npy,2,hammer,train
train/train/hammer/閿ゅ瓙1969.npy,2,hammer,train
train/train/hammer/閿ゅ瓙1238.npy,2,hammer,train
train/train/hammer/閿ゅ瓙2220.npy,2,hammer,train
train/train/hammer/閿ゅ瓙1850.npy,2,hammer,train
train/train/hammer/閿ゅ瓙3206.npy,2,hammer,train
train/train/hammer/閿ゅ瓙0271.npy,2,hammer,train
train/train/hammer/閿ゅ瓙2164.npy,2,hammer,train
train/train/hammer/閿ゅ瓙1102.npy,2,hammer,train
train/train/hammer/閿ゅ瓙0569.npy,2,hammer,train
train/train/hammer/閿ゅ瓙2364.npy,2,hammer,train
train/train/hammer/閿ゅ瓙3276.npy,2,hammer,train
train/train/hammer/閿ゅ瓙1549.npy,2,hammer,train
train/train/hammer/閿ゅ瓙2139.npy,2,hammer,train
train/train/hammer/閿ゅ瓙0284.npy,2,hammer,train
train/train/hammer/閿ゅ瓙2868.npy,2,hammer,train
train/train/hammer/閿ゅ瓙1033.npy,2,hammer,train
train/train/hammer/閿ゅ瓙3591.npy,2,hammer,train
train/train/hammer/閿ゅ瓙2378.npy,2,hammer,train
train/train/hammer/閿ゅ瓙0511.npy,2,hammer,train
train/train/hammer/閿ゅ瓙2565.npy,2,hammer,train
train/train/hammer/閿ゅ瓙3562.npy,2,hammer,train
train/train/hammer/閿ゅ瓙0771.npy,2,hammer,train
train/train/hammer/閿ゅ瓙2509.npy,2,hammer,train
train/train/hammer/閿ゅ瓙0817.npy,2,hammer,train
train/train/hammer/閿ゅ瓙2092.npy,2,hammer,train
train/train/hammer/閿ゅ瓙2752.npy,2,hammer,train
train/train/hammer/閿ゅ瓙2534.npy,2,hammer,train
train/train/hammer/閿ゅ瓙2568.npy,2,hammer,train
train/train/hammer/閿ゅ瓙0334.npy,2,hammer,train
train/train/hammer/閿ゅ瓙3417.npy,2,hammer,train
train/train/hammer/閿ゅ瓙0436.npy,2,hammer,train
train/train/hammer/閿ゅ瓙2014.npy,2,hammer,train
train/train/hammer/閿ゅ瓙0821.npy,2,hammer,train
train/train/hammer/閿ゅ瓙2627.npy,2,hammer,train
train/train/hammer/閿ゅ瓙1636.npy,2,hammer,train
train/train/hammer/閿ゅ瓙2077.npy,2,hammer,train
train/train/hammer/閿ゅ瓙1111.npy,2,hammer,train
train/train/hammer/閿ゅ瓙3227.npy,2,hammer,train
train/train/hammer/閿ゅ瓙0741.npy,2,hammer,train
train/train/hammer/閿ゅ瓙0752.npy,2,hammer,train
train/train/hammer/閿ゅ瓙1960.npy,2,hammer,train
train/train/hammer/閿ゅ瓙1640.npy,2,hammer,train
train/train/hammer/閿ゅ瓙0916.npy,2,hammer,train
train/train/hammer/閿ゅ瓙2131.npy,2,hammer,train
train/train/hammer/閿ゅ瓙3353.npy,2,hammer,train
train/train/hammer/閿ゅ瓙2721.npy,2,hammer,train
train/train/hammer/閿ゅ瓙3416.npy,2,hammer,train
train/train/hammer/閿ゅ瓙1040.npy,2,hammer,train
train/train/hammer/閿ゅ瓙2912.npy,2,hammer,train
train/train/hammer/閿ゅ瓙3136.npy,2,hammer,train
train/train/hammer/閿ゅ瓙1087.npy,2,hammer,train
train/train/hammer/閿ゅ瓙1777.npy,2,hammer,train
train/train/hammer/閿ゅ瓙0033.npy,2,hammer,train
train/train/hammer/閿ゅ瓙2758.npy,2,hammer,train
train/train/hammer/閿ゅ瓙0394.npy,2,hammer,train
train/train/hammer/閿ゅ瓙1771.npy,2,hammer,train
train/train/hammer/閿ゅ瓙3285.npy,2,hammer,train
train/train/hammer/閿ゅ瓙2087.npy,2,hammer,train
train/train/hammer/閿ゅ瓙1049.npy,2,hammer,train
train/train/hammer/閿ゅ瓙0419.npy,2,hammer,train
train/train/hammer/閿ゅ瓙2086.npy,2,hammer,train
train/train/hammer/閿ゅ瓙1005.npy,2,hammer,train
train/train/hammer/閿ゅ瓙1790.npy,2,hammer,train
train/train/hammer/閿ゅ瓙3036.npy,2,hammer,train
train/train/hammer/閿ゅ瓙0720.npy,2,hammer,train
train/train/hammer/閿ゅ瓙3569.npy,2,hammer,train
train/train/hammer/閿ゅ瓙1874.npy,2,hammer,train
train/train/hammer/閿ゅ瓙0381.npy,2,hammer,train
train/train/hammer/閿ゅ瓙1663.npy,2,hammer,train
train/train/hammer/閿ゅ瓙0684.npy,2,hammer,train
train/train/hammer/閿ゅ瓙0509.npy,2,hammer,train
train/train/hammer/閿ゅ瓙2542.npy,2,hammer,train
train/train/hammer/閿ゅ瓙3281.npy,2,hammer,train
train/train/hammer/閿ゅ瓙0446.npy,2,hammer,train
train/train/hammer/閿ゅ瓙2646.npy,2,hammer,train
train/train/hammer/閿ゅ瓙0044.npy,2,hammer,train
train/train/hammer/閿ゅ瓙3008.npy,2,hammer,train
train/train/hammer/閿ゅ瓙3225.npy,2,hammer,train
train/train/hammer/閿ゅ瓙0263.npy,2,hammer,train
train/train/hammer/閿ゅ瓙3253.npy,2,hammer,train
train/train/hammer/閿ゅ瓙1797.npy,2,hammer,train
train/train/hammer/閿ゅ瓙0430.npy,2,hammer,train
train/train/hammer/閿ゅ瓙2501.npy,2,hammer,train
train/train/hammer/閿ゅ瓙0229.npy,2,hammer,train
train/train/hammer/閿ゅ瓙3570.npy,2,hammer,train
train/train/hammer/閿ゅ瓙0703.npy,2,hammer,train
train/train/hammer/閿ゅ瓙2528.npy,2,hammer,train
train/train/hammer/閿ゅ瓙1829.npy,2,hammer,train
train/train/hammer/閿ゅ瓙3257.npy,2,hammer,train
train/train/hammer/閿ゅ瓙3159.npy,2,hammer,train
train/train/hammer/閿ゅ瓙0053.npy,2,hammer,train
train/train/hammer/閿ゅ瓙3595.npy,2,hammer,train
train/train/hammer/閿ゅ瓙1235.npy,2,hammer,train
train/train/hammer/閿ゅ瓙0189.npy,2,hammer,train
train/train/hammer/閿ゅ瓙0748.npy,2,hammer,train
train/train/hammer/閿ゅ瓙1840.npy,2,hammer,train
train/train/hammer/閿ゅ瓙2411.npy,2,hammer,train
train/train/hammer/閿ゅ瓙0039.npy,2,hammer,train
train/train/hammer/閿ゅ瓙1110.npy,2,hammer,train
train/train/hammer/閿ゅ瓙3505.npy,2,hammer,train
train/train/hammer/閿ゅ瓙0010.npy,2,hammer,train
train/train/hammer/閿ゅ瓙1853.npy,2,hammer,train
train/train/hammer/閿ゅ瓙2899.npy,2,hammer,train
train/train/hammer/閿ゅ瓙1837.npy,2,hammer,train
train/train/hammer/閿ゅ瓙1964.npy,2,hammer,train
train/train/hammer/閿ゅ瓙2481.npy,2,hammer,train
train/train/hammer/閿ゅ瓙2382.npy,2,hammer,train
train/train/hammer/閿ゅ瓙3117.npy,2,hammer,train
train/train/hammer/閿ゅ瓙0027.npy,2,hammer,train
train/train/hammer/閿ゅ瓙0885.npy,2,hammer,train
train/train/hammer/閿ゅ瓙0841.npy,2,hammer,train
train/train/hammer/閿ゅ瓙1745.npy,2,hammer,train
train/train/hammer/閿ゅ瓙0091.npy,2,hammer,train
train/train/hammer/閿ゅ瓙0177.npy,2,hammer,train
train/train/hammer/閿ゅ瓙2248.npy,2,hammer,train
train/train/hammer/閿ゅ瓙0629.npy,2,hammer,train
train/train/hammer/閿ゅ瓙2506.npy,2,hammer,train
train/train/hammer/閿ゅ瓙2167.npy,2,hammer,train
train/train/hammer/閿ゅ瓙2228.npy,2,hammer,train
train/train/hammer/閿ゅ瓙2175.npy,2,hammer,train
train/train/hammer/閿ゅ瓙2446.npy,2,hammer,train
train/train/hammer/閿ゅ瓙1602.npy,2,hammer,train
train/train/hammer/閿ゅ瓙1878.npy,2,hammer,train
train/train/hammer/閿ゅ瓙0938.npy,2,hammer,train
train/train/hammer/閿ゅ瓙1203.npy,2,hammer,train
train/train/hammer/閿ゅ瓙0149.npy,2,hammer,train
train/train/hammer/閿ゅ瓙1822.npy,2,hammer,train
train/train/hammer/閿ゅ瓙1248.npy,2,hammer,train
train/train/hammer/閿ゅ瓙3291.npy,2,hammer,train
train/train/hammer/閿ゅ瓙2531.npy,2,hammer,train
train/train/hammer/閿ゅ瓙1252.npy,2,hammer,train
train/train/hammer/閿ゅ瓙3069.npy,2,hammer,train
train/train/hammer/閿ゅ瓙1578.npy,2,hammer,train
train/train/hammer/閿ゅ瓙1545.npy,2,hammer,train
train/train/hammer/閿ゅ瓙3129.npy,2,hammer,train
train/train/hammer/閿ゅ瓙3430.npy,2,hammer,train
train/train/hammer/閿ゅ瓙1776.npy,2,hammer,train
train/train/hammer/閿ゅ瓙1671.npy,2,hammer,train
train/train/hammer/閿ゅ瓙0576.npy,2,hammer,train
train/train/hammer/閿ゅ瓙2883.npy,2,hammer,train
train/train/hammer/閿ゅ瓙3495.npy,2,hammer,train
train/train/hammer/閿ゅ瓙2159.npy,2,hammer,train
train/train/hammer/閿ゅ瓙3025.npy,2,hammer,train
train/train/hammer/閿ゅ瓙0610.npy,2,hammer,train
train/train/hammer/閿ゅ瓙1202.npy,2,hammer,train
train/train/hammer/閿ゅ瓙3571.npy,2,hammer,train
train/train/hammer/閿ゅ瓙0316.npy,2,hammer,train
train/train/hammer/閿ゅ瓙2149.npy,2,hammer,train
train/train/hammer/閿ゅ瓙0860.npy,2,hammer,train
train/train/hammer/閿ゅ瓙2755.npy,2,hammer,train
train/train/hammer/閿ゅ瓙0291.npy,2,hammer,train
train/train/hammer/閿ゅ瓙3072.npy,2,hammer,train
train/train/hammer/閿ゅ瓙2136.npy,2,hammer,train
train/train/hammer/閿ゅ瓙0685.npy,2,hammer,train
train/train/hammer/閿ゅ瓙3108.npy,2,hammer,train
train/train/hammer/閿ゅ瓙2320.npy,2,hammer,train
train/train/hammer/閿ゅ瓙0661.npy,2,hammer,train
train/train/hammer/閿ゅ瓙3558.npy,2,hammer,train
train/train/hammer/閿ゅ瓙3175.npy,2,hammer,train
train/train/hammer/閿ゅ瓙0416.npy,2,hammer,train
train/train/hammer/閿ゅ瓙2787.npy,2,hammer,train
train/train/hammer/閿ゅ瓙0232.npy,2,hammer,train
train/train/hammer/閿ゅ瓙3007.npy,2,hammer,train
train/train/hammer/閿ゅ瓙0758.npy,2,hammer,train
train/train/hammer/閿ゅ瓙1120.npy,2,hammer,train
train/train/hammer/閿ゅ瓙2182.npy,2,hammer,train
train/train/hammer/閿ゅ瓙1805.npy,2,hammer,train
train/train/hammer/閿ゅ瓙0335.npy,2,hammer,train
train/train/hammer/閿ゅ瓙2380.npy,2,hammer,train
train/train/hammer/閿ゅ瓙1695.npy,2,hammer,train
train/train/hammer/閿ゅ瓙2362.npy,2,hammer,train
train/train/hammer/閿ゅ瓙2016.npy,2,hammer,train
train/train/hammer/閿ゅ瓙2789.npy,2,hammer,train
train/train/hammer/閿ゅ瓙3337.npy,2,hammer,train
train/train/hammer/閿ゅ瓙0160.npy,2,hammer,train
train/train/hammer/閿ゅ瓙1820.npy,2,hammer,train
train/train/hammer/閿ゅ瓙1778.npy,2,hammer,train
train/train/hammer/閿ゅ瓙2221.npy,2,hammer,train
train/train/hammer/閿ゅ瓙0083.npy,2,hammer,train
train/train/hammer/閿ゅ瓙2177.npy,2,hammer,train
train/train/hammer/閿ゅ瓙1937.npy,2,hammer,train
train/train/hammer/閿ゅ瓙3486.npy,2,hammer,train
train/train/hammer/閿ゅ瓙3393.npy,2,hammer,train
train/train/hammer/閿ゅ瓙1237.npy,2,hammer,train
train/train/hammer/閿ゅ瓙2255.npy,2,hammer,train
train/train/hammer/閿ゅ瓙2394.npy,2,hammer,train
train/train/hammer/閿ゅ瓙1884.npy,2,hammer,train
train/train/hammer/閿ゅ瓙1838.npy,2,hammer,train
train/train/hammer/閿ゅ瓙1923.npy,2,hammer,train
train/train/hammer/閿ゅ瓙2395.npy,2,hammer,train
train/train/hammer/閿ゅ瓙1947.npy,2,hammer,train
train/train/hammer/閿ゅ瓙3107.npy,2,hammer,train
train/train/hammer/閿ゅ瓙2069.npy,2,hammer,train
train/train/hammer/閿ゅ瓙3561.npy,2,hammer,train
train/train/hammer/閿ゅ瓙0003.npy,2,hammer,train
train/train/hammer/閿ゅ瓙1741.npy,2,hammer,train
train/train/hammer/閿ゅ瓙3237.npy,2,hammer,train
train/train/hammer/閿ゅ瓙1109.npy,2,hammer,train
train/train/hammer/閿ゅ瓙0890.npy,2,hammer,train
train/train/hammer/閿ゅ瓙3532.npy,2,hammer,train
train/train/hammer/閿ゅ瓙1961.npy,2,hammer,train
train/train/hammer/閿ゅ瓙2245.npy,2,hammer,train
train/train/hammer/閿ゅ瓙0336.npy,2,hammer,train
train/train/hammer/閿ゅ瓙2020.npy,2,hammer,train
train/train/hammer/閿ゅ瓙3163.npy,2,hammer,train
train/train/hammer/閿ゅ瓙2421.npy,2,hammer,train
train/train/hammer/閿ゅ瓙1626.npy,2,hammer,train
train/train/hammer/閿ゅ瓙0683.npy,2,hammer,train
train/train/hammer/閿ゅ瓙0373.npy,2,hammer,train
train/train/hammer/閿ゅ瓙0495.npy,2,hammer,train
train/train/hammer/閿ゅ瓙2346.npy,2,hammer,train
train/train/hammer/閿ゅ瓙2927.npy,2,hammer,train
train/train/hammer/閿ゅ瓙1066.npy,2,hammer,train
train/train/hammer/閿ゅ瓙2449.npy,2,hammer,train
train/train/hammer/閿ゅ瓙1668.npy,2,hammer,train
train/train/hammer/閿ゅ瓙1627.npy,2,hammer,train
train/train/hammer/閿ゅ瓙1762.npy,2,hammer,train
train/train/hammer/閿ゅ瓙0358.npy,2,hammer,train
train/train/hammer/閿ゅ瓙3578.npy,2,hammer,train
train/train/hammer/閿ゅ瓙1268.npy,2,hammer,train
train/train/hammer/閿ゅ瓙0516.npy,2,hammer,train
train/train/hammer/閿ゅ瓙0611.npy,2,hammer,train
train/train/hammer/閿ゅ瓙2472.npy,2,hammer,train
train/train/hammer/閿ゅ瓙1141.npy,2,hammer,train
train/train/hammer/閿ゅ瓙2863.npy,2,hammer,train
train/train/hammer/閿ゅ瓙2173.npy,2,hammer,train
train/train/hammer/閿ゅ瓙0897.npy,2,hammer,train
train/train/hammer/閿ゅ瓙3233.npy,2,hammer,train
train/train/hammer/閿ゅ瓙0553.npy,2,hammer,train
train/train/hammer/閿ゅ瓙0811.npy,2,hammer,train
train/train/hammer/閿ゅ瓙0622.npy,2,hammer,train
train/train/hammer/閿ゅ瓙3328.npy,2,hammer,train
train/train/hammer/閿ゅ瓙0454.npy,2,hammer,train
train/train/hammer/閿ゅ瓙3331.npy,2,hammer,train
train/train/hammer/閿ゅ瓙2502.npy,2,hammer,train
train/train/hammer/閿ゅ瓙3073.npy,2,hammer,train
train/train/hammer/閿ゅ瓙0171.npy,2,hammer,train
train/train/hammer/閿ゅ瓙2375.npy,2,hammer,train
train/train/hammer/閿ゅ瓙1940.npy,2,hammer,train
train/train/hammer/閿ゅ瓙2779.npy,2,hammer,train
train/train/hammer/閿ゅ瓙2575.npy,2,hammer,train
train/train/hammer/閿ゅ瓙0180.npy,2,hammer,train
train/train/hammer/閿ゅ瓙3351.npy,2,hammer,train
train/train/hammer/閿ゅ瓙2859.npy,2,hammer,train
train/train/hammer/閿ゅ瓙1743.npy,2,hammer,train
train/train/hammer/閿ゅ瓙1127.npy,2,hammer,train
train/train/hammer/閿ゅ瓙2467.npy,2,hammer,train
train/train/hammer/閿ゅ瓙2227.npy,2,hammer,train
train/train/hammer/閿ゅ瓙0274.npy,2,hammer,train
train/train/hammer/閿ゅ瓙1254.npy,2,hammer,train
train/train/hammer/閿ゅ瓙0066.npy,2,hammer,train
train/train/hammer/閿ゅ瓙0173.npy,2,hammer,train
train/train/hammer/閿ゅ瓙0630.npy,2,hammer,train
train/train/hammer/閿ゅ瓙3035.npy,2,hammer,train
train/train/hammer/閿ゅ瓙2299.npy,2,hammer,train
train/train/hammer/閿ゅ瓙2268.npy,2,hammer,train
train/train/hammer/閿ゅ瓙2054.npy,2,hammer,train
train/train/hammer/閿ゅ瓙1162.npy,2,hammer,train
train/train/hammer/閿ゅ瓙2089.npy,2,hammer,train
train/train/hammer/閿ゅ瓙1085.npy,2,hammer,train
train/train/hammer/閿ゅ瓙2600.npy,2,hammer,train
train/train/hammer/閿ゅ瓙2294.npy,2,hammer,train
train/train/hammer/閿ゅ瓙0505.npy,2,hammer,train
train/train/hammer/閿ゅ瓙0489.npy,2,hammer,train
train/train/hammer/閿ゅ瓙3022.npy,2,hammer,train
train/train/hammer/閿ゅ瓙3212.npy,2,hammer,train
train/train/hammer/閿ゅ瓙2559.npy,2,hammer,train
train/train/hammer/閿ゅ瓙0710.npy,2,hammer,train
train/train/hammer/閿ゅ瓙0877.npy,2,hammer,train
train/train/hammer/閿ゅ瓙0387.npy,2,hammer,train
train/train/hammer/閿ゅ瓙2987.npy,2,hammer,train
train/train/hammer/閿ゅ瓙2713.npy,2,hammer,train
train/train/hammer/閿ゅ瓙3279.npy,2,hammer,train
train/train/hammer/閿ゅ瓙3086.npy,2,hammer,train
train/train/hammer/閿ゅ瓙3463.npy,2,hammer,train
train/train/hammer/閿ゅ瓙0351.npy,2,hammer,train
train/train/hammer/閿ゅ瓙3538.npy,2,hammer,train
train/train/hammer/閿ゅ瓙0029.npy,2,hammer,train
train/train/hammer/閿ゅ瓙0974.npy,2,hammer,train
train/train/hammer/閿ゅ瓙2656.npy,2,hammer,train
train/train/hammer/閿ゅ瓙3553.npy,2,hammer,train
train/train/hammer/閿ゅ瓙2516.npy,2,hammer,train
train/train/hammer/閿ゅ瓙2209.npy,2,hammer,train
train/train/hammer/閿ゅ瓙0831.npy,2,hammer,train
train/train/hammer/閿ゅ瓙2496.npy,2,hammer,train
train/train/hammer/閿ゅ瓙1050.npy,2,hammer,train
train/train/hammer/閿ゅ瓙1659.npy,2,hammer,train
train/train/hammer/閿ゅ瓙1600.npy,2,hammer,train
train/train/hammer/閿ゅ瓙2144.npy,2,hammer,train
train/train/hammer/閿ゅ瓙0089.npy,2,hammer,train
train/train/hammer/閿ゅ瓙3511.npy,2,hammer,train
train/train/hammer/閿ゅ瓙0475.npy,2,hammer,train
train/train/hammer/閿ゅ瓙0134.npy,2,hammer,train
train/train/hammer/閿ゅ瓙1798.npy,2,hammer,train
train/train/hammer/閿ゅ瓙2350.npy,2,hammer,train
train/train/hammer/閿ゅ瓙3223.npy,2,hammer,train
train/train/hammer/閿ゅ瓙3525.npy,2,hammer,train
train/train/hammer/閿ゅ瓙0199.npy,2,hammer,train
train/train/hammer/閿ゅ瓙2727.npy,2,hammer,train
train/train/hammer/閿ゅ瓙2451.npy,2,hammer,train
train/train/hammer/閿ゅ瓙1589.npy,2,hammer,train
train/train/hammer/閿ゅ瓙0565.npy,2,hammer,train
train/train/hammer/閿ゅ瓙1971.npy,2,hammer,train
train/train/hammer/閿ゅ瓙0490.npy,2,hammer,train
train/train/hammer/閿ゅ瓙1997.npy,2,hammer,train
train/train/hammer/閿ゅ瓙2925.npy,2,hammer,train
train/train/hammer/閿ゅ瓙0140.npy,2,hammer,train
train/train/hammer/閿ゅ瓙2885.npy,2,hammer,train
train/train/hammer/閿ゅ瓙3095.npy,2,hammer,train
train/train/hammer/閿ゅ瓙2644.npy,2,hammer,train
train/train/hammer/閿ゅ瓙1014.npy,2,hammer,train
train/train/hammer/閿ゅ瓙3311.npy,2,hammer,train
train/train/hammer/閿ゅ瓙3004.npy,2,hammer,train
train/train/hammer/閿ゅ瓙2729.npy,2,hammer,train
train/train/hammer/閿ゅ瓙0929.npy,2,hammer,train
train/train/hammer/閿ゅ瓙2526.npy,2,hammer,train
train/train/hammer/閿ゅ瓙0621.npy,2,hammer,train
train/train/hammer/閿ゅ瓙3419.npy,2,hammer,train
train/train/hammer/閿ゅ瓙0096.npy,2,hammer,train
train/train/hammer/閿ゅ瓙0930.npy,2,hammer,train
train/train/hammer/閿ゅ瓙2795.npy,2,hammer,train
train/train/hammer/閿ゅ瓙2567.npy,2,hammer,train
train/train/hammer/閿ゅ瓙2329.npy,2,hammer,train
train/train/hammer/閿ゅ瓙2032.npy,2,hammer,train
train/train/hammer/閿ゅ瓙1948.npy,2,hammer,train
train/train/hammer/閿ゅ瓙1657.npy,2,hammer,train
train/train/hammer/閿ゅ瓙0472.npy,2,hammer,train
train/train/hammer/閿ゅ瓙1867.npy,2,hammer,train
train/train/hammer/閿ゅ瓙2356.npy,2,hammer,train
train/train/hammer/閿ゅ瓙0227.npy,2,hammer,train
train/train/hammer/閿ゅ瓙0564.npy,2,hammer,train
train/train/hammer/閿ゅ瓙0233.npy,2,hammer,train
train/train/hammer/閿ゅ瓙0308.npy,2,hammer,train
train/train/hammer/閿ゅ瓙3151.npy,2,hammer,train
train/train/hammer/閿ゅ瓙0501.npy,2,hammer,train
train/train/hammer/閿ゅ瓙0329.npy,2,hammer,train
train/train/hammer/閿ゅ瓙0062.npy,2,hammer,train
train/train/hammer/閿ゅ瓙1223.npy,2,hammer,train
train/train/hammer/閿ゅ瓙1724.npy,2,hammer,train
train/train/hammer/閿ゅ瓙2803.npy,2,hammer,train
train/train/hammer/閿ゅ瓙3588.npy,2,hammer,train
train/train/hammer/閿ゅ瓙0070.npy,2,hammer,train
train/train/hammer/閿ゅ瓙0906.npy,2,hammer,train
train/train/hammer/閿ゅ瓙1603.npy,2,hammer,train
train/train/hammer/閿ゅ瓙2465.npy,2,hammer,train
train/train/hammer/閿ゅ瓙1630.npy,2,hammer,train
train/train/hammer/閿ゅ瓙0340.npy,2,hammer,train
train/train/hammer/閿ゅ瓙2525.npy,2,hammer,train
train/train/hammer/閿ゅ瓙0519.npy,2,hammer,train
train/train/hammer/閿ゅ瓙1605.npy,2,hammer,train
train/train/hammer/閿ゅ瓙0456.npy,2,hammer,train
train/train/hammer/閿ゅ瓙1246.npy,2,hammer,train
train/train/hammer/閿ゅ瓙0296.npy,2,hammer,train
train/train/hammer/閿ゅ瓙3355.npy,2,hammer,train
train/train/hammer/閿ゅ瓙3104.npy,2,hammer,train
train/train/hammer/閿ゅ瓙2491.npy,2,hammer,train
train/train/hammer/閿ゅ瓙0117.npy,2,hammer,train
train/train/hammer/閿ゅ瓙0310.npy,2,hammer,train
train/train/hammer/閿ゅ瓙3300.npy,2,hammer,train
train/train/hammer/閿ゅ瓙0544.npy,2,hammer,train
train/train/hammer/閿ゅ瓙0494.npy,2,hammer,train
train/train/hammer/閿ゅ瓙1995.npy,2,hammer,train
train/train/hammer/閿ゅ瓙2833.npy,2,hammer,train
train/train/hammer/閿ゅ瓙0389.npy,2,hammer,train
train/train/hammer/閿ゅ瓙3160.npy,2,hammer,train
train/train/hammer/閿ゅ瓙0112.npy,2,hammer,train
train/train/hammer/閿ゅ瓙0201.npy,2,hammer,train
train/train/hammer/閿ゅ瓙2258.npy,2,hammer,train
train/train/hammer/閿ゅ瓙0846.npy,2,hammer,train
train/train/hammer/閿ゅ瓙2722.npy,2,hammer,train
train/train/hammer/閿ゅ瓙3138.npy,2,hammer,train
train/train/hammer/閿ゅ瓙2670.npy,2,hammer,train
train/train/hammer/閿ゅ瓙2440.npy,2,hammer,train
train/train/hammer/閿ゅ瓙3582.npy,2,hammer,train
train/train/hammer/閿ゅ瓙3051.npy,2,hammer,train
train/train/hammer/閿ゅ瓙2334.npy,2,hammer,train
train/train/hammer/閿ゅ瓙1599.npy,2,hammer,train
train/train/hammer/閿ゅ瓙0301.npy,2,hammer,train
train/train/hammer/閿ゅ瓙2466.npy,2,hammer,train
train/train/hammer/閿ゅ瓙2402.npy,2,hammer,train
train/train/hammer/閿ゅ瓙2967.npy,2,hammer,train
train/train/hammer/閿ゅ瓙3537.npy,2,hammer,train
train/train/hammer/閿ゅ瓙2703.npy,2,hammer,train
train/train/hammer/閿ゅ瓙3587.npy,2,hammer,train
train/train/hammer/閿ゅ瓙2344.npy,2,hammer,train
train/train/hammer/閿ゅ瓙0914.npy,2,hammer,train
train/train/hammer/閿ゅ瓙3140.npy,2,hammer,train
train/train/hammer/閿ゅ瓙3453.npy,2,hammer,train
train/train/hammer/閿ゅ瓙2918.npy,2,hammer,train
train/train/hammer/閿ゅ瓙2671.npy,2,hammer,train
train/train/hammer/閿ゅ瓙3325.npy,2,hammer,train
train/train/hammer/閿ゅ瓙1121.npy,2,hammer,train
train/train/hammer/閿ゅ瓙1158.npy,2,hammer,train
train/train/hammer/閿ゅ瓙2416.npy,2,hammer,train
train/train/hammer/閿ゅ瓙2253.npy,2,hammer,train
train/train/hammer/閿ゅ瓙0968.npy,2,hammer,train
train/train/hammer/閿ゅ瓙2211.npy,2,hammer,train
train/train/hammer/閿ゅ瓙2959.npy,2,hammer,train
train/train/hammer/閿ゅ瓙2756.npy,2,hammer,train
train/train/hammer/閿ゅ瓙0052.npy,2,hammer,train
train/train/hammer/閿ゅ瓙3192.npy,2,hammer,train
train/train/hammer/閿ゅ瓙2307.npy,2,hammer,train
train/train/hammer/閿ゅ瓙1193.npy,2,hammer,train
train/train/hammer/閿ゅ瓙2257.npy,2,hammer,train
train/train/hammer/閿ゅ瓙0207.npy,2,hammer,train
train/train/hammer/閿ゅ瓙0588.npy,2,hammer,train
train/train/hammer/閿ゅ瓙3316.npy,2,hammer,train
train/train/hammer/閿ゅ瓙0172.npy,2,hammer,train
train/train/hammer/閿ゅ瓙1123.npy,2,hammer,train
train/train/hammer/閿ゅ瓙3154.npy,2,hammer,train
train/train/hammer/閿ゅ瓙2172.npy,2,hammer,train
train/train/hammer/閿ゅ瓙2674.npy,2,hammer,train
train/train/hammer/閿ゅ瓙1959.npy,2,hammer,train
train/train/hammer/閿ゅ瓙0566.npy,2,hammer,train
train/train/hammer/閿ゅ瓙0124.npy,2,hammer,train
train/train/hammer/閿ゅ瓙3196.npy,2,hammer,train
train/train/hammer/閿ゅ瓙1691.npy,2,hammer,train
train/train/hammer/閿ゅ瓙1160.npy,2,hammer,train
train/train/hammer/閿ゅ瓙2374.npy,2,hammer,train
train/train/hammer/閿ゅ瓙1165.npy,2,hammer,train
train/train/hammer/閿ゅ瓙2556.npy,2,hammer,train
train/train/hammer/閿ゅ瓙0767.npy,2,hammer,train
train/train/hammer/閿ゅ瓙1567.npy,2,hammer,train
train/train/hammer/閿ゅ瓙2825.npy,2,hammer,train
train/train/hammer/閿ゅ瓙1039.npy,2,hammer,train
train/train/hammer/閿ゅ瓙2706.npy,2,hammer,train
train/train/hammer/閿ゅ瓙0706.npy,2,hammer,train
train/train/hammer/閿ゅ瓙1941.npy,2,hammer,train
train/train/hammer/閿ゅ瓙2648.npy,2,hammer,train
train/train/hammer/閿ゅ瓙3548.npy,2,hammer,train
train/train/hammer/閿ゅ瓙1189.npy,2,hammer,train
train/train/hammer/閿ゅ瓙0570.npy,2,hammer,train
train/train/hammer/閿ゅ瓙3440.npy,2,hammer,train
train/train/hammer/閿ゅ瓙0735.npy,2,hammer,train
train/train/hammer/閿ゅ瓙2869.npy,2,hammer,train
train/train/hammer/閿ゅ瓙2196.npy,2,hammer,train
train/train/hammer/閿ゅ瓙0293.npy,2,hammer,train
train/train/hammer/閿ゅ瓙0999.npy,2,hammer,train
train/train/hammer/閿ゅ瓙0080.npy,2,hammer,train
train/train/hammer/閿ゅ瓙0350.npy,2,hammer,train
train/train/hammer/閿ゅ瓙2816.npy,2,hammer,train
train/train/hammer/閿ゅ瓙2418.npy,2,hammer,train
train/train/hammer/閿ゅ瓙0356.npy,2,hammer,train
train/train/hammer/閿ゅ瓙0487.npy,2,hammer,train
train/train/hammer/閿ゅ瓙0737.npy,2,hammer,train
train/train/hammer/閿ゅ瓙0247.npy,2,hammer,train
train/train/hammer/閿ゅ瓙0728.npy,2,hammer,train
train/train/hammer/閿ゅ瓙2850.npy,2,hammer,train
train/train/hammer/閿ゅ瓙1090.npy,2,hammer,train
train/train/hammer/閿ゅ瓙3269.npy,2,hammer,train
train/train/hammer/閿ゅ瓙0502.npy,2,hammer,train
train/train/hammer/閿ゅ瓙2905.npy,2,hammer,train
train/train/hammer/閿ゅ瓙2658.npy,2,hammer,train
train/train/hammer/閿ゅ瓙2843.npy,2,hammer,train
train/train/hammer/閿ゅ瓙0965.npy,2,hammer,train
train/train/hammer/閿ゅ瓙1725.npy,2,hammer,train
train/train/hammer/閿ゅ瓙3360.npy,2,hammer,train
train/train/hammer/閿ゅ瓙3124.npy,2,hammer,train
train/train/hammer/閿ゅ瓙3017.npy,2,hammer,train
train/train/hammer/閿ゅ瓙2807.npy,2,hammer,train
train/train/hammer/閿ゅ瓙1222.npy,2,hammer,train
train/train/hammer/閿ゅ瓙0883.npy,2,hammer,train
train/train/hammer/閿ゅ瓙0870.npy,2,hammer,train
train/train/hammer/閿ゅ瓙0474.npy,2,hammer,train
train/train/hammer/閿ゅ瓙2448.npy,2,hammer,train
train/train/hammer/閿ゅ瓙1065.npy,2,hammer,train
train/train/hammer/閿ゅ瓙2415.npy,2,hammer,train
train/train/hammer/閿ゅ瓙2986.npy,2,hammer,train
train/train/hammer/閿ゅ瓙3111.npy,2,hammer,train
train/train/hammer/閿ゅ瓙1606.npy,2,hammer,train
train/train/hammer/閿ゅ瓙2039.npy,2,hammer,train
train/train/hammer/閿ゅ瓙0478.npy,2,hammer,train
train/train/hammer/閿ゅ瓙3583.npy,2,hammer,train
train/train/hammer/閿ゅ瓙3251.npy,2,hammer,train
train/train/hammer/閿ゅ瓙3428.npy,2,hammer,train
train/train/hammer/閿ゅ瓙3375.npy,2,hammer,train
train/train/hammer/閿ゅ瓙3312.npy,2,hammer,train
train/train/hammer/閿ゅ瓙0797.npy,2,hammer,train
train/train/hammer/閿ゅ瓙2972.npy,2,hammer,train
train/train/hammer/閿ゅ瓙2236.npy,2,hammer,train
train/train/hammer/閿ゅ瓙2666.npy,2,hammer,train
train/train/hammer/閿ゅ瓙0313.npy,2,hammer,train
train/train/hammer/閿ゅ瓙2223.npy,2,hammer,train
train/train/hammer/閿ゅ瓙2179.npy,2,hammer,train
train/train/hammer/閿ゅ瓙2174.npy,2,hammer,train
train/train/hammer/閿ゅ瓙0524.npy,2,hammer,train
train/train/hammer/閿ゅ瓙1153.npy,2,hammer,train
train/train/hammer/閿ゅ瓙2337.npy,2,hammer,train
train/train/hammer/閿ゅ瓙3560.npy,2,hammer,train
train/train/hammer/閿ゅ瓙2909.npy,2,hammer,train
train/train/hammer/閿ゅ瓙1677.npy,2,hammer,train
train/train/hammer/閿ゅ瓙0346.npy,2,hammer,train
train/train/hammer/閿ゅ瓙0864.npy,2,hammer,train
train/train/hammer/閿ゅ瓙3133.npy,2,hammer,train
train/train/hammer/閿ゅ瓙2710.npy,2,hammer,train
train/train/hammer/閿ゅ瓙0532.npy,2,hammer,train
train/train/hammer/閿ゅ瓙1026.npy,2,hammer,train
train/train/hammer/閿ゅ瓙0878.npy,2,hammer,train
train/train/hammer/閿ゅ瓙0480.npy,2,hammer,train
train/train/hammer/閿ゅ瓙2848.npy,2,hammer,train
train/train/hammer/閿ゅ瓙2518.npy,2,hammer,train
train/train/hammer/閿ゅ瓙0812.npy,2,hammer,train
train/train/hammer/閿ゅ瓙2906.npy,2,hammer,train
train/train/hammer/閿ゅ瓙0925.npy,2,hammer,train
train/train/hammer/閿ゅ瓙2239.npy,2,hammer,train
train/train/hammer/閿ゅ瓙2414.npy,2,hammer,train
train/train/hammer/閿ゅ瓙3241.npy,2,hammer,train
train/train/hammer/閿ゅ瓙2155.npy,2,hammer,train
train/train/hammer/閿ゅ瓙3282.npy,2,hammer,train
train/train/hammer/閿ゅ瓙0764.npy,2,hammer,train
train/train/hammer/閿ゅ瓙0220.npy,2,hammer,train
train/train/hammer/閿ゅ瓙3491.npy,2,hammer,train
train/train/hammer/閿ゅ瓙0936.npy,2,hammer,train
train/train/hammer/閿ゅ瓙2763.npy,2,hammer,train
train/train/hammer/閿ゅ瓙2147.npy,2,hammer,train
train/train/hammer/閿ゅ瓙2088.npy,2,hammer,train
train/train/hammer/閿ゅ瓙1898.npy,2,hammer,train
train/train/hammer/閿ゅ瓙2723.npy,2,hammer,train
train/train/hammer/閿ゅ瓙2137.npy,2,hammer,train
train/train/hammer/閿ゅ瓙1920.npy,2,hammer,train
train/train/hammer/閿ゅ瓙2269.npy,2,hammer,train
train/train/hammer/閿ゅ瓙3216.npy,2,hammer,train
train/train/hammer/閿ゅ瓙2977.npy,2,hammer,train
train/train/hammer/閿ゅ瓙3113.npy,2,hammer,train
train/train/hammer/閿ゅ瓙1970.npy,2,hammer,train
train/train/hammer/閿ゅ瓙2811.npy,2,hammer,train
train/train/hammer/閿ゅ瓙0709.npy,2,hammer,train
train/train/hammer/閿ゅ瓙0712.npy,2,hammer,train
train/train/hammer/閿ゅ瓙2576.npy,2,hammer,train
train/train/hammer/閿ゅ瓙3034.npy,2,hammer,train
train/train/hammer/閿ゅ瓙2660.npy,2,hammer,train
train/train/hammer/閿ゅ瓙3512.npy,2,hammer,train
train/train/hammer/閿ゅ瓙0823.npy,2,hammer,train
train/train/hammer/閿ゅ瓙1574.npy,2,hammer,train
train/train/hammer/閿ゅ瓙0964.npy,2,hammer,train
train/train/hammer/閿ゅ瓙2548.npy,2,hammer,train
train/train/hammer/閿ゅ瓙2461.npy,2,hammer,train
train/train/hammer/閿ゅ瓙2523.npy,2,hammer,train
train/train/hammer/閿ゅ瓙0552.npy,2,hammer,train
train/train/hammer/閿ゅ瓙3181.npy,2,hammer,train
train/train/hammer/閿ゅ瓙1561.npy,2,hammer,train
train/train/hammer/閿ゅ瓙1132.npy,2,hammer,train
train/train/hammer/閿ゅ瓙2663.npy,2,hammer,train
train/train/hammer/閿ゅ瓙2593.npy,2,hammer,train
train/train/hammer/閿ゅ瓙1688.npy,2,hammer,train
train/train/hammer/閿ゅ瓙3422.npy,2,hammer,train
train/train/hammer/閿ゅ瓙1616.npy,2,hammer,train
train/train/hammer/閿ゅ瓙1044.npy,2,hammer,train
train/train/hammer/閿ゅ瓙0122.npy,2,hammer,train
train/train/hammer/閿ゅ瓙2404.npy,2,hammer,train
train/train/hammer/閿ゅ瓙0148.npy,2,hammer,train
train/train/hammer/閿ゅ瓙0031.npy,2,hammer,train
train/train/hammer/閿ゅ瓙0327.npy,2,hammer,train
train/train/hammer/閿ゅ瓙0586.npy,2,hammer,train
train/train/hammer/閿ゅ瓙1751.npy,2,hammer,train
train/train/hammer/閿ゅ瓙0106.npy,2,hammer,train
train/train/hammer/閿ゅ瓙2606.npy,2,hammer,train
train/train/hammer/閿ゅ瓙0678.npy,2,hammer,train
train/train/hammer/閿ゅ瓙0934.npy,2,hammer,train
train/train/hammer/閿ゅ瓙0743.npy,2,hammer,train
train/train/hammer/閿ゅ瓙3134.npy,2,hammer,train
train/train/hammer/閿ゅ瓙2714.npy,2,hammer,train
train/train/hammer/閿ゅ瓙1753.npy,2,hammer,train
train/train/hammer/閿ゅ瓙2751.npy,2,hammer,train
train/train/hammer/閿ゅ瓙0365.npy,2,hammer,train
train/train/hammer/閿ゅ瓙1251.npy,2,hammer,train
train/train/hammer/閿ゅ瓙2277.npy,2,hammer,train
train/train/hammer/閿ゅ瓙2083.npy,2,hammer,train
train/train/hammer/閿ゅ瓙3054.npy,2,hammer,train
