mat_path,label,label_name,start,end,split
train_x.npy#0,0,0,0,512,train
train_x.npy#1,1,1,0,512,train
train_x.npy#2,0,0,0,512,train
train_x.npy#3,0,0,0,512,train
train_x.npy#4,0,0,0,512,train
train_x.npy#5,0,0,0,512,train
train_x.npy#6,0,0,0,512,train
train_x.npy#7,0,0,0,512,train
train_x.npy#8,0,0,0,512,train
train_x.npy#9,0,0,0,512,train
train_x.npy#10,1,1,0,512,train
train_x.npy#11,0,0,0,512,train
train_x.npy#12,1,1,0,512,train
train_x.npy#13,1,1,0,512,train
train_x.npy#14,0,0,0,512,train
train_x.npy#15,1,1,0,512,train
train_x.npy#16,0,0,0,512,train
train_x.npy#17,0,0,0,512,train
train_x.npy#18,0,0,0,512,train
train_x.npy#19,0,0,0,512,train
train_x.npy#20,0,0,0,512,train
train_x.npy#21,0,0,0,512,train
train_x.npy#22,1,1,0,512,train
train_x.npy#23,1,1,0,512,train
train_x.npy#24,0,0,0,512,train
train_x.npy#25,1,1,0,512,train
train_x.npy#26,0,0,0,512,train
train_x.npy#27,0,0,0,512,train
train_x.npy#28,0,0,0,512,train
train_x.npy#29,0,0,0,512,train
train_x.npy#30,1,1,0,512,train
train_x.npy#31,0,0,0,512,train
train_x.npy#32,0,0,0,512,train
train_x.npy#33,0,0,0,512,train
train_x.npy#34,1,1,0,512,train
train_x.npy#35,0,0,0,512,train
train_x.npy#36,0,0,0,512,train
train_x.npy#37,0,0,0,512,train
train_x.npy#38,0,0,0,512,train
train_x.npy#39,1,1,0,512,train
train_x.npy#40,1,1,0,512,train
train_x.npy#41,0,0,0,512,train
train_x.npy#42,1,1,0,512,train
train_x.npy#43,0,0,0,512,train
train_x.npy#44,1,1,0,512,train
train_x.npy#45,0,0,0,512,train
train_x.npy#46,0,0,0,512,train
train_x.npy#47,1,1,0,512,train
train_x.npy#48,1,1,0,512,train
train_x.npy#49,0,0,0,512,train
train_x.npy#50,1,1,0,512,train
train_x.npy#51,0,0,0,512,train
train_x.npy#52,0,0,0,512,train
train_x.npy#53,0,0,0,512,train
train_x.npy#54,0,0,0,512,train
train_x.npy#55,0,0,0,512,train
train_x.npy#56,1,1,0,512,train
train_x.npy#57,0,0,0,512,train
train_x.npy#58,0,0,0,512,train
train_x.npy#59,1,1,0,512,train
train_x.npy#60,0,0,0,512,train
train_x.npy#61,1,1,0,512,train
train_x.npy#62,1,1,0,512,train
train_x.npy#63,0,0,0,512,train
train_x.npy#64,0,0,0,512,train
train_x.npy#65,1,1,0,512,train
train_x.npy#66,0,0,0,512,train
train_x.npy#67,0,0,0,512,train
train_x.npy#68,1,1,0,512,train
train_x.npy#69,0,0,0,512,train
train_x.npy#70,0,0,0,512,train
train_x.npy#71,0,0,0,512,train
train_x.npy#72,0,0,0,512,train
train_x.npy#73,0,0,0,512,train
train_x.npy#74,1,1,0,512,train
train_x.npy#75,0,0,0,512,train
train_x.npy#76,0,0,0,512,train
train_x.npy#77,0,0,0,512,train
train_x.npy#78,1,1,0,512,train
train_x.npy#79,0,0,0,512,train
train_x.npy#80,0,0,0,512,train
train_x.npy#81,0,0,0,512,train
train_x.npy#82,0,0,0,512,train
train_x.npy#83,1,1,0,512,train
train_x.npy#84,0,0,0,512,train
train_x.npy#85,0,0,0,512,train
train_x.npy#86,0,0,0,512,train
train_x.npy#87,0,0,0,512,train
train_x.npy#88,0,0,0,512,train
train_x.npy#89,0,0,0,512,train
train_x.npy#90,0,0,0,512,train
train_x.npy#91,0,0,0,512,train
train_x.npy#92,0,0,0,512,train
train_x.npy#93,0,0,0,512,train
train_x.npy#94,0,0,0,512,train
train_x.npy#95,1,1,0,512,train
train_x.npy#96,0,0,0,512,train
train_x.npy#97,0,0,0,512,train
train_x.npy#98,1,1,0,512,train
train_x.npy#99,0,0,0,512,train
train_x.npy#100,0,0,0,512,train
train_x.npy#101,0,0,0,512,train
train_x.npy#102,0,0,0,512,train
train_x.npy#103,0,0,0,512,train
train_x.npy#104,1,1,0,512,train
train_x.npy#105,1,1,0,512,train
train_x.npy#106,0,0,0,512,train
train_x.npy#107,1,1,0,512,train
train_x.npy#108,0,0,0,512,train
train_x.npy#109,1,1,0,512,train
train_x.npy#110,1,1,0,512,train
train_x.npy#111,0,0,0,512,train
train_x.npy#112,1,1,0,512,train
train_x.npy#113,0,0,0,512,train
train_x.npy#114,1,1,0,512,train
train_x.npy#115,0,0,0,512,train
train_x.npy#116,1,1,0,512,train
train_x.npy#117,0,0,0,512,train
train_x.npy#118,0,0,0,512,train
train_x.npy#119,1,1,0,512,train
train_x.npy#120,0,0,0,512,train
train_x.npy#121,0,0,0,512,train
train_x.npy#122,0,0,0,512,train
train_x.npy#123,0,0,0,512,train
train_x.npy#124,0,0,0,512,train
train_x.npy#125,1,1,0,512,train
train_x.npy#126,0,0,0,512,train
train_x.npy#127,0,0,0,512,train
train_x.npy#128,0,0,0,512,train
train_x.npy#129,1,1,0,512,train
train_x.npy#130,1,1,0,512,train
train_x.npy#131,0,0,0,512,train
train_x.npy#132,1,1,0,512,train
train_x.npy#133,0,0,0,512,train
train_x.npy#134,0,0,0,512,train
train_x.npy#135,0,0,0,512,train
train_x.npy#136,0,0,0,512,train
train_x.npy#137,0,0,0,512,train
train_x.npy#138,0,0,0,512,train
train_x.npy#139,1,1,0,512,train
train_x.npy#140,0,0,0,512,train
train_x.npy#141,0,0,0,512,train
train_x.npy#142,0,0,0,512,train
train_x.npy#143,0,0,0,512,train
train_x.npy#144,0,0,0,512,train
train_x.npy#145,0,0,0,512,train
train_x.npy#146,0,0,0,512,train
train_x.npy#147,0,0,0,512,train
train_x.npy#148,0,0,0,512,train
train_x.npy#149,1,1,0,512,train
train_x.npy#150,0,0,0,512,train
train_x.npy#151,0,0,0,512,train
train_x.npy#152,0,0,0,512,train
train_x.npy#153,1,1,0,512,train
train_x.npy#154,0,0,0,512,train
train_x.npy#155,0,0,0,512,train
train_x.npy#156,1,1,0,512,train
train_x.npy#157,0,0,0,512,train
train_x.npy#158,0,0,0,512,train
train_x.npy#159,1,1,0,512,train
train_x.npy#160,0,0,0,512,train
train_x.npy#161,1,1,0,512,train
train_x.npy#162,0,0,0,512,train
train_x.npy#163,0,0,0,512,train
train_x.npy#164,1,1,0,512,train
train_x.npy#165,0,0,0,512,train
train_x.npy#166,0,0,0,512,train
train_x.npy#167,1,1,0,512,train
train_x.npy#168,1,1,0,512,train
train_x.npy#169,1,1,0,512,train
train_x.npy#170,0,0,0,512,train
train_x.npy#171,0,0,0,512,train
train_x.npy#172,0,0,0,512,train
train_x.npy#173,0,0,0,512,train
train_x.npy#174,1,1,0,512,train
train_x.npy#175,0,0,0,512,train
train_x.npy#176,0,0,0,512,train
train_x.npy#177,0,0,0,512,train
train_x.npy#178,1,1,0,512,train
train_x.npy#179,0,0,0,512,train
train_x.npy#180,0,0,0,512,train
train_x.npy#181,1,1,0,512,train
train_x.npy#182,0,0,0,512,train
train_x.npy#183,0,0,0,512,train
train_x.npy#184,0,0,0,512,train
train_x.npy#185,0,0,0,512,train
train_x.npy#186,0,0,0,512,train
train_x.npy#187,1,1,0,512,train
train_x.npy#188,0,0,0,512,train
train_x.npy#189,0,0,0,512,train
train_x.npy#190,0,0,0,512,train
train_x.npy#191,1,1,0,512,train
train_x.npy#192,0,0,0,512,train
train_x.npy#193,1,1,0,512,train
train_x.npy#194,0,0,0,512,train
train_x.npy#195,0,0,0,512,train
train_x.npy#196,1,1,0,512,train
train_x.npy#197,0,0,0,512,train
train_x.npy#198,0,0,0,512,train
train_x.npy#199,0,0,0,512,train
train_x.npy#200,1,1,0,512,train
train_x.npy#201,1,1,0,512,train
train_x.npy#202,1,1,0,512,train
train_x.npy#203,0,0,0,512,train
train_x.npy#204,1,1,0,512,train
train_x.npy#205,0,0,0,512,train
train_x.npy#206,1,1,0,512,train
train_x.npy#207,0,0,0,512,train
train_x.npy#208,1,1,0,512,train
train_x.npy#209,0,0,0,512,train
train_x.npy#210,0,0,0,512,train
train_x.npy#211,0,0,0,512,train
train_x.npy#212,0,0,0,512,train
train_x.npy#213,1,1,0,512,train
train_x.npy#214,0,0,0,512,train
train_x.npy#215,1,1,0,512,train
train_x.npy#216,1,1,0,512,train
train_x.npy#217,1,1,0,512,train
train_x.npy#218,0,0,0,512,train
train_x.npy#219,0,0,0,512,train
train_x.npy#220,0,0,0,512,train
train_x.npy#221,0,0,0,512,train
train_x.npy#222,0,0,0,512,train
train_x.npy#223,0,0,0,512,train
train_x.npy#224,0,0,0,512,train
train_x.npy#225,0,0,0,512,train
train_x.npy#226,0,0,0,512,train
train_x.npy#227,0,0,0,512,train
train_x.npy#228,1,1,0,512,train
train_x.npy#229,1,1,0,512,train
train_x.npy#230,0,0,0,512,train
train_x.npy#231,0,0,0,512,train
train_x.npy#232,0,0,0,512,train
train_x.npy#233,0,0,0,512,train
train_x.npy#234,1,1,0,512,train
train_x.npy#235,0,0,0,512,train
train_x.npy#236,0,0,0,512,train
train_x.npy#237,1,1,0,512,train
train_x.npy#238,1,1,0,512,train
train_x.npy#239,1,1,0,512,train
train_x.npy#240,0,0,0,512,train
train_x.npy#241,0,0,0,512,train
train_x.npy#242,0,0,0,512,train
train_x.npy#243,0,0,0,512,train
train_x.npy#244,0,0,0,512,train
train_x.npy#245,1,1,0,512,train
train_x.npy#246,0,0,0,512,train
train_x.npy#247,1,1,0,512,train
train_x.npy#248,0,0,0,512,train
train_x.npy#249,0,0,0,512,train
train_x.npy#250,0,0,0,512,train
train_x.npy#251,1,1,0,512,train
train_x.npy#252,0,0,0,512,train
train_x.npy#253,0,0,0,512,train
train_x.npy#254,0,0,0,512,train
train_x.npy#255,0,0,0,512,train
train_x.npy#256,0,0,0,512,train
train_x.npy#257,0,0,0,512,train
train_x.npy#258,0,0,0,512,train
train_x.npy#259,1,1,0,512,train
train_x.npy#260,0,0,0,512,train
train_x.npy#261,0,0,0,512,train
train_x.npy#262,1,1,0,512,train
train_x.npy#263,0,0,0,512,train
train_x.npy#264,0,0,0,512,train
train_x.npy#265,0,0,0,512,train
train_x.npy#266,1,1,0,512,train
train_x.npy#267,0,0,0,512,train
train_x.npy#268,0,0,0,512,train
train_x.npy#269,0,0,0,512,train
train_x.npy#270,0,0,0,512,train
train_x.npy#271,0,0,0,512,train
train_x.npy#272,1,1,0,512,train
train_x.npy#273,0,0,0,512,train
train_x.npy#274,0,0,0,512,train
train_x.npy#275,1,1,0,512,train
train_x.npy#276,1,1,0,512,train
train_x.npy#277,1,1,0,512,train
train_x.npy#278,0,0,0,512,train
train_x.npy#279,0,0,0,512,train
train_x.npy#280,0,0,0,512,train
train_x.npy#281,0,0,0,512,train
train_x.npy#282,0,0,0,512,train
train_x.npy#283,0,0,0,512,train
train_x.npy#284,1,1,0,512,train
train_x.npy#285,0,0,0,512,train
train_x.npy#286,1,1,0,512,train
train_x.npy#287,0,0,0,512,train
train_x.npy#288,0,0,0,512,train
train_x.npy#289,0,0,0,512,train
train_x.npy#290,1,1,0,512,train
train_x.npy#291,0,0,0,512,train
train_x.npy#292,1,1,0,512,train
train_x.npy#293,0,0,0,512,train
train_x.npy#294,0,0,0,512,train
train_x.npy#295,1,1,0,512,train
train_x.npy#296,0,0,0,512,train
train_x.npy#297,0,0,0,512,train
train_x.npy#298,0,0,0,512,train
train_x.npy#299,0,0,0,512,train
train_x.npy#300,1,1,0,512,train
train_x.npy#301,0,0,0,512,train
train_x.npy#302,0,0,0,512,train
train_x.npy#303,0,0,0,512,train
train_x.npy#304,0,0,0,512,train
train_x.npy#305,1,1,0,512,train
train_x.npy#306,0,0,0,512,train
train_x.npy#307,0,0,0,512,train
train_x.npy#308,1,1,0,512,train
train_x.npy#309,0,0,0,512,train
train_x.npy#310,1,1,0,512,train
train_x.npy#311,1,1,0,512,train
train_x.npy#312,0,0,0,512,train
train_x.npy#313,1,1,0,512,train
train_x.npy#314,0,0,0,512,train
train_x.npy#315,1,1,0,512,train
train_x.npy#316,0,0,0,512,train
train_x.npy#317,1,1,0,512,train
train_x.npy#318,1,1,0,512,train
train_x.npy#319,0,0,0,512,train
train_x.npy#320,0,0,0,512,train
train_x.npy#321,1,1,0,512,train
train_x.npy#322,1,1,0,512,train
train_x.npy#323,0,0,0,512,train
train_x.npy#324,0,0,0,512,train
train_x.npy#325,1,1,0,512,train
train_x.npy#326,1,1,0,512,train
train_x.npy#327,1,1,0,512,train
train_x.npy#328,1,1,0,512,train
train_x.npy#329,1,1,0,512,train
train_x.npy#330,1,1,0,512,train
train_x.npy#331,0,0,0,512,train
train_x.npy#332,1,1,0,512,train
train_x.npy#333,0,0,0,512,train
train_x.npy#334,1,1,0,512,train
train_x.npy#335,1,1,0,512,train
train_x.npy#336,0,0,0,512,train
train_x.npy#337,0,0,0,512,train
train_x.npy#338,0,0,0,512,train
train_x.npy#339,0,0,0,512,train
train_x.npy#340,0,0,0,512,train
train_x.npy#341,1,1,0,512,train
train_x.npy#342,0,0,0,512,train
train_x.npy#343,0,0,0,512,train
train_x.npy#344,0,0,0,512,train
train_x.npy#345,1,1,0,512,train
train_x.npy#346,0,0,0,512,train
train_x.npy#347,1,1,0,512,train
train_x.npy#348,0,0,0,512,train
train_x.npy#349,1,1,0,512,train
train_x.npy#350,0,0,0,512,train
train_x.npy#351,0,0,0,512,train
train_x.npy#352,1,1,0,512,train
train_x.npy#353,0,0,0,512,train
train_x.npy#354,0,0,0,512,train
train_x.npy#355,0,0,0,512,train
train_x.npy#356,0,0,0,512,train
train_x.npy#357,0,0,0,512,train
train_x.npy#358,1,1,0,512,train
train_x.npy#359,1,1,0,512,train
train_x.npy#360,0,0,0,512,train
train_x.npy#361,0,0,0,512,train
train_x.npy#362,0,0,0,512,train
train_x.npy#363,0,0,0,512,train
train_x.npy#364,0,0,0,512,train
train_x.npy#365,0,0,0,512,train
train_x.npy#366,0,0,0,512,train
train_x.npy#367,0,0,0,512,train
train_x.npy#368,0,0,0,512,train
train_x.npy#369,0,0,0,512,train
train_x.npy#370,1,1,0,512,train
train_x.npy#371,0,0,0,512,train
train_x.npy#372,1,1,0,512,train
train_x.npy#373,0,0,0,512,train
train_x.npy#374,0,0,0,512,train
train_x.npy#375,0,0,0,512,train
train_x.npy#376,0,0,0,512,train
train_x.npy#377,0,0,0,512,train
train_x.npy#378,0,0,0,512,train
train_x.npy#379,1,1,0,512,train
train_x.npy#380,0,0,0,512,train
train_x.npy#381,0,0,0,512,train
train_x.npy#382,0,0,0,512,train
train_x.npy#383,0,0,0,512,train
train_x.npy#384,0,0,0,512,train
train_x.npy#385,1,1,0,512,train
train_x.npy#386,0,0,0,512,train
train_x.npy#387,0,0,0,512,train
train_x.npy#388,0,0,0,512,train
train_x.npy#389,0,0,0,512,train
train_x.npy#390,0,0,0,512,train
train_x.npy#391,1,1,0,512,train
train_x.npy#392,0,0,0,512,train
train_x.npy#393,0,0,0,512,train
train_x.npy#394,0,0,0,512,train
train_x.npy#395,0,0,0,512,train
train_x.npy#396,0,0,0,512,train
train_x.npy#397,0,0,0,512,train
train_x.npy#398,0,0,0,512,train
train_x.npy#399,0,0,0,512,train
train_x.npy#400,1,1,0,512,train
train_x.npy#401,0,0,0,512,train
train_x.npy#402,0,0,0,512,train
train_x.npy#403,1,1,0,512,train
train_x.npy#404,1,1,0,512,train
train_x.npy#405,0,0,0,512,train
train_x.npy#406,0,0,0,512,train
train_x.npy#407,0,0,0,512,train
train_x.npy#408,0,0,0,512,train
train_x.npy#409,0,0,0,512,train
train_x.npy#410,0,0,0,512,train
train_x.npy#411,0,0,0,512,train
train_x.npy#412,0,0,0,512,train
train_x.npy#413,0,0,0,512,train
train_x.npy#414,0,0,0,512,train
train_x.npy#415,1,1,0,512,train
train_x.npy#416,0,0,0,512,train
train_x.npy#417,0,0,0,512,train
train_x.npy#418,0,0,0,512,train
train_x.npy#419,0,0,0,512,train
train_x.npy#420,0,0,0,512,train
train_x.npy#421,0,0,0,512,train
train_x.npy#422,1,1,0,512,train
train_x.npy#423,1,1,0,512,train
train_x.npy#424,1,1,0,512,train
train_x.npy#425,0,0,0,512,train
train_x.npy#426,0,0,0,512,train
train_x.npy#427,0,0,0,512,train
train_x.npy#428,0,0,0,512,train
train_x.npy#429,0,0,0,512,train
train_x.npy#430,0,0,0,512,train
train_x.npy#431,0,0,0,512,train
train_x.npy#432,0,0,0,512,train
train_x.npy#433,0,0,0,512,train
train_x.npy#434,1,1,0,512,train
train_x.npy#435,1,1,0,512,train
train_x.npy#436,0,0,0,512,train
train_x.npy#437,0,0,0,512,train
train_x.npy#438,0,0,0,512,train
train_x.npy#439,1,1,0,512,train
train_x.npy#440,1,1,0,512,train
train_x.npy#441,0,0,0,512,train
train_x.npy#442,1,1,0,512,train
train_x.npy#443,0,0,0,512,train
train_x.npy#444,0,0,0,512,train
train_x.npy#445,0,0,0,512,train
train_x.npy#446,1,1,0,512,train
train_x.npy#447,0,0,0,512,train
train_x.npy#448,0,0,0,512,train
train_x.npy#449,1,1,0,512,train
train_x.npy#450,0,0,0,512,train
train_x.npy#451,0,0,0,512,train
train_x.npy#452,0,0,0,512,train
train_x.npy#453,0,0,0,512,train
train_x.npy#454,1,1,0,512,train
train_x.npy#455,1,1,0,512,train
train_x.npy#456,0,0,0,512,train
train_x.npy#457,0,0,0,512,train
train_x.npy#458,1,1,0,512,train
train_x.npy#459,1,1,0,512,train
train_x.npy#460,1,1,0,512,train
train_x.npy#461,1,1,0,512,train
train_x.npy#462,0,0,0,512,train
train_x.npy#463,0,0,0,512,train
train_x.npy#464,0,0,0,512,train
train_x.npy#465,0,0,0,512,train
train_x.npy#466,1,1,0,512,train
train_x.npy#467,1,1,0,512,train
train_x.npy#468,0,0,0,512,train
train_x.npy#469,0,0,0,512,train
train_x.npy#470,0,0,0,512,train
train_x.npy#471,0,0,0,512,train
train_x.npy#472,0,0,0,512,train
train_x.npy#473,0,0,0,512,train
train_x.npy#474,0,0,0,512,train
train_x.npy#475,0,0,0,512,train
train_x.npy#476,1,1,0,512,train
train_x.npy#477,0,0,0,512,train
train_x.npy#478,0,0,0,512,train
train_x.npy#479,0,0,0,512,train
train_x.npy#480,0,0,0,512,train
train_x.npy#481,1,1,0,512,train
train_x.npy#482,0,0,0,512,train
train_x.npy#483,0,0,0,512,train
train_x.npy#484,1,1,0,512,train
train_x.npy#485,0,0,0,512,train
train_x.npy#486,1,1,0,512,train
train_x.npy#487,0,0,0,512,train
train_x.npy#488,0,0,0,512,train
train_x.npy#489,0,0,0,512,train
train_x.npy#490,0,0,0,512,train
train_x.npy#491,0,0,0,512,train
train_x.npy#492,1,1,0,512,train
train_x.npy#493,0,0,0,512,train
train_x.npy#494,0,0,0,512,train
train_x.npy#495,0,0,0,512,train
train_x.npy#496,0,0,0,512,train
train_x.npy#497,0,0,0,512,train
train_x.npy#498,0,0,0,512,train
train_x.npy#499,0,0,0,512,train
train_x.npy#500,1,1,0,512,train
train_x.npy#501,0,0,0,512,train
train_x.npy#502,1,1,0,512,train
train_x.npy#503,0,0,0,512,train
train_x.npy#504,0,0,0,512,train
train_x.npy#505,1,1,0,512,train
train_x.npy#506,1,1,0,512,train
train_x.npy#507,0,0,0,512,train
train_x.npy#508,0,0,0,512,train
train_x.npy#509,1,1,0,512,train
train_x.npy#510,1,1,0,512,train
train_x.npy#511,0,0,0,512,train
train_x.npy#512,1,1,0,512,train
train_x.npy#513,0,0,0,512,train
train_x.npy#514,0,0,0,512,train
train_x.npy#515,0,0,0,512,train
train_x.npy#516,1,1,0,512,train
train_x.npy#517,0,0,0,512,train
train_x.npy#518,0,0,0,512,train
train_x.npy#519,1,1,0,512,train
train_x.npy#520,0,0,0,512,train
train_x.npy#521,0,0,0,512,train
train_x.npy#522,1,1,0,512,train
train_x.npy#523,1,1,0,512,train
train_x.npy#524,0,0,0,512,train
train_x.npy#525,1,1,0,512,train
train_x.npy#526,0,0,0,512,train
train_x.npy#527,0,0,0,512,train
train_x.npy#528,1,1,0,512,train
train_x.npy#529,0,0,0,512,train
train_x.npy#530,1,1,0,512,train
train_x.npy#531,0,0,0,512,train
train_x.npy#532,0,0,0,512,train
train_x.npy#533,0,0,0,512,train
train_x.npy#534,1,1,0,512,train
train_x.npy#535,0,0,0,512,train
train_x.npy#536,0,0,0,512,train
train_x.npy#537,0,0,0,512,train
train_x.npy#538,0,0,0,512,train
train_x.npy#539,0,0,0,512,train
train_x.npy#540,0,0,0,512,train
train_x.npy#541,0,0,0,512,train
train_x.npy#542,0,0,0,512,train
train_x.npy#543,0,0,0,512,train
train_x.npy#544,0,0,0,512,train
train_x.npy#545,1,1,0,512,train
train_x.npy#546,0,0,0,512,train
train_x.npy#547,1,1,0,512,train
train_x.npy#548,1,1,0,512,train
train_x.npy#549,1,1,0,512,train
train_x.npy#550,0,0,0,512,train
train_x.npy#551,0,0,0,512,train
train_x.npy#552,0,0,0,512,train
train_x.npy#553,0,0,0,512,train
train_x.npy#554,1,1,0,512,train
train_x.npy#555,0,0,0,512,train
train_x.npy#556,1,1,0,512,train
train_x.npy#557,0,0,0,512,train
train_x.npy#558,0,0,0,512,train
train_x.npy#559,1,1,0,512,train
train_x.npy#560,0,0,0,512,train
train_x.npy#561,1,1,0,512,train
train_x.npy#562,0,0,0,512,train
train_x.npy#563,0,0,0,512,train
train_x.npy#564,1,1,0,512,train
train_x.npy#565,0,0,0,512,train
train_x.npy#566,0,0,0,512,train
train_x.npy#567,0,0,0,512,train
train_x.npy#568,0,0,0,512,train
train_x.npy#569,0,0,0,512,train
train_x.npy#570,1,1,0,512,train
train_x.npy#571,1,1,0,512,train
train_x.npy#572,0,0,0,512,train
train_x.npy#573,1,1,0,512,train
train_x.npy#574,0,0,0,512,train
train_x.npy#575,0,0,0,512,train
train_x.npy#576,1,1,0,512,train
train_x.npy#577,0,0,0,512,train
train_x.npy#578,0,0,0,512,train
train_x.npy#579,1,1,0,512,train
train_x.npy#580,0,0,0,512,train
train_x.npy#581,0,0,0,512,train
train_x.npy#582,0,0,0,512,train
train_x.npy#583,0,0,0,512,train
train_x.npy#584,0,0,0,512,train
train_x.npy#585,0,0,0,512,train
train_x.npy#586,0,0,0,512,train
train_x.npy#587,1,1,0,512,train
train_x.npy#588,0,0,0,512,train
train_x.npy#589,0,0,0,512,train
train_x.npy#590,0,0,0,512,train
train_x.npy#591,1,1,0,512,train
train_x.npy#592,1,1,0,512,train
train_x.npy#593,0,0,0,512,train
train_x.npy#594,1,1,0,512,train
train_x.npy#595,0,0,0,512,train
train_x.npy#596,0,0,0,512,train
train_x.npy#597,0,0,0,512,train
train_x.npy#598,0,0,0,512,train
train_x.npy#599,0,0,0,512,train
train_x.npy#600,0,0,0,512,train
train_x.npy#601,1,1,0,512,train
train_x.npy#602,0,0,0,512,train
train_x.npy#603,0,0,0,512,train
train_x.npy#604,0,0,0,512,train
train_x.npy#605,0,0,0,512,train
train_x.npy#606,0,0,0,512,train
train_x.npy#607,1,1,0,512,train
train_x.npy#608,0,0,0,512,train
train_x.npy#609,0,0,0,512,train
train_x.npy#610,1,1,0,512,train
train_x.npy#611,1,1,0,512,train
train_x.npy#612,0,0,0,512,train
train_x.npy#613,0,0,0,512,train
train_x.npy#614,0,0,0,512,train
train_x.npy#615,0,0,0,512,train
train_x.npy#616,0,0,0,512,train
train_x.npy#617,0,0,0,512,train
train_x.npy#618,0,0,0,512,train
train_x.npy#619,1,1,0,512,train
train_x.npy#620,0,0,0,512,train
train_x.npy#621,0,0,0,512,train
train_x.npy#622,1,1,0,512,train
train_x.npy#623,0,0,0,512,train
train_x.npy#624,0,0,0,512,train
train_x.npy#625,0,0,0,512,train
train_x.npy#626,0,0,0,512,train
train_x.npy#627,0,0,0,512,train
train_x.npy#628,0,0,0,512,train
train_x.npy#629,0,0,0,512,train
train_x.npy#630,0,0,0,512,train
train_x.npy#631,0,0,0,512,train
train_x.npy#632,1,1,0,512,train
train_x.npy#633,1,1,0,512,train
train_x.npy#634,0,0,0,512,train
train_x.npy#635,0,0,0,512,train
train_x.npy#636,0,0,0,512,train
train_x.npy#637,1,1,0,512,train
train_x.npy#638,0,0,0,512,train
train_x.npy#639,1,1,0,512,train
train_x.npy#640,1,1,0,512,train
train_x.npy#641,0,0,0,512,train
train_x.npy#642,0,0,0,512,train
train_x.npy#643,0,0,0,512,train
train_x.npy#644,0,0,0,512,train
train_x.npy#645,0,0,0,512,train
train_x.npy#646,0,0,0,512,train
train_x.npy#647,0,0,0,512,train
train_x.npy#648,0,0,0,512,train
train_x.npy#649,0,0,0,512,train
train_x.npy#650,1,1,0,512,train
train_x.npy#651,1,1,0,512,train
train_x.npy#652,0,0,0,512,train
train_x.npy#653,1,1,0,512,train
train_x.npy#654,0,0,0,512,train
train_x.npy#655,0,0,0,512,train
train_x.npy#656,1,1,0,512,train
train_x.npy#657,0,0,0,512,train
train_x.npy#658,0,0,0,512,train
train_x.npy#659,0,0,0,512,train
train_x.npy#660,0,0,0,512,train
train_x.npy#661,1,1,0,512,train
train_x.npy#662,0,0,0,512,train
train_x.npy#663,0,0,0,512,train
train_x.npy#664,0,0,0,512,train
train_x.npy#665,0,0,0,512,train
train_x.npy#666,0,0,0,512,train
train_x.npy#667,0,0,0,512,train
train_x.npy#668,1,1,0,512,train
train_x.npy#669,0,0,0,512,train
train_x.npy#670,0,0,0,512,train
train_x.npy#671,0,0,0,512,train
train_x.npy#672,0,0,0,512,train
train_x.npy#673,0,0,0,512,train
train_x.npy#674,0,0,0,512,train
train_x.npy#675,0,0,0,512,train
train_x.npy#676,0,0,0,512,train
train_x.npy#677,0,0,0,512,train
train_x.npy#678,0,0,0,512,train
train_x.npy#679,0,0,0,512,train
train_x.npy#680,1,1,0,512,train
train_x.npy#681,1,1,0,512,train
train_x.npy#682,0,0,0,512,train
train_x.npy#683,0,0,0,512,train
train_x.npy#684,0,0,0,512,train
train_x.npy#685,0,0,0,512,train
train_x.npy#686,0,0,0,512,train
train_x.npy#687,0,0,0,512,train
train_x.npy#688,1,1,0,512,train
train_x.npy#689,0,0,0,512,train
train_x.npy#690,0,0,0,512,train
train_x.npy#691,1,1,0,512,train
train_x.npy#692,0,0,0,512,train
train_x.npy#693,0,0,0,512,train
train_x.npy#694,1,1,0,512,train
train_x.npy#695,0,0,0,512,train
train_x.npy#696,0,0,0,512,train
train_x.npy#697,0,0,0,512,train
train_x.npy#698,1,1,0,512,train
train_x.npy#699,0,0,0,512,train
train_x.npy#700,0,0,0,512,train
train_x.npy#701,0,0,0,512,train
train_x.npy#702,1,1,0,512,train
train_x.npy#703,0,0,0,512,train
train_x.npy#704,0,0,0,512,train
train_x.npy#705,0,0,0,512,train
train_x.npy#706,0,0,0,512,train
train_x.npy#707,0,0,0,512,train
train_x.npy#708,0,0,0,512,train
train_x.npy#709,0,0,0,512,train
train_x.npy#710,0,0,0,512,train
train_x.npy#711,1,1,0,512,train
train_x.npy#712,0,0,0,512,train
train_x.npy#713,0,0,0,512,train
train_x.npy#714,0,0,0,512,train
train_x.npy#715,0,0,0,512,train
train_x.npy#716,1,1,0,512,train
train_x.npy#717,0,0,0,512,train
train_x.npy#718,1,1,0,512,train
train_x.npy#719,0,0,0,512,train
train_x.npy#720,0,0,0,512,train
train_x.npy#721,0,0,0,512,train
train_x.npy#722,0,0,0,512,train
train_x.npy#723,0,0,0,512,train
train_x.npy#724,1,1,0,512,train
train_x.npy#725,0,0,0,512,train
train_x.npy#726,0,0,0,512,train
train_x.npy#727,1,1,0,512,train
train_x.npy#728,0,0,0,512,train
train_x.npy#729,1,1,0,512,train
train_x.npy#730,0,0,0,512,train
train_x.npy#731,0,0,0,512,train
train_x.npy#732,0,0,0,512,train
train_x.npy#733,0,0,0,512,train
train_x.npy#734,1,1,0,512,train
train_x.npy#735,1,1,0,512,train
train_x.npy#736,0,0,0,512,train
train_x.npy#737,0,0,0,512,train
train_x.npy#738,0,0,0,512,train
train_x.npy#739,0,0,0,512,train
train_x.npy#740,1,1,0,512,train
train_x.npy#741,0,0,0,512,train
train_x.npy#742,1,1,0,512,train
train_x.npy#743,0,0,0,512,train
train_x.npy#744,0,0,0,512,train
train_x.npy#745,1,1,0,512,train
train_x.npy#746,0,0,0,512,train
train_x.npy#747,0,0,0,512,train
train_x.npy#748,0,0,0,512,train
train_x.npy#749,0,0,0,512,train
train_x.npy#750,0,0,0,512,train
train_x.npy#751,0,0,0,512,train
train_x.npy#752,1,1,0,512,train
train_x.npy#753,1,1,0,512,train
train_x.npy#754,0,0,0,512,train
train_x.npy#755,0,0,0,512,train
train_x.npy#756,0,0,0,512,train
train_x.npy#757,0,0,0,512,train
train_x.npy#758,0,0,0,512,train
train_x.npy#759,1,1,0,512,train
train_x.npy#760,1,1,0,512,train
train_x.npy#761,1,1,0,512,train
train_x.npy#762,0,0,0,512,train
train_x.npy#763,0,0,0,512,train
train_x.npy#764,0,0,0,512,train
train_x.npy#765,0,0,0,512,train
train_x.npy#766,1,1,0,512,train
train_x.npy#767,0,0,0,512,train
train_x.npy#768,0,0,0,512,train
train_x.npy#769,0,0,0,512,train
train_x.npy#770,0,0,0,512,train
train_x.npy#771,1,1,0,512,train
train_x.npy#772,0,0,0,512,train
train_x.npy#773,0,0,0,512,train
train_x.npy#774,0,0,0,512,train
train_x.npy#775,1,1,0,512,train
train_x.npy#776,0,0,0,512,train
train_x.npy#777,0,0,0,512,train
train_x.npy#778,1,1,0,512,train
train_x.npy#779,0,0,0,512,train
train_x.npy#780,0,0,0,512,train
train_x.npy#781,0,0,0,512,train
train_x.npy#782,0,0,0,512,train
train_x.npy#783,1,1,0,512,train
train_x.npy#784,1,1,0,512,train
train_x.npy#785,1,1,0,512,train
train_x.npy#786,0,0,0,512,train
train_x.npy#787,0,0,0,512,train
train_x.npy#788,1,1,0,512,train
train_x.npy#789,0,0,0,512,train
train_x.npy#790,0,0,0,512,train
train_x.npy#791,0,0,0,512,train
train_x.npy#792,0,0,0,512,train
train_x.npy#793,0,0,0,512,train
train_x.npy#794,0,0,0,512,train
train_x.npy#795,0,0,0,512,train
train_x.npy#796,1,1,0,512,train
train_x.npy#797,1,1,0,512,train
train_x.npy#798,0,0,0,512,train
train_x.npy#799,1,1,0,512,train
train_x.npy#800,1,1,0,512,train
train_x.npy#801,0,0,0,512,train
train_x.npy#802,0,0,0,512,train
train_x.npy#803,0,0,0,512,train
train_x.npy#804,0,0,0,512,train
train_x.npy#805,0,0,0,512,train
train_x.npy#806,0,0,0,512,train
train_x.npy#807,0,0,0,512,train
train_x.npy#808,0,0,0,512,train
train_x.npy#809,1,1,0,512,train
train_x.npy#810,1,1,0,512,train
train_x.npy#811,0,0,0,512,train
train_x.npy#812,0,0,0,512,train
train_x.npy#813,0,0,0,512,train
train_x.npy#814,0,0,0,512,train
train_x.npy#815,0,0,0,512,train
train_x.npy#816,0,0,0,512,train
train_x.npy#817,0,0,0,512,train
train_x.npy#818,1,1,0,512,train
train_x.npy#819,1,1,0,512,train
train_x.npy#820,1,1,0,512,train
train_x.npy#821,0,0,0,512,train
train_x.npy#822,0,0,0,512,train
train_x.npy#823,0,0,0,512,train
train_x.npy#824,0,0,0,512,train
train_x.npy#825,0,0,0,512,train
train_x.npy#826,0,0,0,512,train
train_x.npy#827,0,0,0,512,train
train_x.npy#828,1,1,0,512,train
train_x.npy#829,0,0,0,512,train
train_x.npy#830,0,0,0,512,train
train_x.npy#831,0,0,0,512,train
train_x.npy#832,0,0,0,512,train
train_x.npy#833,0,0,0,512,train
train_x.npy#834,0,0,0,512,train
train_x.npy#835,0,0,0,512,train
train_x.npy#836,0,0,0,512,train
train_x.npy#837,1,1,0,512,train
train_x.npy#838,0,0,0,512,train
train_x.npy#839,1,1,0,512,train
train_x.npy#840,1,1,0,512,train
train_x.npy#841,0,0,0,512,train
train_x.npy#842,0,0,0,512,train
train_x.npy#843,1,1,0,512,train
train_x.npy#844,0,0,0,512,train
train_x.npy#845,0,0,0,512,train
train_x.npy#846,1,1,0,512,train
train_x.npy#847,0,0,0,512,train
train_x.npy#848,0,0,0,512,train
train_x.npy#849,0,0,0,512,train
train_x.npy#850,1,1,0,512,train
train_x.npy#851,1,1,0,512,train
train_x.npy#852,0,0,0,512,train
train_x.npy#853,0,0,0,512,train
train_x.npy#854,0,0,0,512,train
train_x.npy#855,0,0,0,512,train
train_x.npy#856,0,0,0,512,train
train_x.npy#857,0,0,0,512,train
train_x.npy#858,0,0,0,512,train
train_x.npy#859,1,1,0,512,train
train_x.npy#860,0,0,0,512,train
train_x.npy#861,1,1,0,512,train
train_x.npy#862,0,0,0,512,train
train_x.npy#863,0,0,0,512,train
train_x.npy#864,0,0,0,512,train
train_x.npy#865,1,1,0,512,train
train_x.npy#866,0,0,0,512,train
train_x.npy#867,1,1,0,512,train
train_x.npy#868,1,1,0,512,train
train_x.npy#869,0,0,0,512,train
train_x.npy#870,0,0,0,512,train
train_x.npy#871,1,1,0,512,train
train_x.npy#872,1,1,0,512,train
train_x.npy#873,0,0,0,512,train
train_x.npy#874,1,1,0,512,train
train_x.npy#875,1,1,0,512,train
train_x.npy#876,0,0,0,512,train
train_x.npy#877,0,0,0,512,train
train_x.npy#878,0,0,0,512,train
train_x.npy#879,1,1,0,512,train
train_x.npy#880,1,1,0,512,train
train_x.npy#881,1,1,0,512,train
train_x.npy#882,1,1,0,512,train
train_x.npy#883,1,1,0,512,train
train_x.npy#884,0,0,0,512,train
train_x.npy#885,0,0,0,512,train
train_x.npy#886,0,0,0,512,train
train_x.npy#887,0,0,0,512,train
train_x.npy#888,0,0,0,512,train
train_x.npy#889,0,0,0,512,train
train_x.npy#890,0,0,0,512,train
train_x.npy#891,1,1,0,512,train
train_x.npy#892,1,1,0,512,train
train_x.npy#893,0,0,0,512,train
train_x.npy#894,0,0,0,512,train
train_x.npy#895,0,0,0,512,train
train_x.npy#896,1,1,0,512,train
train_x.npy#897,0,0,0,512,train
train_x.npy#898,0,0,0,512,train
train_x.npy#899,1,1,0,512,train
train_x.npy#900,1,1,0,512,train
train_x.npy#901,0,0,0,512,train
train_x.npy#902,0,0,0,512,train
train_x.npy#903,0,0,0,512,train
train_x.npy#904,0,0,0,512,train
train_x.npy#905,0,0,0,512,train
train_x.npy#906,0,0,0,512,train
train_x.npy#907,0,0,0,512,train
train_x.npy#908,0,0,0,512,train
train_x.npy#909,1,1,0,512,train
train_x.npy#910,1,1,0,512,train
train_x.npy#911,1,1,0,512,train
train_x.npy#912,0,0,0,512,train
train_x.npy#913,0,0,0,512,train
train_x.npy#914,0,0,0,512,train
train_x.npy#915,0,0,0,512,train
train_x.npy#916,0,0,0,512,train
train_x.npy#917,0,0,0,512,train
train_x.npy#918,1,1,0,512,train
train_x.npy#919,0,0,0,512,train
train_x.npy#920,1,1,0,512,train
train_x.npy#921,0,0,0,512,train
train_x.npy#922,0,0,0,512,train
train_x.npy#923,0,0,0,512,train
train_x.npy#924,0,0,0,512,train
train_x.npy#925,0,0,0,512,train
train_x.npy#926,0,0,0,512,train
train_x.npy#927,1,1,0,512,train
train_x.npy#928,0,0,0,512,train
train_x.npy#929,0,0,0,512,train
train_x.npy#930,0,0,0,512,train
train_x.npy#931,1,1,0,512,train
train_x.npy#932,0,0,0,512,train
train_x.npy#933,0,0,0,512,train
train_x.npy#934,0,0,0,512,train
train_x.npy#935,0,0,0,512,train
train_x.npy#936,0,0,0,512,train
train_x.npy#937,0,0,0,512,train
train_x.npy#938,0,0,0,512,train
train_x.npy#939,0,0,0,512,train
train_x.npy#940,0,0,0,512,train
train_x.npy#941,0,0,0,512,train
train_x.npy#942,0,0,0,512,train
train_x.npy#943,1,1,0,512,train
train_x.npy#944,0,0,0,512,train
train_x.npy#945,0,0,0,512,train
train_x.npy#946,0,0,0,512,train
train_x.npy#947,1,1,0,512,train
train_x.npy#948,0,0,0,512,train
train_x.npy#949,0,0,0,512,train
train_x.npy#950,0,0,0,512,train
train_x.npy#951,0,0,0,512,train
train_x.npy#952,0,0,0,512,train
train_x.npy#953,0,0,0,512,train
train_x.npy#954,0,0,0,512,train
train_x.npy#955,0,0,0,512,train
train_x.npy#956,1,1,0,512,train
train_x.npy#957,1,1,0,512,train
train_x.npy#958,0,0,0,512,train
train_x.npy#959,1,1,0,512,train
train_x.npy#960,0,0,0,512,train
train_x.npy#961,1,1,0,512,train
train_x.npy#962,0,0,0,512,train
train_x.npy#963,0,0,0,512,train
train_x.npy#964,1,1,0,512,train
train_x.npy#965,0,0,0,512,train
train_x.npy#966,0,0,0,512,train
train_x.npy#967,0,0,0,512,train
train_x.npy#968,1,1,0,512,train
train_x.npy#969,1,1,0,512,train
train_x.npy#970,0,0,0,512,train
train_x.npy#971,1,1,0,512,train
train_x.npy#972,0,0,0,512,train
train_x.npy#973,1,1,0,512,train
train_x.npy#974,0,0,0,512,train
train_x.npy#975,0,0,0,512,train
train_x.npy#976,0,0,0,512,train
train_x.npy#977,0,0,0,512,train
train_x.npy#978,1,1,0,512,train
train_x.npy#979,0,0,0,512,train
train_x.npy#980,0,0,0,512,train
train_x.npy#981,0,0,0,512,train
train_x.npy#982,0,0,0,512,train
train_x.npy#983,0,0,0,512,train
train_x.npy#984,0,0,0,512,train
train_x.npy#985,0,0,0,512,train
train_x.npy#986,1,1,0,512,train
train_x.npy#987,0,0,0,512,train
train_x.npy#988,1,1,0,512,train
train_x.npy#989,0,0,0,512,train
train_x.npy#990,1,1,0,512,train
train_x.npy#991,0,0,0,512,train
train_x.npy#992,0,0,0,512,train
train_x.npy#993,0,0,0,512,train
train_x.npy#994,1,1,0,512,train
train_x.npy#995,0,0,0,512,train
train_x.npy#996,1,1,0,512,train
train_x.npy#997,0,0,0,512,train
train_x.npy#998,0,0,0,512,train
train_x.npy#999,0,0,0,512,train
train_x.npy#1000,0,0,0,512,train
train_x.npy#1001,0,0,0,512,train
train_x.npy#1002,0,0,0,512,train
train_x.npy#1003,1,1,0,512,train
train_x.npy#1004,0,0,0,512,train
train_x.npy#1005,0,0,0,512,train
train_x.npy#1006,0,0,0,512,train
train_x.npy#1007,1,1,0,512,train
train_x.npy#1008,0,0,0,512,train
train_x.npy#1009,0,0,0,512,train
train_x.npy#1010,0,0,0,512,train
train_x.npy#1011,0,0,0,512,train
train_x.npy#1012,0,0,0,512,train
train_x.npy#1013,0,0,0,512,train
train_x.npy#1014,1,1,0,512,train
train_x.npy#1015,0,0,0,512,train
train_x.npy#1016,0,0,0,512,train
train_x.npy#1017,0,0,0,512,train
train_x.npy#1018,0,0,0,512,train
train_x.npy#1019,0,0,0,512,train
train_x.npy#1020,0,0,0,512,train
train_x.npy#1021,0,0,0,512,train
train_x.npy#1022,0,0,0,512,train
train_x.npy#1023,1,1,0,512,train
train_x.npy#1024,1,1,0,512,train
train_x.npy#1025,0,0,0,512,train
train_x.npy#1026,0,0,0,512,train
train_x.npy#1027,0,0,0,512,train
train_x.npy#1028,1,1,0,512,train
train_x.npy#1029,0,0,0,512,train
train_x.npy#1030,0,0,0,512,train
train_x.npy#1031,1,1,0,512,train
train_x.npy#1032,0,0,0,512,train
train_x.npy#1033,1,1,0,512,train
train_x.npy#1034,0,0,0,512,train
train_x.npy#1035,1,1,0,512,train
train_x.npy#1036,0,0,0,512,train
train_x.npy#1037,0,0,0,512,train
train_x.npy#1038,0,0,0,512,train
train_x.npy#1039,0,0,0,512,train
train_x.npy#1040,0,0,0,512,train
train_x.npy#1041,0,0,0,512,train
train_x.npy#1042,0,0,0,512,train
train_x.npy#1043,0,0,0,512,train
train_x.npy#1044,0,0,0,512,train
train_x.npy#1045,0,0,0,512,train
train_x.npy#1046,0,0,0,512,train
train_x.npy#1047,0,0,0,512,train
train_x.npy#1048,0,0,0,512,train
train_x.npy#1049,0,0,0,512,train
train_x.npy#1050,0,0,0,512,train
train_x.npy#1051,0,0,0,512,train
train_x.npy#1052,0,0,0,512,train
train_x.npy#1053,0,0,0,512,train
train_x.npy#1054,1,1,0,512,train
train_x.npy#1055,0,0,0,512,train
train_x.npy#1056,0,0,0,512,train
train_x.npy#1057,0,0,0,512,train
train_x.npy#1058,1,1,0,512,train
train_x.npy#1059,0,0,0,512,train
train_x.npy#1060,1,1,0,512,train
train_x.npy#1061,1,1,0,512,train
train_x.npy#1062,1,1,0,512,train
train_x.npy#1063,0,0,0,512,train
train_x.npy#1064,0,0,0,512,train
train_x.npy#1065,0,0,0,512,train
train_x.npy#1066,0,0,0,512,train
train_x.npy#1067,0,0,0,512,train
train_x.npy#1068,1,1,0,512,train
train_x.npy#1069,1,1,0,512,train
train_x.npy#1070,1,1,0,512,train
train_x.npy#1071,0,0,0,512,train
train_x.npy#1072,0,0,0,512,train
train_x.npy#1073,1,1,0,512,train
train_x.npy#1074,1,1,0,512,train
train_x.npy#1075,1,1,0,512,train
train_x.npy#1076,0,0,0,512,train
train_x.npy#1077,0,0,0,512,train
train_x.npy#1078,0,0,0,512,train
train_x.npy#1079,0,0,0,512,train
train_x.npy#1080,0,0,0,512,train
train_x.npy#1081,0,0,0,512,train
train_x.npy#1082,0,0,0,512,train
train_x.npy#1083,0,0,0,512,train
train_x.npy#1084,0,0,0,512,train
train_x.npy#1085,1,1,0,512,train
train_x.npy#1086,1,1,0,512,train
train_x.npy#1087,0,0,0,512,train
train_x.npy#1088,0,0,0,512,train
train_x.npy#1089,0,0,0,512,train
train_x.npy#1090,0,0,0,512,train
train_x.npy#1091,0,0,0,512,train
train_x.npy#1092,1,1,0,512,train
train_x.npy#1093,0,0,0,512,train
train_x.npy#1094,0,0,0,512,train
train_x.npy#1095,1,1,0,512,train
train_x.npy#1096,1,1,0,512,train
train_x.npy#1097,1,1,0,512,train
train_x.npy#1098,0,0,0,512,train
train_x.npy#1099,0,0,0,512,train
train_x.npy#1100,0,0,0,512,train
train_x.npy#1101,0,0,0,512,train
train_x.npy#1102,0,0,0,512,train
train_x.npy#1103,0,0,0,512,train
train_x.npy#1104,0,0,0,512,train
train_x.npy#1105,0,0,0,512,train
train_x.npy#1106,1,1,0,512,train
train_x.npy#1107,0,0,0,512,train
train_x.npy#1108,0,0,0,512,train
train_x.npy#1109,0,0,0,512,train
train_x.npy#1110,0,0,0,512,train
train_x.npy#1111,0,0,0,512,train
train_x.npy#1112,0,0,0,512,train
train_x.npy#1113,0,0,0,512,train
train_x.npy#1114,1,1,0,512,train
train_x.npy#1115,0,0,0,512,train
train_x.npy#1116,0,0,0,512,train
train_x.npy#1117,1,1,0,512,train
train_x.npy#1118,0,0,0,512,train
train_x.npy#1119,1,1,0,512,train
train_x.npy#1120,0,0,0,512,train
train_x.npy#1121,1,1,0,512,train
train_x.npy#1122,0,0,0,512,train
train_x.npy#1123,1,1,0,512,train
train_x.npy#1124,0,0,0,512,train
train_x.npy#1125,0,0,0,512,train
train_x.npy#1126,0,0,0,512,train
train_x.npy#1127,0,0,0,512,train
train_x.npy#1128,1,1,0,512,train
train_x.npy#1129,0,0,0,512,train
train_x.npy#1130,0,0,0,512,train
train_x.npy#1131,1,1,0,512,train
train_x.npy#1132,0,0,0,512,train
train_x.npy#1133,0,0,0,512,train
train_x.npy#1134,0,0,0,512,train
train_x.npy#1135,0,0,0,512,train
train_x.npy#1136,1,1,0,512,train
train_x.npy#1137,0,0,0,512,train
train_x.npy#1138,0,0,0,512,train
train_x.npy#1139,1,1,0,512,train
train_x.npy#1140,0,0,0,512,train
train_x.npy#1141,0,0,0,512,train
train_x.npy#1142,1,1,0,512,train
train_x.npy#1143,1,1,0,512,train
train_x.npy#1144,0,0,0,512,train
train_x.npy#1145,0,0,0,512,train
train_x.npy#1146,1,1,0,512,train
train_x.npy#1147,0,0,0,512,train
train_x.npy#1148,0,0,0,512,train
train_x.npy#1149,1,1,0,512,train
train_x.npy#1150,0,0,0,512,train
train_x.npy#1151,0,0,0,512,train
train_x.npy#1152,0,0,0,512,train
train_x.npy#1153,1,1,0,512,train
train_x.npy#1154,0,0,0,512,train
train_x.npy#1155,1,1,0,512,train
train_x.npy#1156,0,0,0,512,train
train_x.npy#1157,1,1,0,512,train
train_x.npy#1158,0,0,0,512,train
train_x.npy#1159,0,0,0,512,train
train_x.npy#1160,0,0,0,512,train
train_x.npy#1161,0,0,0,512,train
train_x.npy#1162,1,1,0,512,train
train_x.npy#1163,1,1,0,512,train
train_x.npy#1164,1,1,0,512,train
train_x.npy#1165,0,0,0,512,train
train_x.npy#1166,1,1,0,512,train
train_x.npy#1167,0,0,0,512,train
train_x.npy#1168,1,1,0,512,train
train_x.npy#1169,0,0,0,512,train
train_x.npy#1170,1,1,0,512,train
train_x.npy#1171,0,0,0,512,train
train_x.npy#1172,0,0,0,512,train
train_x.npy#1173,0,0,0,512,train
train_x.npy#1174,1,1,0,512,train
train_x.npy#1175,0,0,0,512,train
train_x.npy#1176,0,0,0,512,train
train_x.npy#1177,0,0,0,512,train
train_x.npy#1178,0,0,0,512,train
train_x.npy#1179,0,0,0,512,train
train_x.npy#1180,0,0,0,512,train
train_x.npy#1181,0,0,0,512,train
train_x.npy#1182,1,1,0,512,train
train_x.npy#1183,1,1,0,512,train
train_x.npy#1184,0,0,0,512,train
train_x.npy#1185,0,0,0,512,train
train_x.npy#1186,1,1,0,512,train
train_x.npy#1187,0,0,0,512,train
train_x.npy#1188,0,0,0,512,train
train_x.npy#1189,0,0,0,512,train
train_x.npy#1190,0,0,0,512,train
train_x.npy#1191,1,1,0,512,train
train_x.npy#1192,1,1,0,512,train
train_x.npy#1193,1,1,0,512,train
train_x.npy#1194,0,0,0,512,train
train_x.npy#1195,0,0,0,512,train
train_x.npy#1196,1,1,0,512,train
train_x.npy#1197,0,0,0,512,train
train_x.npy#1198,0,0,0,512,train
train_x.npy#1199,0,0,0,512,train
train_x.npy#1200,1,1,0,512,train
train_x.npy#1201,0,0,0,512,train
train_x.npy#1202,0,0,0,512,train
train_x.npy#1203,0,0,0,512,train
train_x.npy#1204,0,0,0,512,train
train_x.npy#1205,0,0,0,512,train
train_x.npy#1206,0,0,0,512,train
train_x.npy#1207,1,1,0,512,train
train_x.npy#1208,0,0,0,512,train
train_x.npy#1209,0,0,0,512,train
train_x.npy#1210,0,0,0,512,train
train_x.npy#1211,0,0,0,512,train
train_x.npy#1212,0,0,0,512,train
train_x.npy#1213,1,1,0,512,train
train_x.npy#1214,0,0,0,512,train
train_x.npy#1215,0,0,0,512,train
train_x.npy#1216,1,1,0,512,train
train_x.npy#1217,1,1,0,512,train
train_x.npy#1218,0,0,0,512,train
train_x.npy#1219,0,0,0,512,train
train_x.npy#1220,0,0,0,512,train
train_x.npy#1221,1,1,0,512,train
train_x.npy#1222,1,1,0,512,train
train_x.npy#1223,0,0,0,512,train
train_x.npy#1224,1,1,0,512,train
train_x.npy#1225,0,0,0,512,train
train_x.npy#1226,0,0,0,512,train
train_x.npy#1227,0,0,0,512,train
train_x.npy#1228,0,0,0,512,train
train_x.npy#1229,0,0,0,512,train
train_x.npy#1230,0,0,0,512,train
train_x.npy#1231,0,0,0,512,train
train_x.npy#1232,0,0,0,512,train
train_x.npy#1233,0,0,0,512,train
train_x.npy#1234,0,0,0,512,train
train_x.npy#1235,0,0,0,512,train
train_x.npy#1236,1,1,0,512,train
train_x.npy#1237,0,0,0,512,train
train_x.npy#1238,0,0,0,512,train
train_x.npy#1239,0,0,0,512,train
train_x.npy#1240,0,0,0,512,train
train_x.npy#1241,0,0,0,512,train
train_x.npy#1242,0,0,0,512,train
train_x.npy#1243,1,1,0,512,train
train_x.npy#1244,0,0,0,512,train
train_x.npy#1245,0,0,0,512,train
train_x.npy#1246,0,0,0,512,train
train_x.npy#1247,1,1,0,512,train
train_x.npy#1248,0,0,0,512,train
train_x.npy#1249,0,0,0,512,train
train_x.npy#1250,0,0,0,512,train
train_x.npy#1251,1,1,0,512,train
train_x.npy#1252,0,0,0,512,train
train_x.npy#1253,0,0,0,512,train
train_x.npy#1254,0,0,0,512,train
train_x.npy#1255,0,0,0,512,train
train_x.npy#1256,1,1,0,512,train
train_x.npy#1257,0,0,0,512,train
train_x.npy#1258,0,0,0,512,train
train_x.npy#1259,1,1,0,512,train
train_x.npy#1260,0,0,0,512,train
train_x.npy#1261,0,0,0,512,train
train_x.npy#1262,0,0,0,512,train
train_x.npy#1263,0,0,0,512,train
train_x.npy#1264,1,1,0,512,train
train_x.npy#1265,0,0,0,512,train
train_x.npy#1266,0,0,0,512,train
train_x.npy#1267,1,1,0,512,train
train_x.npy#1268,1,1,0,512,train
train_x.npy#1269,0,0,0,512,train
train_x.npy#1270,0,0,0,512,train
train_x.npy#1271,0,0,0,512,train
train_x.npy#1272,1,1,0,512,train
train_x.npy#1273,0,0,0,512,train
train_x.npy#1274,0,0,0,512,train
train_x.npy#1275,0,0,0,512,train
train_x.npy#1276,1,1,0,512,train
train_x.npy#1277,1,1,0,512,train
train_x.npy#1278,1,1,0,512,train
train_x.npy#1279,0,0,0,512,train
train_x.npy#1280,1,1,0,512,train
train_x.npy#1281,1,1,0,512,train
train_x.npy#1282,0,0,0,512,train
train_x.npy#1283,0,0,0,512,train
train_x.npy#1284,0,0,0,512,train
train_x.npy#1285,0,0,0,512,train
train_x.npy#1286,0,0,0,512,train
train_x.npy#1287,0,0,0,512,train
train_x.npy#1288,0,0,0,512,train
train_x.npy#1289,0,0,0,512,train
train_x.npy#1290,0,0,0,512,train
train_x.npy#1291,0,0,0,512,train
train_x.npy#1292,0,0,0,512,train
train_x.npy#1293,1,1,0,512,train
train_x.npy#1294,0,0,0,512,train
train_x.npy#1295,1,1,0,512,train
train_x.npy#1296,0,0,0,512,train
train_x.npy#1297,0,0,0,512,train
train_x.npy#1298,0,0,0,512,train
train_x.npy#1299,0,0,0,512,train
train_x.npy#1300,1,1,0,512,train
train_x.npy#1301,0,0,0,512,train
train_x.npy#1302,1,1,0,512,train
train_x.npy#1303,0,0,0,512,train
train_x.npy#1304,1,1,0,512,train
train_x.npy#1305,0,0,0,512,train
train_x.npy#1306,1,1,0,512,train
train_x.npy#1307,0,0,0,512,train
train_x.npy#1308,0,0,0,512,train
train_x.npy#1309,0,0,0,512,train
train_x.npy#1310,0,0,0,512,train
train_x.npy#1311,0,0,0,512,train
train_x.npy#1312,1,1,0,512,train
train_x.npy#1313,1,1,0,512,train
train_x.npy#1314,1,1,0,512,train
train_x.npy#1315,0,0,0,512,train
train_x.npy#1316,1,1,0,512,train
train_x.npy#1317,0,0,0,512,train
train_x.npy#1318,1,1,0,512,train
train_x.npy#1319,1,1,0,512,train
train_x.npy#1320,0,0,0,512,train
train_x.npy#1321,0,0,0,512,train
train_x.npy#1322,0,0,0,512,train
train_x.npy#1323,0,0,0,512,train
train_x.npy#1324,1,1,0,512,train
train_x.npy#1325,0,0,0,512,train
train_x.npy#1326,1,1,0,512,train
train_x.npy#1327,0,0,0,512,train
train_x.npy#1328,0,0,0,512,train
train_x.npy#1329,0,0,0,512,train
train_x.npy#1330,1,1,0,512,train
train_x.npy#1331,1,1,0,512,train
train_x.npy#1332,0,0,0,512,train
train_x.npy#1333,0,0,0,512,train
train_x.npy#1334,0,0,0,512,train
train_x.npy#1335,0,0,0,512,train
train_x.npy#1336,0,0,0,512,train
train_x.npy#1337,1,1,0,512,train
train_x.npy#1338,1,1,0,512,train
train_x.npy#1339,0,0,0,512,train
train_x.npy#1340,0,0,0,512,train
train_x.npy#1341,1,1,0,512,train
train_x.npy#1342,1,1,0,512,train
train_x.npy#1343,1,1,0,512,train
train_x.npy#1344,0,0,0,512,train
train_x.npy#1345,1,1,0,512,train
train_x.npy#1346,0,0,0,512,train
train_x.npy#1347,0,0,0,512,train
train_x.npy#1348,0,0,0,512,train
train_x.npy#1349,0,0,0,512,train
train_x.npy#1350,0,0,0,512,train
train_x.npy#1351,1,1,0,512,train
train_x.npy#1352,0,0,0,512,train
train_x.npy#1353,0,0,0,512,train
train_x.npy#1354,1,1,0,512,train
train_x.npy#1355,0,0,0,512,train
train_x.npy#1356,1,1,0,512,train
train_x.npy#1357,0,0,0,512,train
train_x.npy#1358,1,1,0,512,train
train_x.npy#1359,1,1,0,512,train
train_x.npy#1360,0,0,0,512,train
train_x.npy#1361,0,0,0,512,train
train_x.npy#1362,1,1,0,512,train
train_x.npy#1363,1,1,0,512,train
train_x.npy#1364,0,0,0,512,train
train_x.npy#1365,1,1,0,512,train
train_x.npy#1366,0,0,0,512,train
train_x.npy#1367,1,1,0,512,train
train_x.npy#1368,0,0,0,512,train
train_x.npy#1369,0,0,0,512,train
train_x.npy#1370,0,0,0,512,train
train_x.npy#1371,1,1,0,512,train
train_x.npy#1372,0,0,0,512,train
train_x.npy#1373,1,1,0,512,train
train_x.npy#1374,1,1,0,512,train
train_x.npy#1375,0,0,0,512,train
train_x.npy#1376,0,0,0,512,train
train_x.npy#1377,1,1,0,512,train
train_x.npy#1378,0,0,0,512,train
train_x.npy#1379,0,0,0,512,train
train_x.npy#1380,0,0,0,512,train
train_x.npy#1381,0,0,0,512,train
train_x.npy#1382,0,0,0,512,train
train_x.npy#1383,0,0,0,512,train
train_x.npy#1384,0,0,0,512,train
train_x.npy#1385,0,0,0,512,train
train_x.npy#1386,0,0,0,512,train
train_x.npy#1387,0,0,0,512,train
train_x.npy#1388,0,0,0,512,train
train_x.npy#1389,0,0,0,512,train
train_x.npy#1390,0,0,0,512,train
train_x.npy#1391,1,1,0,512,train
train_x.npy#1392,0,0,0,512,train
train_x.npy#1393,1,1,0,512,train
train_x.npy#1394,1,1,0,512,train
train_x.npy#1395,0,0,0,512,train
train_x.npy#1396,0,0,0,512,train
train_x.npy#1397,0,0,0,512,train
train_x.npy#1398,0,0,0,512,train
train_x.npy#1399,0,0,0,512,train
train_x.npy#1400,0,0,0,512,train
train_x.npy#1401,0,0,0,512,train
train_x.npy#1402,0,0,0,512,train
train_x.npy#1403,1,1,0,512,train
train_x.npy#1404,1,1,0,512,train
train_x.npy#1405,0,0,0,512,train
train_x.npy#1406,0,0,0,512,train
train_x.npy#1407,0,0,0,512,train
train_x.npy#1408,0,0,0,512,train
train_x.npy#1409,0,0,0,512,train
train_x.npy#1410,1,1,0,512,train
train_x.npy#1411,1,1,0,512,train
train_x.npy#1412,0,0,0,512,train
train_x.npy#1413,0,0,0,512,train
train_x.npy#1414,0,0,0,512,train
train_x.npy#1415,1,1,0,512,train
train_x.npy#1416,0,0,0,512,train
train_x.npy#1417,0,0,0,512,train
train_x.npy#1418,0,0,0,512,train
train_x.npy#1419,1,1,0,512,train
train_x.npy#1420,1,1,0,512,train
train_x.npy#1421,0,0,0,512,train
train_x.npy#1422,0,0,0,512,train
train_x.npy#1423,1,1,0,512,train
train_x.npy#1424,0,0,0,512,train
train_x.npy#1425,0,0,0,512,train
train_x.npy#1426,0,0,0,512,train
train_x.npy#1427,1,1,0,512,train
train_x.npy#1428,0,0,0,512,train
train_x.npy#1429,1,1,0,512,train
train_x.npy#1430,0,0,0,512,train
train_x.npy#1431,1,1,0,512,train
train_x.npy#1432,0,0,0,512,train
train_x.npy#1433,0,0,0,512,train
train_x.npy#1434,1,1,0,512,train
train_x.npy#1435,1,1,0,512,train
train_x.npy#1436,0,0,0,512,train
train_x.npy#1437,0,0,0,512,train
train_x.npy#1438,1,1,0,512,train
train_x.npy#1439,0,0,0,512,train
train_x.npy#1440,1,1,0,512,train
train_x.npy#1441,0,0,0,512,train
train_x.npy#1442,1,1,0,512,train
train_x.npy#1443,0,0,0,512,train
train_x.npy#1444,1,1,0,512,train
train_x.npy#1445,0,0,0,512,train
train_x.npy#1446,0,0,0,512,train
train_x.npy#1447,0,0,0,512,train
train_x.npy#1448,0,0,0,512,train
train_x.npy#1449,1,1,0,512,train
train_x.npy#1450,1,1,0,512,train
train_x.npy#1451,1,1,0,512,train
train_x.npy#1452,1,1,0,512,train
train_x.npy#1453,1,1,0,512,train
train_x.npy#1454,1,1,0,512,train
train_x.npy#1455,0,0,0,512,train
train_x.npy#1456,0,0,0,512,train
train_x.npy#1457,0,0,0,512,train
train_x.npy#1458,0,0,0,512,train
train_x.npy#1459,1,1,0,512,train
train_x.npy#1460,1,1,0,512,train
train_x.npy#1461,1,1,0,512,train
train_x.npy#1462,1,1,0,512,train
train_x.npy#1463,0,0,0,512,train
train_x.npy#1464,0,0,0,512,train
train_x.npy#1465,1,1,0,512,train
train_x.npy#1466,0,0,0,512,train
train_x.npy#1467,0,0,0,512,train
train_x.npy#1468,0,0,0,512,train
train_x.npy#1469,0,0,0,512,train
train_x.npy#1470,0,0,0,512,train
train_x.npy#1471,0,0,0,512,train
train_x.npy#1472,0,0,0,512,train
train_x.npy#1473,1,1,0,512,train
train_x.npy#1474,0,0,0,512,train
train_x.npy#1475,1,1,0,512,train
train_x.npy#1476,0,0,0,512,train
train_x.npy#1477,1,1,0,512,train
train_x.npy#1478,0,0,0,512,train
train_x.npy#1479,1,1,0,512,train
train_x.npy#1480,0,0,0,512,train
train_x.npy#1481,0,0,0,512,train
train_x.npy#1482,0,0,0,512,train
train_x.npy#1483,0,0,0,512,train
train_x.npy#1484,0,0,0,512,train
train_x.npy#1485,0,0,0,512,train
train_x.npy#1486,1,1,0,512,train
train_x.npy#1487,0,0,0,512,train
train_x.npy#1488,0,0,0,512,train
train_x.npy#1489,0,0,0,512,train
train_x.npy#1490,1,1,0,512,train
train_x.npy#1491,0,0,0,512,train
train_x.npy#1492,0,0,0,512,train
train_x.npy#1493,0,0,0,512,train
train_x.npy#1494,1,1,0,512,train
train_x.npy#1495,0,0,0,512,train
train_x.npy#1496,0,0,0,512,train
train_x.npy#1497,1,1,0,512,train
train_x.npy#1498,1,1,0,512,train
train_x.npy#1499,1,1,0,512,train
train_x.npy#1500,0,0,0,512,train
train_x.npy#1501,1,1,0,512,train
train_x.npy#1502,1,1,0,512,train
train_x.npy#1503,0,0,0,512,train
train_x.npy#1504,0,0,0,512,train
train_x.npy#1505,0,0,0,512,train
train_x.npy#1506,0,0,0,512,train
train_x.npy#1507,1,1,0,512,train
train_x.npy#1508,1,1,0,512,train
train_x.npy#1509,0,0,0,512,train
train_x.npy#1510,1,1,0,512,train
train_x.npy#1511,0,0,0,512,train
train_x.npy#1512,1,1,0,512,train
train_x.npy#1513,1,1,0,512,train
train_x.npy#1514,0,0,0,512,train
train_x.npy#1515,0,0,0,512,train
train_x.npy#1516,1,1,0,512,train
train_x.npy#1517,0,0,0,512,train
train_x.npy#1518,0,0,0,512,train
train_x.npy#1519,0,0,0,512,train
train_x.npy#1520,1,1,0,512,train
train_x.npy#1521,1,1,0,512,train
train_x.npy#1522,1,1,0,512,train
train_x.npy#1523,0,0,0,512,train
train_x.npy#1524,0,0,0,512,train
train_x.npy#1525,0,0,0,512,train
train_x.npy#1526,0,0,0,512,train
train_x.npy#1527,0,0,0,512,train
train_x.npy#1528,1,1,0,512,train
train_x.npy#1529,0,0,0,512,train
train_x.npy#1530,1,1,0,512,train
train_x.npy#1531,1,1,0,512,train
train_x.npy#1532,0,0,0,512,train
train_x.npy#1533,1,1,0,512,train
train_x.npy#1534,0,0,0,512,train
train_x.npy#1535,0,0,0,512,train
train_x.npy#1536,1,1,0,512,train
train_x.npy#1537,1,1,0,512,train
train_x.npy#1538,0,0,0,512,train
train_x.npy#1539,0,0,0,512,train
train_x.npy#1540,0,0,0,512,train
train_x.npy#1541,0,0,0,512,train
train_x.npy#1542,0,0,0,512,train
train_x.npy#1543,0,0,0,512,train
train_x.npy#1544,1,1,0,512,train
train_x.npy#1545,0,0,0,512,train
train_x.npy#1546,0,0,0,512,train
train_x.npy#1547,0,0,0,512,train
train_x.npy#1548,1,1,0,512,train
train_x.npy#1549,0,0,0,512,train
train_x.npy#1550,0,0,0,512,train
train_x.npy#1551,0,0,0,512,train
train_x.npy#1552,1,1,0,512,train
train_x.npy#1553,1,1,0,512,train
train_x.npy#1554,0,0,0,512,train
train_x.npy#1555,1,1,0,512,train
train_x.npy#1556,0,0,0,512,train
train_x.npy#1557,0,0,0,512,train
train_x.npy#1558,1,1,0,512,train
train_x.npy#1559,0,0,0,512,train
train_x.npy#1560,0,0,0,512,train
train_x.npy#1561,1,1,0,512,train
train_x.npy#1562,0,0,0,512,train
train_x.npy#1563,0,0,0,512,train
train_x.npy#1564,0,0,0,512,train
train_x.npy#1565,1,1,0,512,train
train_x.npy#1566,0,0,0,512,train
train_x.npy#1567,1,1,0,512,train
train_x.npy#1568,0,0,0,512,train
train_x.npy#1569,1,1,0,512,train
train_x.npy#1570,0,0,0,512,train
train_x.npy#1571,1,1,0,512,train
train_x.npy#1572,1,1,0,512,train
train_x.npy#1573,0,0,0,512,train
train_x.npy#1574,0,0,0,512,train
train_x.npy#1575,1,1,0,512,train
train_x.npy#1576,1,1,0,512,train
train_x.npy#1577,0,0,0,512,train
train_x.npy#1578,1,1,0,512,train
train_x.npy#1579,1,1,0,512,train
train_x.npy#1580,0,0,0,512,train
train_x.npy#1581,0,0,0,512,train
train_x.npy#1582,0,0,0,512,train
train_x.npy#1583,1,1,0,512,train
train_x.npy#1584,0,0,0,512,train
train_x.npy#1585,1,1,0,512,train
train_x.npy#1586,0,0,0,512,train
train_x.npy#1587,0,0,0,512,train
train_x.npy#1588,0,0,0,512,train
train_x.npy#1589,0,0,0,512,train
train_x.npy#1590,0,0,0,512,train
train_x.npy#1591,1,1,0,512,train
train_x.npy#1592,0,0,0,512,train
train_x.npy#1593,1,1,0,512,train
train_x.npy#1594,0,0,0,512,train
train_x.npy#1595,0,0,0,512,train
train_x.npy#1596,1,1,0,512,train
train_x.npy#1597,0,0,0,512,train
train_x.npy#1598,0,0,0,512,train
train_x.npy#1599,0,0,0,512,train
train_x.npy#1600,0,0,0,512,train
train_x.npy#1601,0,0,0,512,train
train_x.npy#1602,1,1,0,512,train
train_x.npy#1603,1,1,0,512,train
train_x.npy#1604,0,0,0,512,train
train_x.npy#1605,0,0,0,512,train
train_x.npy#1606,0,0,0,512,train
train_x.npy#1607,1,1,0,512,train
train_x.npy#1608,0,0,0,512,train
train_x.npy#1609,0,0,0,512,train
train_x.npy#1610,0,0,0,512,train
train_x.npy#1611,0,0,0,512,train
train_x.npy#1612,1,1,0,512,train
train_x.npy#1613,0,0,0,512,train
train_x.npy#1614,0,0,0,512,train
train_x.npy#1615,1,1,0,512,train
train_x.npy#1616,0,0,0,512,train
train_x.npy#1617,1,1,0,512,train
train_x.npy#1618,0,0,0,512,train
train_x.npy#1619,0,0,0,512,train
train_x.npy#1620,1,1,0,512,train
train_x.npy#1621,0,0,0,512,train
train_x.npy#1622,0,0,0,512,train
train_x.npy#1623,0,0,0,512,train
train_x.npy#1624,1,1,0,512,train
train_x.npy#1625,0,0,0,512,train
train_x.npy#1626,1,1,0,512,train
train_x.npy#1627,1,1,0,512,train
train_x.npy#1628,0,0,0,512,train
train_x.npy#1629,1,1,0,512,train
train_x.npy#1630,0,0,0,512,train
train_x.npy#1631,0,0,0,512,train
train_x.npy#1632,0,0,0,512,train
train_x.npy#1633,0,0,0,512,train
train_x.npy#1634,0,0,0,512,train
train_x.npy#1635,0,0,0,512,train
train_x.npy#1636,0,0,0,512,train
train_x.npy#1637,0,0,0,512,train
train_x.npy#1638,0,0,0,512,train
train_x.npy#1639,0,0,0,512,train
train_x.npy#1640,1,1,0,512,train
train_x.npy#1641,0,0,0,512,train
train_x.npy#1642,0,0,0,512,train
train_x.npy#1643,0,0,0,512,train
train_x.npy#1644,0,0,0,512,train
train_x.npy#1645,0,0,0,512,train
train_x.npy#1646,0,0,0,512,train
train_x.npy#1647,0,0,0,512,train
train_x.npy#1648,0,0,0,512,train
train_x.npy#1649,0,0,0,512,train
train_x.npy#1650,0,0,0,512,train
train_x.npy#1651,0,0,0,512,train
train_x.npy#1652,1,1,0,512,train
train_x.npy#1653,0,0,0,512,train
train_x.npy#1654,0,0,0,512,train
train_x.npy#1655,0,0,0,512,train
train_x.npy#1656,0,0,0,512,train
train_x.npy#1657,0,0,0,512,train
train_x.npy#1658,0,0,0,512,train
train_x.npy#1659,0,0,0,512,train
train_x.npy#1660,0,0,0,512,train
train_x.npy#1661,0,0,0,512,train
train_x.npy#1662,0,0,0,512,train
train_x.npy#1663,0,0,0,512,train
train_x.npy#1664,0,0,0,512,train
train_x.npy#1665,1,1,0,512,train
train_x.npy#1666,1,1,0,512,train
train_x.npy#1667,0,0,0,512,train
train_x.npy#1668,0,0,0,512,train
train_x.npy#1669,1,1,0,512,train
train_x.npy#1670,0,0,0,512,train
train_x.npy#1671,0,0,0,512,train
train_x.npy#1672,0,0,0,512,train
train_x.npy#1673,1,1,0,512,train
train_x.npy#1674,1,1,0,512,train
train_x.npy#1675,1,1,0,512,train
train_x.npy#1676,0,0,0,512,train
train_x.npy#1677,0,0,0,512,train
train_x.npy#1678,0,0,0,512,train
train_x.npy#1679,1,1,0,512,train
train_x.npy#1680,1,1,0,512,train
train_x.npy#1681,0,0,0,512,train
train_x.npy#1682,0,0,0,512,train
train_x.npy#1683,0,0,0,512,train
train_x.npy#1684,0,0,0,512,train
train_x.npy#1685,1,1,0,512,train
train_x.npy#1686,0,0,0,512,train
train_x.npy#1687,0,0,0,512,train
train_x.npy#1688,0,0,0,512,train
train_x.npy#1689,0,0,0,512,train
train_x.npy#1690,1,1,0,512,train
train_x.npy#1691,1,1,0,512,train
train_x.npy#1692,0,0,0,512,train
train_x.npy#1693,0,0,0,512,train
train_x.npy#1694,0,0,0,512,train
train_x.npy#1695,0,0,0,512,train
train_x.npy#1696,0,0,0,512,train
train_x.npy#1697,0,0,0,512,train
train_x.npy#1698,0,0,0,512,train
train_x.npy#1699,0,0,0,512,train
train_x.npy#1700,0,0,0,512,train
train_x.npy#1701,0,0,0,512,train
train_x.npy#1702,1,1,0,512,train
train_x.npy#1703,0,0,0,512,train
train_x.npy#1704,1,1,0,512,train
train_x.npy#1705,0,0,0,512,train
train_x.npy#1706,0,0,0,512,train
train_x.npy#1707,1,1,0,512,train
train_x.npy#1708,0,0,0,512,train
train_x.npy#1709,1,1,0,512,train
train_x.npy#1710,1,1,0,512,train
train_x.npy#1711,1,1,0,512,train
train_x.npy#1712,0,0,0,512,train
train_x.npy#1713,0,0,0,512,train
train_x.npy#1714,1,1,0,512,train
train_x.npy#1715,0,0,0,512,train
train_x.npy#1716,0,0,0,512,train
train_x.npy#1717,0,0,0,512,train
train_x.npy#1718,0,0,0,512,train
train_x.npy#1719,0,0,0,512,train
train_x.npy#1720,0,0,0,512,train
train_x.npy#1721,0,0,0,512,train
train_x.npy#1722,0,0,0,512,train
train_x.npy#1723,0,0,0,512,train
train_x.npy#1724,0,0,0,512,train
train_x.npy#1725,0,0,0,512,train
train_x.npy#1726,0,0,0,512,train
train_x.npy#1727,0,0,0,512,train
train_x.npy#1728,1,1,0,512,train
train_x.npy#1729,0,0,0,512,train
train_x.npy#1730,1,1,0,512,train
train_x.npy#1731,1,1,0,512,train
train_x.npy#1732,1,1,0,512,train
train_x.npy#1733,0,0,0,512,train
train_x.npy#1734,1,1,0,512,train
train_x.npy#1735,1,1,0,512,train
train_x.npy#1736,0,0,0,512,train
train_x.npy#1737,0,0,0,512,train
train_x.npy#1738,1,1,0,512,train
train_x.npy#1739,1,1,0,512,train
train_x.npy#1740,0,0,0,512,train
train_x.npy#1741,0,0,0,512,train
train_x.npy#1742,0,0,0,512,train
train_x.npy#1743,0,0,0,512,train
train_x.npy#1744,0,0,0,512,train
train_x.npy#1745,0,0,0,512,train
train_x.npy#1746,0,0,0,512,train
train_x.npy#1747,1,1,0,512,train
train_x.npy#1748,0,0,0,512,train
train_x.npy#1749,0,0,0,512,train
train_x.npy#1750,1,1,0,512,train
train_x.npy#1751,0,0,0,512,train
train_x.npy#1752,0,0,0,512,train
train_x.npy#1753,1,1,0,512,train
train_x.npy#1754,0,0,0,512,train
train_x.npy#1755,1,1,0,512,train
train_x.npy#1756,1,1,0,512,train
train_x.npy#1757,0,0,0,512,train
train_x.npy#1758,0,0,0,512,train
train_x.npy#1759,0,0,0,512,train
train_x.npy#1760,0,0,0,512,train
train_x.npy#1761,0,0,0,512,train
train_x.npy#1762,0,0,0,512,train
train_x.npy#1763,1,1,0,512,train
train_x.npy#1764,1,1,0,512,train
train_x.npy#1765,0,0,0,512,train
train_x.npy#1766,0,0,0,512,train
train_x.npy#1767,0,0,0,512,train
train_x.npy#1768,0,0,0,512,train
train_x.npy#1769,1,1,0,512,train
train_x.npy#1770,0,0,0,512,train
train_x.npy#1771,0,0,0,512,train
train_x.npy#1772,0,0,0,512,train
train_x.npy#1773,0,0,0,512,train
train_x.npy#1774,1,1,0,512,train
train_x.npy#1775,0,0,0,512,train
train_x.npy#1776,0,0,0,512,train
train_x.npy#1777,0,0,0,512,train
train_x.npy#1778,0,0,0,512,train
train_x.npy#1779,0,0,0,512,train
train_x.npy#1780,0,0,0,512,train
train_x.npy#1781,1,1,0,512,train
train_x.npy#1782,0,0,0,512,train
train_x.npy#1783,0,0,0,512,train
train_x.npy#1784,1,1,0,512,train
train_x.npy#1785,0,0,0,512,train
train_x.npy#1786,0,0,0,512,train
train_x.npy#1787,0,0,0,512,train
train_x.npy#1788,0,0,0,512,train
train_x.npy#1789,0,0,0,512,train
train_x.npy#1790,1,1,0,512,train
train_x.npy#1791,0,0,0,512,train
train_x.npy#1792,0,0,0,512,train
train_x.npy#1793,0,0,0,512,train
train_x.npy#1794,1,1,0,512,train
train_x.npy#1795,1,1,0,512,train
train_x.npy#1796,1,1,0,512,train
train_x.npy#1797,0,0,0,512,train
train_x.npy#1798,0,0,0,512,train
train_x.npy#1799,0,0,0,512,train
train_x.npy#1800,0,0,0,512,train
train_x.npy#1801,0,0,0,512,train
train_x.npy#1802,1,1,0,512,train
train_x.npy#1803,0,0,0,512,train
train_x.npy#1804,0,0,0,512,train
train_x.npy#1805,0,0,0,512,train
train_x.npy#1806,0,0,0,512,train
train_x.npy#1807,0,0,0,512,train
train_x.npy#1808,0,0,0,512,train
train_x.npy#1809,0,0,0,512,train
train_x.npy#1810,0,0,0,512,train
train_x.npy#1811,0,0,0,512,train
train_x.npy#1812,0,0,0,512,train
train_x.npy#1813,1,1,0,512,train
train_x.npy#1814,0,0,0,512,train
train_x.npy#1815,0,0,0,512,train
train_x.npy#1816,0,0,0,512,train
train_x.npy#1817,0,0,0,512,train
train_x.npy#1818,0,0,0,512,train
train_x.npy#1819,0,0,0,512,train
train_x.npy#1820,0,0,0,512,train
train_x.npy#1821,0,0,0,512,train
train_x.npy#1822,1,1,0,512,train
train_x.npy#1823,0,0,0,512,train
train_x.npy#1824,1,1,0,512,train
train_x.npy#1825,0,0,0,512,train
train_x.npy#1826,0,0,0,512,train
train_x.npy#1827,0,0,0,512,train
train_x.npy#1828,0,0,0,512,train
train_x.npy#1829,0,0,0,512,train
train_x.npy#1830,1,1,0,512,train
train_x.npy#1831,0,0,0,512,train
train_x.npy#1832,1,1,0,512,train
train_x.npy#1833,0,0,0,512,train
train_x.npy#1834,0,0,0,512,train
train_x.npy#1835,1,1,0,512,train
train_x.npy#1836,0,0,0,512,train
train_x.npy#1837,0,0,0,512,train
train_x.npy#1838,0,0,0,512,train
train_x.npy#1839,0,0,0,512,train
train_x.npy#1840,1,1,0,512,train
train_x.npy#1841,0,0,0,512,train
train_x.npy#1842,0,0,0,512,train
train_x.npy#1843,1,1,0,512,train
train_x.npy#1844,1,1,0,512,train
train_x.npy#1845,0,0,0,512,train
train_x.npy#1846,0,0,0,512,train
train_x.npy#1847,1,1,0,512,train
train_x.npy#1848,1,1,0,512,train
train_x.npy#1849,1,1,0,512,train
train_x.npy#1850,0,0,0,512,train
train_x.npy#1851,1,1,0,512,train
train_x.npy#1852,0,0,0,512,train
train_x.npy#1853,0,0,0,512,train
train_x.npy#1854,0,0,0,512,train
train_x.npy#1855,0,0,0,512,train
train_x.npy#1856,0,0,0,512,train
train_x.npy#1857,0,0,0,512,train
train_x.npy#1858,1,1,0,512,train
train_x.npy#1859,0,0,0,512,train
train_x.npy#1860,0,0,0,512,train
train_x.npy#1861,1,1,0,512,train
train_x.npy#1862,1,1,0,512,train
train_x.npy#1863,0,0,0,512,train
train_x.npy#1864,0,0,0,512,train
train_x.npy#1865,0,0,0,512,train
train_x.npy#1866,0,0,0,512,train
train_x.npy#1867,0,0,0,512,train
train_x.npy#1868,1,1,0,512,train
train_x.npy#1869,0,0,0,512,train
train_x.npy#1870,0,0,0,512,train
train_x.npy#1871,1,1,0,512,train
train_x.npy#1872,1,1,0,512,train
train_x.npy#1873,0,0,0,512,train
train_x.npy#1874,0,0,0,512,train
train_x.npy#1875,1,1,0,512,train
train_x.npy#1876,0,0,0,512,train
train_x.npy#1877,1,1,0,512,train
train_x.npy#1878,1,1,0,512,train
train_x.npy#1879,1,1,0,512,train
train_x.npy#1880,0,0,0,512,train
train_x.npy#1881,0,0,0,512,train
train_x.npy#1882,0,0,0,512,train
train_x.npy#1883,1,1,0,512,train
train_x.npy#1884,1,1,0,512,train
train_x.npy#1885,1,1,0,512,train
train_x.npy#1886,0,0,0,512,train
train_x.npy#1887,0,0,0,512,train
train_x.npy#1888,0,0,0,512,train
train_x.npy#1889,0,0,0,512,train
train_x.npy#1890,0,0,0,512,train
train_x.npy#1891,0,0,0,512,train
train_x.npy#1892,1,1,0,512,train
train_x.npy#1893,0,0,0,512,train
train_x.npy#1894,0,0,0,512,train
train_x.npy#1895,0,0,0,512,train
train_x.npy#1896,1,1,0,512,train
train_x.npy#1897,1,1,0,512,train
train_x.npy#1898,1,1,0,512,train
train_x.npy#1899,0,0,0,512,train
train_x.npy#1900,1,1,0,512,train
train_x.npy#1901,1,1,0,512,train
train_x.npy#1902,0,0,0,512,train
train_x.npy#1903,0,0,0,512,train
train_x.npy#1904,0,0,0,512,train
train_x.npy#1905,0,0,0,512,train
train_x.npy#1906,0,0,0,512,train
train_x.npy#1907,0,0,0,512,train
train_x.npy#1908,0,0,0,512,train
train_x.npy#1909,1,1,0,512,train
train_x.npy#1910,0,0,0,512,train
train_x.npy#1911,0,0,0,512,train
train_x.npy#1912,0,0,0,512,train
train_x.npy#1913,0,0,0,512,train
train_x.npy#1914,0,0,0,512,train
train_x.npy#1915,0,0,0,512,train
train_x.npy#1916,0,0,0,512,train
train_x.npy#1917,0,0,0,512,train
train_x.npy#1918,0,0,0,512,train
train_x.npy#1919,0,0,0,512,train
train_x.npy#1920,1,1,0,512,train
train_x.npy#1921,1,1,0,512,train
train_x.npy#1922,1,1,0,512,train
train_x.npy#1923,0,0,0,512,train
train_x.npy#1924,1,1,0,512,train
train_x.npy#1925,1,1,0,512,train
train_x.npy#1926,0,0,0,512,train
train_x.npy#1927,1,1,0,512,train
train_x.npy#1928,1,1,0,512,train
train_x.npy#1929,0,0,0,512,train
train_x.npy#1930,0,0,0,512,train
train_x.npy#1931,0,0,0,512,train
train_x.npy#1932,0,0,0,512,train
train_x.npy#1933,0,0,0,512,train
train_x.npy#1934,0,0,0,512,train
train_x.npy#1935,0,0,0,512,train
train_x.npy#1936,0,0,0,512,train
train_x.npy#1937,0,0,0,512,train
train_x.npy#1938,0,0,0,512,train
train_x.npy#1939,1,1,0,512,train
train_x.npy#1940,0,0,0,512,train
train_x.npy#1941,0,0,0,512,train
train_x.npy#1942,0,0,0,512,train
train_x.npy#1943,0,0,0,512,train
train_x.npy#1944,0,0,0,512,train
train_x.npy#1945,1,1,0,512,train
train_x.npy#1946,1,1,0,512,train
train_x.npy#1947,0,0,0,512,train
train_x.npy#1948,0,0,0,512,train
train_x.npy#1949,0,0,0,512,train
train_x.npy#1950,1,1,0,512,train
train_x.npy#1951,0,0,0,512,train
train_x.npy#1952,0,0,0,512,train
train_x.npy#1953,1,1,0,512,train
train_x.npy#1954,0,0,0,512,train
train_x.npy#1955,0,0,0,512,train
train_x.npy#1956,0,0,0,512,train
train_x.npy#1957,0,0,0,512,train
train_x.npy#1958,1,1,0,512,train
train_x.npy#1959,1,1,0,512,train
train_x.npy#1960,1,1,0,512,train
train_x.npy#1961,0,0,0,512,train
train_x.npy#1962,1,1,0,512,train
train_x.npy#1963,0,0,0,512,train
train_x.npy#1964,0,0,0,512,train
train_x.npy#1965,0,0,0,512,train
train_x.npy#1966,0,0,0,512,train
train_x.npy#1967,1,1,0,512,train
train_x.npy#1968,0,0,0,512,train
train_x.npy#1969,0,0,0,512,train
train_x.npy#1970,0,0,0,512,train
train_x.npy#1971,0,0,0,512,train
train_x.npy#1972,1,1,0,512,train
train_x.npy#1973,0,0,0,512,train
train_x.npy#1974,0,0,0,512,train
train_x.npy#1975,1,1,0,512,train
train_x.npy#1976,0,0,0,512,train
train_x.npy#1977,0,0,0,512,train
train_x.npy#1978,0,0,0,512,train
train_x.npy#1979,0,0,0,512,train
train_x.npy#1980,0,0,0,512,train
train_x.npy#1981,0,0,0,512,train
train_x.npy#1982,0,0,0,512,train
train_x.npy#1983,0,0,0,512,train
train_x.npy#1984,0,0,0,512,train
train_x.npy#1985,0,0,0,512,train
train_x.npy#1986,0,0,0,512,train
train_x.npy#1987,1,1,0,512,train
train_x.npy#1988,0,0,0,512,train
train_x.npy#1989,0,0,0,512,train
train_x.npy#1990,0,0,0,512,train
train_x.npy#1991,0,0,0,512,train
train_x.npy#1992,0,0,0,512,train
train_x.npy#1993,0,0,0,512,train
train_x.npy#1994,1,1,0,512,train
train_x.npy#1995,1,1,0,512,train
train_x.npy#1996,1,1,0,512,train
train_x.npy#1997,0,0,0,512,train
train_x.npy#1998,1,1,0,512,train
train_x.npy#1999,0,0,0,512,train
train_x.npy#2000,1,1,0,512,train
train_x.npy#2001,0,0,0,512,train
train_x.npy#2002,0,0,0,512,train
train_x.npy#2003,0,0,0,512,train
train_x.npy#2004,0,0,0,512,train
train_x.npy#2005,1,1,0,512,train
train_x.npy#2006,1,1,0,512,train
train_x.npy#2007,1,1,0,512,train
train_x.npy#2008,1,1,0,512,train
train_x.npy#2009,1,1,0,512,train
train_x.npy#2010,0,0,0,512,train
train_x.npy#2011,0,0,0,512,train
train_x.npy#2012,0,0,0,512,train
train_x.npy#2013,0,0,0,512,train
train_x.npy#2014,1,1,0,512,train
train_x.npy#2015,0,0,0,512,train
train_x.npy#2016,0,0,0,512,train
train_x.npy#2017,0,0,0,512,train
train_x.npy#2018,0,0,0,512,train
train_x.npy#2019,1,1,0,512,train
train_x.npy#2020,0,0,0,512,train
train_x.npy#2021,0,0,0,512,train
train_x.npy#2022,0,0,0,512,train
train_x.npy#2023,0,0,0,512,train
train_x.npy#2024,1,1,0,512,train
train_x.npy#2025,0,0,0,512,train
train_x.npy#2026,0,0,0,512,train
train_x.npy#2027,0,0,0,512,train
train_x.npy#2028,1,1,0,512,train
train_x.npy#2029,0,0,0,512,train
train_x.npy#2030,0,0,0,512,train
train_x.npy#2031,1,1,0,512,train
train_x.npy#2032,0,0,0,512,train
train_x.npy#2033,0,0,0,512,train
train_x.npy#2034,0,0,0,512,train
train_x.npy#2035,1,1,0,512,train
train_x.npy#2036,0,0,0,512,train
train_x.npy#2037,0,0,0,512,train
train_x.npy#2038,0,0,0,512,train
train_x.npy#2039,0,0,0,512,train
train_x.npy#2040,1,1,0,512,train
train_x.npy#2041,0,0,0,512,train
train_x.npy#2042,0,0,0,512,train
train_x.npy#2043,0,0,0,512,train
train_x.npy#2044,1,1,0,512,train
train_x.npy#2045,0,0,0,512,train
train_x.npy#2046,0,0,0,512,train
train_x.npy#2047,1,1,0,512,train
train_x.npy#2048,0,0,0,512,train
train_x.npy#2049,0,0,0,512,train
train_x.npy#2050,0,0,0,512,train
train_x.npy#2051,0,0,0,512,train
train_x.npy#2052,0,0,0,512,train
train_x.npy#2053,0,0,0,512,train
train_x.npy#2054,1,1,0,512,train
train_x.npy#2055,1,1,0,512,train
train_x.npy#2056,1,1,0,512,train
train_x.npy#2057,1,1,0,512,train
train_x.npy#2058,1,1,0,512,train
train_x.npy#2059,0,0,0,512,train
train_x.npy#2060,1,1,0,512,train
train_x.npy#2061,0,0,0,512,train
train_x.npy#2062,0,0,0,512,train
train_x.npy#2063,1,1,0,512,train
train_x.npy#2064,0,0,0,512,train
train_x.npy#2065,0,0,0,512,train
train_x.npy#2066,1,1,0,512,train
train_x.npy#2067,0,0,0,512,train
train_x.npy#2068,0,0,0,512,train
train_x.npy#2069,1,1,0,512,train
train_x.npy#2070,0,0,0,512,train
train_x.npy#2071,0,0,0,512,train
train_x.npy#2072,0,0,0,512,train
train_x.npy#2073,0,0,0,512,train
train_x.npy#2074,1,1,0,512,train
train_x.npy#2075,1,1,0,512,train
train_x.npy#2076,0,0,0,512,train
train_x.npy#2077,0,0,0,512,train
train_x.npy#2078,1,1,0,512,train
train_x.npy#2079,1,1,0,512,train
train_x.npy#2080,0,0,0,512,train
train_x.npy#2081,1,1,0,512,train
train_x.npy#2082,1,1,0,512,train
train_x.npy#2083,0,0,0,512,train
train_x.npy#2084,0,0,0,512,train
train_x.npy#2085,1,1,0,512,train
train_x.npy#2086,1,1,0,512,train
train_x.npy#2087,0,0,0,512,train
train_x.npy#2088,0,0,0,512,train
train_x.npy#2089,0,0,0,512,train
train_x.npy#2090,1,1,0,512,train
train_x.npy#2091,0,0,0,512,train
train_x.npy#2092,0,0,0,512,train
train_x.npy#2093,1,1,0,512,train
train_x.npy#2094,0,0,0,512,train
train_x.npy#2095,0,0,0,512,train
train_x.npy#2096,0,0,0,512,train
train_x.npy#2097,0,0,0,512,train
train_x.npy#2098,0,0,0,512,train
train_x.npy#2099,0,0,0,512,train
train_x.npy#2100,1,1,0,512,train
train_x.npy#2101,1,1,0,512,train
train_x.npy#2102,0,0,0,512,train
train_x.npy#2103,0,0,0,512,train
train_x.npy#2104,0,0,0,512,train
train_x.npy#2105,1,1,0,512,train
train_x.npy#2106,1,1,0,512,train
train_x.npy#2107,0,0,0,512,train
train_x.npy#2108,0,0,0,512,train
train_x.npy#2109,1,1,0,512,train
train_x.npy#2110,0,0,0,512,train
train_x.npy#2111,0,0,0,512,train
train_x.npy#2112,1,1,0,512,train
train_x.npy#2113,0,0,0,512,train
train_x.npy#2114,0,0,0,512,train
train_x.npy#2115,1,1,0,512,train
train_x.npy#2116,0,0,0,512,train
train_x.npy#2117,0,0,0,512,train
train_x.npy#2118,1,1,0,512,train
train_x.npy#2119,0,0,0,512,train
train_x.npy#2120,0,0,0,512,train
train_x.npy#2121,0,0,0,512,train
train_x.npy#2122,1,1,0,512,train
train_x.npy#2123,0,0,0,512,train
train_x.npy#2124,1,1,0,512,train
train_x.npy#2125,1,1,0,512,train
train_x.npy#2126,0,0,0,512,train
train_x.npy#2127,0,0,0,512,train
train_x.npy#2128,0,0,0,512,train
train_x.npy#2129,1,1,0,512,train
train_x.npy#2130,1,1,0,512,train
train_x.npy#2131,0,0,0,512,train
train_x.npy#2132,0,0,0,512,train
train_x.npy#2133,0,0,0,512,train
train_x.npy#2134,0,0,0,512,train
train_x.npy#2135,0,0,0,512,train
train_x.npy#2136,0,0,0,512,train
train_x.npy#2137,0,0,0,512,train
train_x.npy#2138,0,0,0,512,train
train_x.npy#2139,1,1,0,512,train
train_x.npy#2140,0,0,0,512,train
train_x.npy#2141,0,0,0,512,train
train_x.npy#2142,1,1,0,512,train
train_x.npy#2143,0,0,0,512,train
train_x.npy#2144,0,0,0,512,train
train_x.npy#2145,0,0,0,512,train
train_x.npy#2146,0,0,0,512,train
train_x.npy#2147,0,0,0,512,train
train_x.npy#2148,0,0,0,512,train
train_x.npy#2149,0,0,0,512,train
train_x.npy#2150,1,1,0,512,train
train_x.npy#2151,1,1,0,512,train
train_x.npy#2152,0,0,0,512,train
train_x.npy#2153,1,1,0,512,train
train_x.npy#2154,0,0,0,512,train
train_x.npy#2155,0,0,0,512,train
train_x.npy#2156,0,0,0,512,train
train_x.npy#2157,1,1,0,512,train
train_x.npy#2158,1,1,0,512,train
train_x.npy#2159,0,0,0,512,train
train_x.npy#2160,1,1,0,512,train
train_x.npy#2161,0,0,0,512,train
train_x.npy#2162,0,0,0,512,train
train_x.npy#2163,0,0,0,512,train
train_x.npy#2164,1,1,0,512,train
train_x.npy#2165,0,0,0,512,train
train_x.npy#2166,0,0,0,512,train
train_x.npy#2167,0,0,0,512,train
train_x.npy#2168,1,1,0,512,train
train_x.npy#2169,0,0,0,512,train
train_x.npy#2170,0,0,0,512,train
train_x.npy#2171,0,0,0,512,train
train_x.npy#2172,0,0,0,512,train
train_x.npy#2173,0,0,0,512,train
train_x.npy#2174,1,1,0,512,train
train_x.npy#2175,0,0,0,512,train
train_x.npy#2176,0,0,0,512,train
train_x.npy#2177,0,0,0,512,train
train_x.npy#2178,0,0,0,512,train
train_x.npy#2179,0,0,0,512,train
train_x.npy#2180,0,0,0,512,train
train_x.npy#2181,0,0,0,512,train
train_x.npy#2182,0,0,0,512,train
train_x.npy#2183,0,0,0,512,train
train_x.npy#2184,0,0,0,512,train
train_x.npy#2185,1,1,0,512,train
train_x.npy#2186,0,0,0,512,train
train_x.npy#2187,0,0,0,512,train
train_x.npy#2188,0,0,0,512,train
train_x.npy#2189,0,0,0,512,train
train_x.npy#2190,0,0,0,512,train
train_x.npy#2191,0,0,0,512,train
train_x.npy#2192,1,1,0,512,train
train_x.npy#2193,0,0,0,512,train
train_x.npy#2194,0,0,0,512,train
train_x.npy#2195,0,0,0,512,train
train_x.npy#2196,0,0,0,512,train
train_x.npy#2197,0,0,0,512,train
train_x.npy#2198,0,0,0,512,train
train_x.npy#2199,1,1,0,512,train
train_x.npy#2200,0,0,0,512,train
train_x.npy#2201,1,1,0,512,train
train_x.npy#2202,0,0,0,512,train
train_x.npy#2203,1,1,0,512,train
train_x.npy#2204,0,0,0,512,train
train_x.npy#2205,0,0,0,512,train
train_x.npy#2206,1,1,0,512,train
train_x.npy#2207,0,0,0,512,train
train_x.npy#2208,0,0,0,512,train
train_x.npy#2209,0,0,0,512,train
train_x.npy#2210,0,0,0,512,train
train_x.npy#2211,0,0,0,512,train
train_x.npy#2212,0,0,0,512,train
train_x.npy#2213,0,0,0,512,train
train_x.npy#2214,0,0,0,512,train
train_x.npy#2215,1,1,0,512,train
train_x.npy#2216,1,1,0,512,train
train_x.npy#2217,0,0,0,512,train
train_x.npy#2218,1,1,0,512,train
train_x.npy#2219,0,0,0,512,train
train_x.npy#2220,0,0,0,512,train
train_x.npy#2221,0,0,0,512,train
train_x.npy#2222,0,0,0,512,train
train_x.npy#2223,0,0,0,512,train
train_x.npy#2224,0,0,0,512,train
train_x.npy#2225,0,0,0,512,train
train_x.npy#2226,0,0,0,512,train
train_x.npy#2227,0,0,0,512,train
train_x.npy#2228,0,0,0,512,train
train_x.npy#2229,0,0,0,512,train
train_x.npy#2230,0,0,0,512,train
train_x.npy#2231,0,0,0,512,train
train_x.npy#2232,0,0,0,512,train
train_x.npy#2233,0,0,0,512,train
train_x.npy#2234,0,0,0,512,train
train_x.npy#2235,1,1,0,512,train
train_x.npy#2236,1,1,0,512,train
train_x.npy#2237,0,0,0,512,train
train_x.npy#2238,1,1,0,512,train
train_x.npy#2239,0,0,0,512,train
train_x.npy#2240,0,0,0,512,train
train_x.npy#2241,0,0,0,512,train
train_x.npy#2242,0,0,0,512,train
train_x.npy#2243,0,0,0,512,train
train_x.npy#2244,0,0,0,512,train
train_x.npy#2245,0,0,0,512,train
train_x.npy#2246,0,0,0,512,train
train_x.npy#2247,1,1,0,512,train
train_x.npy#2248,0,0,0,512,train
train_x.npy#2249,0,0,0,512,train
train_x.npy#2250,0,0,0,512,train
train_x.npy#2251,1,1,0,512,train
train_x.npy#2252,0,0,0,512,train
train_x.npy#2253,0,0,0,512,train
train_x.npy#2254,1,1,0,512,train
train_x.npy#2255,0,0,0,512,train
train_x.npy#2256,0,0,0,512,train
train_x.npy#2257,0,0,0,512,train
train_x.npy#2258,0,0,0,512,train
train_x.npy#2259,0,0,0,512,train
train_x.npy#2260,1,1,0,512,train
train_x.npy#2261,0,0,0,512,train
train_x.npy#2262,1,1,0,512,train
train_x.npy#2263,0,0,0,512,train
train_x.npy#2264,1,1,0,512,train
train_x.npy#2265,0,0,0,512,train
train_x.npy#2266,0,0,0,512,train
train_x.npy#2267,0,0,0,512,train
train_x.npy#2268,0,0,0,512,train
train_x.npy#2269,1,1,0,512,train
train_x.npy#2270,0,0,0,512,train
train_x.npy#2271,0,0,0,512,train
train_x.npy#2272,0,0,0,512,train
train_x.npy#2273,0,0,0,512,train
train_x.npy#2274,0,0,0,512,train
train_x.npy#2275,1,1,0,512,train
train_x.npy#2276,1,1,0,512,train
train_x.npy#2277,0,0,0,512,train
train_x.npy#2278,1,1,0,512,train
train_x.npy#2279,1,1,0,512,train
train_x.npy#2280,0,0,0,512,train
train_x.npy#2281,0,0,0,512,train
train_x.npy#2282,1,1,0,512,train
train_x.npy#2283,0,0,0,512,train
train_x.npy#2284,0,0,0,512,train
train_x.npy#2285,1,1,0,512,train
train_x.npy#2286,0,0,0,512,train
train_x.npy#2287,0,0,0,512,train
train_x.npy#2288,0,0,0,512,train
train_x.npy#2289,1,1,0,512,train
train_x.npy#2290,1,1,0,512,train
train_x.npy#2291,0,0,0,512,train
train_x.npy#2292,1,1,0,512,train
train_x.npy#2293,0,0,0,512,train
train_x.npy#2294,1,1,0,512,train
train_x.npy#2295,1,1,0,512,train
train_x.npy#2296,1,1,0,512,train
train_x.npy#2297,0,0,0,512,train
train_x.npy#2298,0,0,0,512,train
train_x.npy#2299,0,0,0,512,train
train_x.npy#2300,1,1,0,512,train
train_x.npy#2301,0,0,0,512,train
train_x.npy#2302,0,0,0,512,train
train_x.npy#2303,1,1,0,512,train
train_x.npy#2304,0,0,0,512,train
train_x.npy#2305,0,0,0,512,train
train_x.npy#2306,1,1,0,512,train
train_x.npy#2307,0,0,0,512,train
train_x.npy#2308,0,0,0,512,train
train_x.npy#2309,0,0,0,512,train
train_x.npy#2310,1,1,0,512,train
train_x.npy#2311,1,1,0,512,train
train_x.npy#2312,1,1,0,512,train
train_x.npy#2313,0,0,0,512,train
train_x.npy#2314,0,0,0,512,train
train_x.npy#2315,1,1,0,512,train
train_x.npy#2316,1,1,0,512,train
train_x.npy#2317,0,0,0,512,train
train_x.npy#2318,0,0,0,512,train
train_x.npy#2319,1,1,0,512,train
train_x.npy#2320,1,1,0,512,train
train_x.npy#2321,0,0,0,512,train
train_x.npy#2322,0,0,0,512,train
train_x.npy#2323,0,0,0,512,train
train_x.npy#2324,0,0,0,512,train
train_x.npy#2325,0,0,0,512,train
train_x.npy#2326,0,0,0,512,train
train_x.npy#2327,0,0,0,512,train
train_x.npy#2328,0,0,0,512,train
train_x.npy#2329,1,1,0,512,train
train_x.npy#2330,0,0,0,512,train
train_x.npy#2331,0,0,0,512,train
train_x.npy#2332,0,0,0,512,train
train_x.npy#2333,0,0,0,512,train
train_x.npy#2334,0,0,0,512,train
train_x.npy#2335,0,0,0,512,train
train_x.npy#2336,0,0,0,512,train
train_x.npy#2337,1,1,0,512,train
train_x.npy#2338,1,1,0,512,train
train_x.npy#2339,0,0,0,512,train
train_x.npy#2340,0,0,0,512,train
train_x.npy#2341,1,1,0,512,train
train_x.npy#2342,1,1,0,512,train
train_x.npy#2343,0,0,0,512,train
train_x.npy#2344,0,0,0,512,train
train_x.npy#2345,0,0,0,512,train
train_x.npy#2346,1,1,0,512,train
train_x.npy#2347,0,0,0,512,train
train_x.npy#2348,0,0,0,512,train
train_x.npy#2349,1,1,0,512,train
train_x.npy#2350,0,0,0,512,train
train_x.npy#2351,0,0,0,512,train
train_x.npy#2352,0,0,0,512,train
train_x.npy#2353,0,0,0,512,train
train_x.npy#2354,0,0,0,512,train
train_x.npy#2355,0,0,0,512,train
train_x.npy#2356,0,0,0,512,train
train_x.npy#2357,1,1,0,512,train
train_x.npy#2358,0,0,0,512,train
train_x.npy#2359,1,1,0,512,train
train_x.npy#2360,1,1,0,512,train
train_x.npy#2361,1,1,0,512,train
train_x.npy#2362,0,0,0,512,train
train_x.npy#2363,1,1,0,512,train
train_x.npy#2364,0,0,0,512,train
train_x.npy#2365,0,0,0,512,train
train_x.npy#2366,0,0,0,512,train
train_x.npy#2367,0,0,0,512,train
train_x.npy#2368,1,1,0,512,train
train_x.npy#2369,1,1,0,512,train
train_x.npy#2370,0,0,0,512,train
train_x.npy#2371,1,1,0,512,train
train_x.npy#2372,0,0,0,512,train
train_x.npy#2373,0,0,0,512,train
train_x.npy#2374,0,0,0,512,train
train_x.npy#2375,0,0,0,512,train
train_x.npy#2376,0,0,0,512,train
train_x.npy#2377,0,0,0,512,train
train_x.npy#2378,0,0,0,512,train
train_x.npy#2379,0,0,0,512,train
train_x.npy#2380,0,0,0,512,train
train_x.npy#2381,0,0,0,512,train
train_x.npy#2382,1,1,0,512,train
train_x.npy#2383,0,0,0,512,train
train_x.npy#2384,1,1,0,512,train
train_x.npy#2385,0,0,0,512,train
train_x.npy#2386,0,0,0,512,train
train_x.npy#2387,0,0,0,512,train
train_x.npy#2388,1,1,0,512,train
train_x.npy#2389,0,0,0,512,train
train_x.npy#2390,1,1,0,512,train
train_x.npy#2391,0,0,0,512,train
train_x.npy#2392,0,0,0,512,train
train_x.npy#2393,0,0,0,512,train
train_x.npy#2394,0,0,0,512,train
train_x.npy#2395,1,1,0,512,train
train_x.npy#2396,1,1,0,512,train
train_x.npy#2397,0,0,0,512,train
train_x.npy#2398,1,1,0,512,train
train_x.npy#2399,0,0,0,512,train
train_x.npy#2400,0,0,0,512,train
train_x.npy#2401,0,0,0,512,train
train_x.npy#2402,1,1,0,512,train
train_x.npy#2403,0,0,0,512,train
train_x.npy#2404,0,0,0,512,train
train_x.npy#2405,0,0,0,512,train
train_x.npy#2406,1,1,0,512,train
train_x.npy#2407,1,1,0,512,train
train_x.npy#2408,0,0,0,512,train
train_x.npy#2409,0,0,0,512,train
train_x.npy#2410,1,1,0,512,train
train_x.npy#2411,1,1,0,512,train
train_x.npy#2412,1,1,0,512,train
train_x.npy#2413,0,0,0,512,train
train_x.npy#2414,1,1,0,512,train
train_x.npy#2415,0,0,0,512,train
train_x.npy#2416,0,0,0,512,train
train_x.npy#2417,0,0,0,512,train
train_x.npy#2418,1,1,0,512,train
train_x.npy#2419,0,0,0,512,train
train_x.npy#2420,0,0,0,512,train
train_x.npy#2421,0,0,0,512,train
train_x.npy#2422,0,0,0,512,train
train_x.npy#2423,0,0,0,512,train
train_x.npy#2424,0,0,0,512,train
train_x.npy#2425,0,0,0,512,train
train_x.npy#2426,1,1,0,512,train
train_x.npy#2427,1,1,0,512,train
train_x.npy#2428,0,0,0,512,train
train_x.npy#2429,0,0,0,512,train
train_x.npy#2430,0,0,0,512,train
train_x.npy#2431,0,0,0,512,train
train_x.npy#2432,0,0,0,512,train
train_x.npy#2433,1,1,0,512,train
train_x.npy#2434,1,1,0,512,train
train_x.npy#2435,1,1,0,512,train
train_x.npy#2436,1,1,0,512,train
train_x.npy#2437,0,0,0,512,train
train_x.npy#2438,1,1,0,512,train
train_x.npy#2439,0,0,0,512,train
train_x.npy#2440,0,0,0,512,train
train_x.npy#2441,1,1,0,512,train
train_x.npy#2442,0,0,0,512,train
train_x.npy#2443,1,1,0,512,train
train_x.npy#2444,0,0,0,512,train
train_x.npy#2445,0,0,0,512,train
train_x.npy#2446,0,0,0,512,train
train_x.npy#2447,0,0,0,512,train
train_x.npy#2448,0,0,0,512,train
train_x.npy#2449,0,0,0,512,train
train_x.npy#2450,0,0,0,512,train
train_x.npy#2451,0,0,0,512,train
train_x.npy#2452,0,0,0,512,train
train_x.npy#2453,0,0,0,512,train
train_x.npy#2454,1,1,0,512,train
train_x.npy#2455,0,0,0,512,train
train_x.npy#2456,1,1,0,512,train
train_x.npy#2457,0,0,0,512,train
train_x.npy#2458,0,0,0,512,train
train_x.npy#2459,0,0,0,512,train
train_x.npy#2460,0,0,0,512,train
train_x.npy#2461,1,1,0,512,train
train_x.npy#2462,1,1,0,512,train
train_x.npy#2463,0,0,0,512,train
train_x.npy#2464,1,1,0,512,train
train_x.npy#2465,0,0,0,512,train
train_x.npy#2466,0,0,0,512,train
train_x.npy#2467,0,0,0,512,train
train_x.npy#2468,0,0,0,512,train
train_x.npy#2469,0,0,0,512,train
train_x.npy#2470,0,0,0,512,train
train_x.npy#2471,0,0,0,512,train
train_x.npy#2472,0,0,0,512,train
train_x.npy#2473,0,0,0,512,train
train_x.npy#2474,1,1,0,512,train
train_x.npy#2475,0,0,0,512,train
train_x.npy#2476,0,0,0,512,train
train_x.npy#2477,1,1,0,512,train
train_x.npy#2478,0,0,0,512,train
train_x.npy#2479,0,0,0,512,train
train_x.npy#2480,0,0,0,512,train
train_x.npy#2481,0,0,0,512,train
train_x.npy#2482,0,0,0,512,train
train_x.npy#2483,1,1,0,512,train
train_x.npy#2484,1,1,0,512,train
train_x.npy#2485,1,1,0,512,train
train_x.npy#2486,0,0,0,512,train
train_x.npy#2487,0,0,0,512,train
train_x.npy#2488,0,0,0,512,train
train_x.npy#2489,0,0,0,512,train
train_x.npy#2490,0,0,0,512,train
train_x.npy#2491,0,0,0,512,train
train_x.npy#2492,1,1,0,512,train
train_x.npy#2493,1,1,0,512,train
train_x.npy#2494,0,0,0,512,train
train_x.npy#2495,0,0,0,512,train
train_x.npy#2496,0,0,0,512,train
train_x.npy#2497,1,1,0,512,train
train_x.npy#2498,0,0,0,512,train
train_x.npy#2499,1,1,0,512,train
train_x.npy#2500,1,1,0,512,train
train_x.npy#2501,0,0,0,512,train
train_x.npy#2502,0,0,0,512,train
train_x.npy#2503,1,1,0,512,train
train_x.npy#2504,0,0,0,512,train
train_x.npy#2505,0,0,0,512,train
train_x.npy#2506,0,0,0,512,train
train_x.npy#2507,0,0,0,512,train
train_x.npy#2508,0,0,0,512,train
train_x.npy#2509,0,0,0,512,train
train_x.npy#2510,0,0,0,512,train
train_x.npy#2511,0,0,0,512,train
train_x.npy#2512,0,0,0,512,train
train_x.npy#2513,0,0,0,512,train
train_x.npy#2514,0,0,0,512,train
train_x.npy#2515,0,0,0,512,train
train_x.npy#2516,1,1,0,512,train
train_x.npy#2517,0,0,0,512,train
train_x.npy#2518,0,0,0,512,train
train_x.npy#2519,0,0,0,512,train
train_x.npy#2520,0,0,0,512,train
train_x.npy#2521,0,0,0,512,train
train_x.npy#2522,0,0,0,512,train
train_x.npy#2523,1,1,0,512,train
train_x.npy#2524,0,0,0,512,train
train_x.npy#2525,0,0,0,512,train
train_x.npy#2526,0,0,0,512,train
train_x.npy#2527,1,1,0,512,train
train_x.npy#2528,0,0,0,512,train
train_x.npy#2529,0,0,0,512,train
train_x.npy#2530,0,0,0,512,train
train_x.npy#2531,1,1,0,512,train
train_x.npy#2532,0,0,0,512,train
train_x.npy#2533,0,0,0,512,train
train_x.npy#2534,0,0,0,512,train
train_x.npy#2535,1,1,0,512,train
train_x.npy#2536,0,0,0,512,train
train_x.npy#2537,0,0,0,512,train
train_x.npy#2538,0,0,0,512,train
train_x.npy#2539,0,0,0,512,train
train_x.npy#2540,1,1,0,512,train
train_x.npy#2541,0,0,0,512,train
train_x.npy#2542,1,1,0,512,train
train_x.npy#2543,0,0,0,512,train
train_x.npy#2544,0,0,0,512,train
train_x.npy#2545,0,0,0,512,train
train_x.npy#2546,0,0,0,512,train
train_x.npy#2547,0,0,0,512,train
train_x.npy#2548,0,0,0,512,train
train_x.npy#2549,1,1,0,512,train
train_x.npy#2550,0,0,0,512,train
train_x.npy#2551,0,0,0,512,train
train_x.npy#2552,0,0,0,512,train
train_x.npy#2553,0,0,0,512,train
train_x.npy#2554,0,0,0,512,train
train_x.npy#2555,1,1,0,512,train
train_x.npy#2556,0,0,0,512,train
train_x.npy#2557,0,0,0,512,train
train_x.npy#2558,1,1,0,512,train
train_x.npy#2559,0,0,0,512,train
train_x.npy#2560,0,0,0,512,train
train_x.npy#2561,0,0,0,512,train
train_x.npy#2562,0,0,0,512,train
train_x.npy#2563,0,0,0,512,train
train_x.npy#2564,1,1,0,512,train
train_x.npy#2565,1,1,0,512,train
train_x.npy#2566,1,1,0,512,train
train_x.npy#2567,0,0,0,512,train
train_x.npy#2568,0,0,0,512,train
train_x.npy#2569,0,0,0,512,train
train_x.npy#2570,0,0,0,512,train
train_x.npy#2571,1,1,0,512,train
train_x.npy#2572,1,1,0,512,train
train_x.npy#2573,0,0,0,512,train
train_x.npy#2574,0,0,0,512,train
train_x.npy#2575,0,0,0,512,train
train_x.npy#2576,0,0,0,512,train
train_x.npy#2577,0,0,0,512,train
train_x.npy#2578,0,0,0,512,train
train_x.npy#2579,0,0,0,512,train
train_x.npy#2580,1,1,0,512,train
train_x.npy#2581,1,1,0,512,train
train_x.npy#2582,0,0,0,512,train
train_x.npy#2583,0,0,0,512,train
train_x.npy#2584,0,0,0,512,train
train_x.npy#2585,1,1,0,512,train
train_x.npy#2586,0,0,0,512,train
train_x.npy#2587,1,1,0,512,train
train_x.npy#2588,0,0,0,512,train
train_x.npy#2589,0,0,0,512,train
train_x.npy#2590,1,1,0,512,train
train_x.npy#2591,1,1,0,512,train
train_x.npy#2592,0,0,0,512,train
train_x.npy#2593,0,0,0,512,train
train_x.npy#2594,1,1,0,512,train
train_x.npy#2595,0,0,0,512,train
train_x.npy#2596,0,0,0,512,train
train_x.npy#2597,0,0,0,512,train
train_x.npy#2598,0,0,0,512,train
train_x.npy#2599,0,0,0,512,train
train_x.npy#2600,0,0,0,512,train
train_x.npy#2601,1,1,0,512,train
train_x.npy#2602,1,1,0,512,train
train_x.npy#2603,0,0,0,512,train
train_x.npy#2604,0,0,0,512,train
train_x.npy#2605,0,0,0,512,train
train_x.npy#2606,0,0,0,512,train
train_x.npy#2607,0,0,0,512,train
train_x.npy#2608,0,0,0,512,train
train_x.npy#2609,0,0,0,512,train
train_x.npy#2610,0,0,0,512,train
train_x.npy#2611,0,0,0,512,train
train_x.npy#2612,0,0,0,512,train
train_x.npy#2613,0,0,0,512,train
train_x.npy#2614,0,0,0,512,train
train_x.npy#2615,0,0,0,512,train
train_x.npy#2616,1,1,0,512,train
train_x.npy#2617,0,0,0,512,train
train_x.npy#2618,0,0,0,512,train
train_x.npy#2619,0,0,0,512,train
train_x.npy#2620,0,0,0,512,train
train_x.npy#2621,0,0,0,512,train
train_x.npy#2622,1,1,0,512,train
train_x.npy#2623,0,0,0,512,train
train_x.npy#2624,0,0,0,512,train
train_x.npy#2625,0,0,0,512,train
train_x.npy#2626,0,0,0,512,train
train_x.npy#2627,0,0,0,512,train
train_x.npy#2628,0,0,0,512,train
train_x.npy#2629,1,1,0,512,train
train_x.npy#2630,0,0,0,512,train
train_x.npy#2631,1,1,0,512,train
train_x.npy#2632,0,0,0,512,train
train_x.npy#2633,1,1,0,512,train
train_x.npy#2634,0,0,0,512,train
train_x.npy#2635,0,0,0,512,train
train_x.npy#2636,0,0,0,512,train
train_x.npy#2637,0,0,0,512,train
train_x.npy#2638,0,0,0,512,train
train_x.npy#2639,0,0,0,512,train
train_x.npy#2640,0,0,0,512,train
train_x.npy#2641,0,0,0,512,train
train_x.npy#2642,1,1,0,512,train
train_x.npy#2643,0,0,0,512,train
train_x.npy#2644,0,0,0,512,train
train_x.npy#2645,0,0,0,512,train
train_x.npy#2646,1,1,0,512,train
train_x.npy#2647,0,0,0,512,train
train_x.npy#2648,0,0,0,512,train
train_x.npy#2649,0,0,0,512,train
train_x.npy#2650,0,0,0,512,train
train_x.npy#2651,0,0,0,512,train
train_x.npy#2652,0,0,0,512,train
train_x.npy#2653,1,1,0,512,train
train_x.npy#2654,0,0,0,512,train
train_x.npy#2655,0,0,0,512,train
train_x.npy#2656,1,1,0,512,train
train_x.npy#2657,1,1,0,512,train
train_x.npy#2658,0,0,0,512,train
train_x.npy#2659,0,0,0,512,train
train_x.npy#2660,0,0,0,512,train
train_x.npy#2661,0,0,0,512,train
train_x.npy#2662,1,1,0,512,train
train_x.npy#2663,0,0,0,512,train
train_x.npy#2664,0,0,0,512,train
train_x.npy#2665,0,0,0,512,train
train_x.npy#2666,0,0,0,512,train
train_x.npy#2667,1,1,0,512,train
train_x.npy#2668,0,0,0,512,train
train_x.npy#2669,0,0,0,512,train
train_x.npy#2670,1,1,0,512,train
train_x.npy#2671,0,0,0,512,train
train_x.npy#2672,1,1,0,512,train
train_x.npy#2673,0,0,0,512,train
train_x.npy#2674,0,0,0,512,train
train_x.npy#2675,0,0,0,512,train
train_x.npy#2676,1,1,0,512,train
train_x.npy#2677,0,0,0,512,train
train_x.npy#2678,0,0,0,512,train
train_x.npy#2679,1,1,0,512,train
train_x.npy#2680,1,1,0,512,train
train_x.npy#2681,1,1,0,512,train
train_x.npy#2682,0,0,0,512,train
train_x.npy#2683,0,0,0,512,train
train_x.npy#2684,1,1,0,512,train
train_x.npy#2685,1,1,0,512,train
train_x.npy#2686,1,1,0,512,train
train_x.npy#2687,0,0,0,512,train
train_x.npy#2688,0,0,0,512,train
train_x.npy#2689,1,1,0,512,train
train_x.npy#2690,0,0,0,512,train
train_x.npy#2691,0,0,0,512,train
train_x.npy#2692,0,0,0,512,train
train_x.npy#2693,0,0,0,512,train
train_x.npy#2694,1,1,0,512,train
train_x.npy#2695,0,0,0,512,train
train_x.npy#2696,0,0,0,512,train
train_x.npy#2697,0,0,0,512,train
train_x.npy#2698,0,0,0,512,train
train_x.npy#2699,1,1,0,512,train
train_x.npy#2700,0,0,0,512,train
train_x.npy#2701,0,0,0,512,train
train_x.npy#2702,0,0,0,512,train
train_x.npy#2703,1,1,0,512,train
train_x.npy#2704,0,0,0,512,train
train_x.npy#2705,1,1,0,512,train
train_x.npy#2706,0,0,0,512,train
train_x.npy#2707,0,0,0,512,train
train_x.npy#2708,0,0,0,512,train
train_x.npy#2709,1,1,0,512,train
train_x.npy#2710,0,0,0,512,train
train_x.npy#2711,1,1,0,512,train
train_x.npy#2712,1,1,0,512,train
train_x.npy#2713,1,1,0,512,train
train_x.npy#2714,0,0,0,512,train
train_x.npy#2715,0,0,0,512,train
train_x.npy#2716,1,1,0,512,train
train_x.npy#2717,0,0,0,512,train
train_x.npy#2718,1,1,0,512,train
train_x.npy#2719,0,0,0,512,train
train_x.npy#2720,0,0,0,512,train
train_x.npy#2721,0,0,0,512,train
train_x.npy#2722,0,0,0,512,train
train_x.npy#2723,0,0,0,512,train
train_x.npy#2724,1,1,0,512,train
train_x.npy#2725,1,1,0,512,train
train_x.npy#2726,1,1,0,512,train
train_x.npy#2727,0,0,0,512,train
train_x.npy#2728,1,1,0,512,train
train_x.npy#2729,0,0,0,512,train
train_x.npy#2730,0,0,0,512,train
train_x.npy#2731,0,0,0,512,train
train_x.npy#2732,1,1,0,512,train
train_x.npy#2733,0,0,0,512,train
train_x.npy#2734,1,1,0,512,train
train_x.npy#2735,0,0,0,512,train
train_x.npy#2736,0,0,0,512,train
train_x.npy#2737,0,0,0,512,train
train_x.npy#2738,0,0,0,512,train
train_x.npy#2739,1,1,0,512,train
train_x.npy#2740,0,0,0,512,train
train_x.npy#2741,1,1,0,512,train
train_x.npy#2742,0,0,0,512,train
train_x.npy#2743,0,0,0,512,train
train_x.npy#2744,0,0,0,512,train
train_x.npy#2745,0,0,0,512,train
train_x.npy#2746,0,0,0,512,train
train_x.npy#2747,0,0,0,512,train
train_x.npy#2748,0,0,0,512,train
train_x.npy#2749,0,0,0,512,train
train_x.npy#2750,0,0,0,512,train
train_x.npy#2751,0,0,0,512,train
train_x.npy#2752,0,0,0,512,train
train_x.npy#2753,1,1,0,512,train
train_x.npy#2754,0,0,0,512,train
train_x.npy#2755,0,0,0,512,train
train_x.npy#2756,0,0,0,512,train
train_x.npy#2757,0,0,0,512,train
train_x.npy#2758,0,0,0,512,train
train_x.npy#2759,0,0,0,512,train
train_x.npy#2760,1,1,0,512,train
train_x.npy#2761,1,1,0,512,train
train_x.npy#2762,0,0,0,512,train
train_x.npy#2763,1,1,0,512,train
train_x.npy#2764,1,1,0,512,train
train_x.npy#2765,0,0,0,512,train
train_x.npy#2766,0,0,0,512,train
train_x.npy#2767,0,0,0,512,train
train_x.npy#2768,0,0,0,512,train
train_x.npy#2769,1,1,0,512,train
train_x.npy#2770,1,1,0,512,train
train_x.npy#2771,1,1,0,512,train
train_x.npy#2772,0,0,0,512,train
train_x.npy#2773,0,0,0,512,train
train_x.npy#2774,0,0,0,512,train
train_x.npy#2775,0,0,0,512,train
train_x.npy#2776,1,1,0,512,train
train_x.npy#2777,1,1,0,512,train
train_x.npy#2778,0,0,0,512,train
train_x.npy#2779,1,1,0,512,train
train_x.npy#2780,0,0,0,512,train
train_x.npy#2781,1,1,0,512,train
train_x.npy#2782,0,0,0,512,train
train_x.npy#2783,0,0,0,512,train
train_x.npy#2784,0,0,0,512,train
train_x.npy#2785,0,0,0,512,train
train_x.npy#2786,0,0,0,512,train
train_x.npy#2787,0,0,0,512,train
train_x.npy#2788,1,1,0,512,train
train_x.npy#2789,0,0,0,512,train
train_x.npy#2790,0,0,0,512,train
train_x.npy#2791,0,0,0,512,train
train_x.npy#2792,0,0,0,512,train
train_x.npy#2793,0,0,0,512,train
train_x.npy#2794,1,1,0,512,train
train_x.npy#2795,0,0,0,512,train
train_x.npy#2796,0,0,0,512,train
train_x.npy#2797,1,1,0,512,train
train_x.npy#2798,0,0,0,512,train
train_x.npy#2799,0,0,0,512,train
train_x.npy#2800,0,0,0,512,train
train_x.npy#2801,1,1,0,512,train
train_x.npy#2802,1,1,0,512,train
train_x.npy#2803,0,0,0,512,train
train_x.npy#2804,1,1,0,512,train
train_x.npy#2805,0,0,0,512,train
train_x.npy#2806,0,0,0,512,train
train_x.npy#2807,0,0,0,512,train
train_x.npy#2808,0,0,0,512,train
train_x.npy#2809,0,0,0,512,train
train_x.npy#2810,0,0,0,512,train
train_x.npy#2811,0,0,0,512,train
train_x.npy#2812,0,0,0,512,train
train_x.npy#2813,0,0,0,512,train
train_x.npy#2814,0,0,0,512,train
train_x.npy#2815,1,1,0,512,train
train_x.npy#2816,0,0,0,512,train
train_x.npy#2817,0,0,0,512,train
train_x.npy#2818,1,1,0,512,train
train_x.npy#2819,0,0,0,512,train
train_x.npy#2820,0,0,0,512,train
train_x.npy#2821,0,0,0,512,train
train_x.npy#2822,1,1,0,512,train
train_x.npy#2823,0,0,0,512,train
train_x.npy#2824,0,0,0,512,train
train_x.npy#2825,0,0,0,512,train
train_x.npy#2826,0,0,0,512,train
train_x.npy#2827,0,0,0,512,train
train_x.npy#2828,0,0,0,512,train
train_x.npy#2829,1,1,0,512,train
train_x.npy#2830,0,0,0,512,train
train_x.npy#2831,1,1,0,512,train
train_x.npy#2832,0,0,0,512,train
train_x.npy#2833,1,1,0,512,train
train_x.npy#2834,0,0,0,512,train
train_x.npy#2835,0,0,0,512,train
train_x.npy#2836,1,1,0,512,train
train_x.npy#2837,0,0,0,512,train
train_x.npy#2838,0,0,0,512,train
train_x.npy#2839,0,0,0,512,train
train_x.npy#2840,1,1,0,512,train
train_x.npy#2841,0,0,0,512,train
train_x.npy#2842,1,1,0,512,train
train_x.npy#2843,0,0,0,512,train
train_x.npy#2844,0,0,0,512,train
train_x.npy#2845,1,1,0,512,train
train_x.npy#2846,0,0,0,512,train
train_x.npy#2847,0,0,0,512,train
train_x.npy#2848,0,0,0,512,train
train_x.npy#2849,1,1,0,512,train
train_x.npy#2850,0,0,0,512,train
train_x.npy#2851,0,0,0,512,train
train_x.npy#2852,1,1,0,512,train
train_x.npy#2853,0,0,0,512,train
train_x.npy#2854,0,0,0,512,train
train_x.npy#2855,1,1,0,512,train
train_x.npy#2856,0,0,0,512,train
train_x.npy#2857,0,0,0,512,train
train_x.npy#2858,0,0,0,512,train
train_x.npy#2859,1,1,0,512,train
train_x.npy#2860,1,1,0,512,train
train_x.npy#2861,0,0,0,512,train
train_x.npy#2862,0,0,0,512,train
train_x.npy#2863,0,0,0,512,train
train_x.npy#2864,0,0,0,512,train
train_x.npy#2865,0,0,0,512,train
train_x.npy#2866,0,0,0,512,train
train_x.npy#2867,0,0,0,512,train
train_x.npy#2868,1,1,0,512,train
train_x.npy#2869,1,1,0,512,train
train_x.npy#2870,0,0,0,512,train
train_x.npy#2871,0,0,0,512,train
train_x.npy#2872,0,0,0,512,train
train_x.npy#2873,0,0,0,512,train
train_x.npy#2874,0,0,0,512,train
train_x.npy#2875,1,1,0,512,train
train_x.npy#2876,0,0,0,512,train
train_x.npy#2877,0,0,0,512,train
train_x.npy#2878,0,0,0,512,train
train_x.npy#2879,0,0,0,512,train
train_x.npy#2880,1,1,0,512,train
train_x.npy#2881,0,0,0,512,train
train_x.npy#2882,0,0,0,512,train
train_x.npy#2883,0,0,0,512,train
train_x.npy#2884,1,1,0,512,train
train_x.npy#2885,1,1,0,512,train
train_x.npy#2886,1,1,0,512,train
train_x.npy#2887,0,0,0,512,train
train_x.npy#2888,0,0,0,512,train
train_x.npy#2889,1,1,0,512,train
train_x.npy#2890,0,0,0,512,train
train_x.npy#2891,0,0,0,512,train
train_x.npy#2892,0,0,0,512,train
train_x.npy#2893,0,0,0,512,train
train_x.npy#2894,0,0,0,512,train
train_x.npy#2895,0,0,0,512,train
train_x.npy#2896,1,1,0,512,train
train_x.npy#2897,0,0,0,512,train
train_x.npy#2898,1,1,0,512,train
train_x.npy#2899,0,0,0,512,train
train_x.npy#2900,1,1,0,512,train
train_x.npy#2901,0,0,0,512,train
train_x.npy#2902,0,0,0,512,train
train_x.npy#2903,0,0,0,512,train
train_x.npy#2904,0,0,0,512,train
train_x.npy#2905,0,0,0,512,train
train_x.npy#2906,0,0,0,512,train
train_x.npy#2907,0,0,0,512,train
train_x.npy#2908,0,0,0,512,train
train_x.npy#2909,1,1,0,512,train
train_x.npy#2910,0,0,0,512,train
train_x.npy#2911,0,0,0,512,train
train_x.npy#2912,0,0,0,512,train
train_x.npy#2913,1,1,0,512,train
train_x.npy#2914,0,0,0,512,train
train_x.npy#2915,0,0,0,512,train
train_x.npy#2916,0,0,0,512,train
train_x.npy#2917,1,1,0,512,train
train_x.npy#2918,0,0,0,512,train
train_x.npy#2919,0,0,0,512,train
train_x.npy#2920,0,0,0,512,train
train_x.npy#2921,0,0,0,512,train
train_x.npy#2922,0,0,0,512,train
train_x.npy#2923,1,1,0,512,train
train_x.npy#2924,1,1,0,512,train
train_x.npy#2925,0,0,0,512,train
train_x.npy#2926,0,0,0,512,train
train_x.npy#2927,1,1,0,512,train
train_x.npy#2928,1,1,0,512,train
train_x.npy#2929,0,0,0,512,train
train_x.npy#2930,0,0,0,512,train
train_x.npy#2931,0,0,0,512,train
train_x.npy#2932,0,0,0,512,train
train_x.npy#2933,0,0,0,512,train
train_x.npy#2934,0,0,0,512,train
train_x.npy#2935,1,1,0,512,train
train_x.npy#2936,1,1,0,512,train
train_x.npy#2937,0,0,0,512,train
train_x.npy#2938,1,1,0,512,train
train_x.npy#2939,0,0,0,512,train
train_x.npy#2940,1,1,0,512,train
train_x.npy#2941,0,0,0,512,train
train_x.npy#2942,0,0,0,512,train
train_x.npy#2943,0,0,0,512,train
train_x.npy#2944,0,0,0,512,train
train_x.npy#2945,0,0,0,512,train
train_x.npy#2946,0,0,0,512,train
train_x.npy#2947,0,0,0,512,train
train_x.npy#2948,1,1,0,512,train
train_x.npy#2949,1,1,0,512,train
train_x.npy#2950,1,1,0,512,train
train_x.npy#2951,0,0,0,512,train
train_x.npy#2952,0,0,0,512,train
train_x.npy#2953,0,0,0,512,train
train_x.npy#2954,0,0,0,512,train
train_x.npy#2955,0,0,0,512,train
train_x.npy#2956,0,0,0,512,train
train_x.npy#2957,0,0,0,512,train
train_x.npy#2958,0,0,0,512,train
train_x.npy#2959,0,0,0,512,train
train_x.npy#2960,0,0,0,512,train
train_x.npy#2961,0,0,0,512,train
train_x.npy#2962,1,1,0,512,train
train_x.npy#2963,0,0,0,512,train
train_x.npy#2964,1,1,0,512,train
train_x.npy#2965,0,0,0,512,train
train_x.npy#2966,0,0,0,512,train
train_x.npy#2967,0,0,0,512,train
train_x.npy#2968,0,0,0,512,train
train_x.npy#2969,1,1,0,512,train
train_x.npy#2970,0,0,0,512,train
train_x.npy#2971,0,0,0,512,train
train_x.npy#2972,1,1,0,512,train
train_x.npy#2973,0,0,0,512,train
train_x.npy#2974,0,0,0,512,train
train_x.npy#2975,0,0,0,512,train
train_x.npy#2976,0,0,0,512,train
train_x.npy#2977,1,1,0,512,train
train_x.npy#2978,0,0,0,512,train
train_x.npy#2979,0,0,0,512,train
train_x.npy#2980,0,0,0,512,train
train_x.npy#2981,0,0,0,512,train
train_x.npy#2982,0,0,0,512,train
train_x.npy#2983,1,1,0,512,train
train_x.npy#2984,0,0,0,512,train
train_x.npy#2985,0,0,0,512,train
train_x.npy#2986,1,1,0,512,train
train_x.npy#2987,0,0,0,512,train
train_x.npy#2988,1,1,0,512,train
train_x.npy#2989,1,1,0,512,train
train_x.npy#2990,0,0,0,512,train
train_x.npy#2991,0,0,0,512,train
train_x.npy#2992,1,1,0,512,train
train_x.npy#2993,0,0,0,512,train
train_x.npy#2994,0,0,0,512,train
train_x.npy#2995,1,1,0,512,train
train_x.npy#2996,0,0,0,512,train
train_x.npy#2997,0,0,0,512,train
train_x.npy#2998,0,0,0,512,train
train_x.npy#2999,0,0,0,512,train
train_x.npy#3000,0,0,0,512,train
train_x.npy#3001,1,1,0,512,train
train_x.npy#3002,1,1,0,512,train
train_x.npy#3003,1,1,0,512,train
train_x.npy#3004,0,0,0,512,train
train_x.npy#3005,0,0,0,512,train
train_x.npy#3006,1,1,0,512,train
train_x.npy#3007,1,1,0,512,train
train_x.npy#3008,0,0,0,512,train
train_x.npy#3009,0,0,0,512,train
train_x.npy#3010,1,1,0,512,train
train_x.npy#3011,0,0,0,512,train
train_x.npy#3012,1,1,0,512,train
train_x.npy#3013,0,0,0,512,train
train_x.npy#3014,0,0,0,512,train
train_x.npy#3015,0,0,0,512,train
train_x.npy#3016,0,0,0,512,train
train_x.npy#3017,0,0,0,512,train
train_x.npy#3018,1,1,0,512,train
train_x.npy#3019,0,0,0,512,train
train_x.npy#3020,0,0,0,512,train
train_x.npy#3021,1,1,0,512,train
train_x.npy#3022,0,0,0,512,train
train_x.npy#3023,1,1,0,512,train
train_x.npy#3024,0,0,0,512,train
train_x.npy#3025,0,0,0,512,train
train_x.npy#3026,1,1,0,512,train
train_x.npy#3027,0,0,0,512,train
train_x.npy#3028,0,0,0,512,train
train_x.npy#3029,1,1,0,512,train
train_x.npy#3030,1,1,0,512,train
train_x.npy#3031,0,0,0,512,train
train_x.npy#3032,1,1,0,512,train
train_x.npy#3033,1,1,0,512,train
train_x.npy#3034,0,0,0,512,train
train_x.npy#3035,1,1,0,512,train
train_x.npy#3036,0,0,0,512,train
train_x.npy#3037,0,0,0,512,train
train_x.npy#3038,0,0,0,512,train
train_x.npy#3039,0,0,0,512,train
train_x.npy#3040,0,0,0,512,train
train_x.npy#3041,0,0,0,512,train
train_x.npy#3042,1,1,0,512,train
train_x.npy#3043,0,0,0,512,train
train_x.npy#3044,1,1,0,512,train
train_x.npy#3045,0,0,0,512,train
train_x.npy#3046,1,1,0,512,train
train_x.npy#3047,0,0,0,512,train
train_x.npy#3048,0,0,0,512,train
train_x.npy#3049,1,1,0,512,train
train_x.npy#3050,0,0,0,512,train
train_x.npy#3051,1,1,0,512,train
train_x.npy#3052,0,0,0,512,train
train_x.npy#3053,0,0,0,512,train
train_x.npy#3054,0,0,0,512,train
train_x.npy#3055,0,0,0,512,train
train_x.npy#3056,0,0,0,512,train
train_x.npy#3057,0,0,0,512,train
train_x.npy#3058,0,0,0,512,train
train_x.npy#3059,1,1,0,512,train
train_x.npy#3060,1,1,0,512,train
train_x.npy#3061,0,0,0,512,train
train_x.npy#3062,0,0,0,512,train
train_x.npy#3063,1,1,0,512,train
train_x.npy#3064,1,1,0,512,train
train_x.npy#3065,0,0,0,512,train
train_x.npy#3066,0,0,0,512,train
train_x.npy#3067,0,0,0,512,train
train_x.npy#3068,1,1,0,512,train
train_x.npy#3069,0,0,0,512,train
train_x.npy#3070,0,0,0,512,train
train_x.npy#3071,0,0,0,512,train
train_x.npy#3072,0,0,0,512,train
train_x.npy#3073,0,0,0,512,train
train_x.npy#3074,0,0,0,512,train
train_x.npy#3075,0,0,0,512,train
train_x.npy#3076,0,0,0,512,train
train_x.npy#3077,0,0,0,512,train
train_x.npy#3078,1,1,0,512,train
train_x.npy#3079,0,0,0,512,train
train_x.npy#3080,0,0,0,512,train
train_x.npy#3081,0,0,0,512,train
train_x.npy#3082,0,0,0,512,train
train_x.npy#3083,0,0,0,512,train
train_x.npy#3084,1,1,0,512,train
train_x.npy#3085,0,0,0,512,train
train_x.npy#3086,0,0,0,512,train
train_x.npy#3087,1,1,0,512,train
train_x.npy#3088,0,0,0,512,train
train_x.npy#3089,1,1,0,512,train
train_x.npy#3090,0,0,0,512,train
train_x.npy#3091,0,0,0,512,train
train_x.npy#3092,0,0,0,512,train
train_x.npy#3093,0,0,0,512,train
train_x.npy#3094,0,0,0,512,train
train_x.npy#3095,1,1,0,512,train
train_x.npy#3096,0,0,0,512,train
train_x.npy#3097,0,0,0,512,train
train_x.npy#3098,1,1,0,512,train
train_x.npy#3099,0,0,0,512,train
train_x.npy#3100,0,0,0,512,train
train_x.npy#3101,0,0,0,512,train
train_x.npy#3102,0,0,0,512,train
train_x.npy#3103,0,0,0,512,train
train_x.npy#3104,0,0,0,512,train
train_x.npy#3105,1,1,0,512,train
train_x.npy#3106,0,0,0,512,train
train_x.npy#3107,0,0,0,512,train
train_x.npy#3108,0,0,0,512,train
train_x.npy#3109,0,0,0,512,train
train_x.npy#3110,0,0,0,512,train
train_x.npy#3111,0,0,0,512,train
train_x.npy#3112,0,0,0,512,train
train_x.npy#3113,0,0,0,512,train
train_x.npy#3114,1,1,0,512,train
train_x.npy#3115,0,0,0,512,train
train_x.npy#3116,0,0,0,512,train
train_x.npy#3117,0,0,0,512,train
train_x.npy#3118,1,1,0,512,train
train_x.npy#3119,1,1,0,512,train
train_x.npy#3120,0,0,0,512,train
train_x.npy#3121,0,0,0,512,train
train_x.npy#3122,0,0,0,512,train
train_x.npy#3123,0,0,0,512,train
train_x.npy#3124,0,0,0,512,train
train_x.npy#3125,0,0,0,512,train
train_x.npy#3126,0,0,0,512,train
train_x.npy#3127,1,1,0,512,train
train_x.npy#3128,0,0,0,512,train
train_x.npy#3129,0,0,0,512,train
train_x.npy#3130,0,0,0,512,train
train_x.npy#3131,1,1,0,512,train
train_x.npy#3132,0,0,0,512,train
train_x.npy#3133,0,0,0,512,train
train_x.npy#3134,0,0,0,512,train
train_x.npy#3135,1,1,0,512,train
train_x.npy#3136,0,0,0,512,train
train_x.npy#3137,0,0,0,512,train
train_x.npy#3138,0,0,0,512,train
train_x.npy#3139,1,1,0,512,train
train_x.npy#3140,1,1,0,512,train
train_x.npy#3141,0,0,0,512,train
train_x.npy#3142,0,0,0,512,train
train_x.npy#3143,0,0,0,512,train
train_x.npy#3144,0,0,0,512,train
train_x.npy#3145,0,0,0,512,train
train_x.npy#3146,0,0,0,512,train
train_x.npy#3147,0,0,0,512,train
train_x.npy#3148,0,0,0,512,train
train_x.npy#3149,0,0,0,512,train
train_x.npy#3150,1,1,0,512,train
train_x.npy#3151,0,0,0,512,train
train_x.npy#3152,1,1,0,512,train
train_x.npy#3153,0,0,0,512,train
train_x.npy#3154,1,1,0,512,train
train_x.npy#3155,0,0,0,512,train
train_x.npy#3156,0,0,0,512,train
train_x.npy#3157,0,0,0,512,train
train_x.npy#3158,1,1,0,512,train
train_x.npy#3159,1,1,0,512,train
train_x.npy#3160,0,0,0,512,train
train_x.npy#3161,0,0,0,512,train
train_x.npy#3162,1,1,0,512,train
train_x.npy#3163,0,0,0,512,train
train_x.npy#3164,1,1,0,512,train
train_x.npy#3165,1,1,0,512,train
train_x.npy#3166,0,0,0,512,train
train_x.npy#3167,0,0,0,512,train
train_x.npy#3168,0,0,0,512,train
train_x.npy#3169,0,0,0,512,train
train_x.npy#3170,0,0,0,512,train
train_x.npy#3171,0,0,0,512,train
train_x.npy#3172,1,1,0,512,train
train_x.npy#3173,0,0,0,512,train
train_x.npy#3174,0,0,0,512,train
train_x.npy#3175,0,0,0,512,train
train_x.npy#3176,0,0,0,512,train
train_x.npy#3177,1,1,0,512,train
train_x.npy#3178,1,1,0,512,train
train_x.npy#3179,0,0,0,512,train
train_x.npy#3180,0,0,0,512,train
train_x.npy#3181,1,1,0,512,train
train_x.npy#3182,0,0,0,512,train
train_x.npy#3183,0,0,0,512,train
train_x.npy#3184,0,0,0,512,train
train_x.npy#3185,0,0,0,512,train
train_x.npy#3186,0,0,0,512,train
train_x.npy#3187,0,0,0,512,train
train_x.npy#3188,1,1,0,512,train
train_x.npy#3189,1,1,0,512,train
train_x.npy#3190,0,0,0,512,train
train_x.npy#3191,1,1,0,512,train
train_x.npy#3192,0,0,0,512,train
train_x.npy#3193,1,1,0,512,train
train_x.npy#3194,0,0,0,512,train
train_x.npy#3195,0,0,0,512,train
train_x.npy#3196,0,0,0,512,train
train_x.npy#3197,0,0,0,512,train
train_x.npy#3198,1,1,0,512,train
train_x.npy#3199,0,0,0,512,train
train_x.npy#3200,0,0,0,512,train
train_x.npy#3201,0,0,0,512,train
train_x.npy#3202,0,0,0,512,train
train_x.npy#3203,0,0,0,512,train
train_x.npy#3204,0,0,0,512,train
train_x.npy#3205,0,0,0,512,train
train_x.npy#3206,1,1,0,512,train
train_x.npy#3207,1,1,0,512,train
train_x.npy#3208,0,0,0,512,train
train_x.npy#3209,0,0,0,512,train
train_x.npy#3210,0,0,0,512,train
train_x.npy#3211,0,0,0,512,train
train_x.npy#3212,1,1,0,512,train
train_x.npy#3213,0,0,0,512,train
train_x.npy#3214,0,0,0,512,train
train_x.npy#3215,1,1,0,512,train
train_x.npy#3216,1,1,0,512,train
train_x.npy#3217,0,0,0,512,train
train_x.npy#3218,0,0,0,512,train
train_x.npy#3219,0,0,0,512,train
train_x.npy#3220,0,0,0,512,train
train_x.npy#3221,0,0,0,512,train
train_x.npy#3222,0,0,0,512,train
train_x.npy#3223,0,0,0,512,train
train_x.npy#3224,1,1,0,512,train
train_x.npy#3225,0,0,0,512,train
train_x.npy#3226,0,0,0,512,train
train_x.npy#3227,0,0,0,512,train
train_x.npy#3228,1,1,0,512,train
train_x.npy#3229,0,0,0,512,train
train_x.npy#3230,1,1,0,512,train
train_x.npy#3231,1,1,0,512,train
train_x.npy#3232,1,1,0,512,train
train_x.npy#3233,0,0,0,512,train
train_x.npy#3234,1,1,0,512,train
train_x.npy#3235,1,1,0,512,train
train_x.npy#3236,1,1,0,512,train
train_x.npy#3237,1,1,0,512,train
train_x.npy#3238,0,0,0,512,train
train_x.npy#3239,0,0,0,512,train
train_x.npy#3240,0,0,0,512,train
train_x.npy#3241,0,0,0,512,train
train_x.npy#3242,0,0,0,512,train
train_x.npy#3243,0,0,0,512,train
train_x.npy#3244,0,0,0,512,train
train_x.npy#3245,1,1,0,512,train
train_x.npy#3246,1,1,0,512,train
train_x.npy#3247,0,0,0,512,train
train_x.npy#3248,0,0,0,512,train
train_x.npy#3249,1,1,0,512,train
train_x.npy#3250,0,0,0,512,train
train_x.npy#3251,0,0,0,512,train
train_x.npy#3252,1,1,0,512,train
train_x.npy#3253,0,0,0,512,train
train_x.npy#3254,1,1,0,512,train
train_x.npy#3255,0,0,0,512,train
train_x.npy#3256,0,0,0,512,train
train_x.npy#3257,0,0,0,512,train
train_x.npy#3258,0,0,0,512,train
train_x.npy#3259,0,0,0,512,train
train_x.npy#3260,0,0,0,512,train
train_x.npy#3261,0,0,0,512,train
train_x.npy#3262,0,0,0,512,train
train_x.npy#3263,0,0,0,512,train
train_x.npy#3264,0,0,0,512,train
train_x.npy#3265,0,0,0,512,train
train_x.npy#3266,0,0,0,512,train
train_x.npy#3267,1,1,0,512,train
train_x.npy#3268,0,0,0,512,train
train_x.npy#3269,1,1,0,512,train
train_x.npy#3270,0,0,0,512,train
train_x.npy#3271,1,1,0,512,train
train_x.npy#3272,0,0,0,512,train
train_x.npy#3273,0,0,0,512,train
train_x.npy#3274,0,0,0,512,train
train_x.npy#3275,0,0,0,512,train
train_x.npy#3276,0,0,0,512,train
train_x.npy#3277,0,0,0,512,train
train_x.npy#3278,0,0,0,512,train
train_x.npy#3279,1,1,0,512,train
train_x.npy#3280,0,0,0,512,train
train_x.npy#3281,0,0,0,512,train
train_x.npy#3282,0,0,0,512,train
train_x.npy#3283,0,0,0,512,train
train_x.npy#3284,1,1,0,512,train
train_x.npy#3285,1,1,0,512,train
train_x.npy#3286,0,0,0,512,train
train_x.npy#3287,0,0,0,512,train
train_x.npy#3288,1,1,0,512,train
train_x.npy#3289,0,0,0,512,train
train_x.npy#3290,1,1,0,512,train
train_x.npy#3291,0,0,0,512,train
train_x.npy#3292,1,1,0,512,train
train_x.npy#3293,0,0,0,512,train
train_x.npy#3294,0,0,0,512,train
train_x.npy#3295,0,0,0,512,train
train_x.npy#3296,1,1,0,512,train
train_x.npy#3297,0,0,0,512,train
train_x.npy#3298,0,0,0,512,train
train_x.npy#3299,0,0,0,512,train
train_x.npy#3300,1,1,0,512,train
train_x.npy#3301,0,0,0,512,train
train_x.npy#3302,1,1,0,512,train
train_x.npy#3303,0,0,0,512,train
train_x.npy#3304,1,1,0,512,train
train_x.npy#3305,0,0,0,512,train
train_x.npy#3306,0,0,0,512,train
train_x.npy#3307,1,1,0,512,train
train_x.npy#3308,0,0,0,512,train
train_x.npy#3309,1,1,0,512,train
train_x.npy#3310,0,0,0,512,train
train_x.npy#3311,0,0,0,512,train
train_x.npy#3312,1,1,0,512,train
train_x.npy#3313,0,0,0,512,train
train_x.npy#3314,0,0,0,512,train
train_x.npy#3315,0,0,0,512,train
train_x.npy#3316,0,0,0,512,train
train_x.npy#3317,0,0,0,512,train
train_x.npy#3318,0,0,0,512,train
train_x.npy#3319,0,0,0,512,train
train_x.npy#3320,0,0,0,512,train
train_x.npy#3321,0,0,0,512,train
train_x.npy#3322,0,0,0,512,train
train_x.npy#3323,0,0,0,512,train
train_x.npy#3324,0,0,0,512,train
train_x.npy#3325,0,0,0,512,train
train_x.npy#3326,0,0,0,512,train
train_x.npy#3327,1,1,0,512,train
train_x.npy#3328,0,0,0,512,train
train_x.npy#3329,0,0,0,512,train
train_x.npy#3330,1,1,0,512,train
train_x.npy#3331,1,1,0,512,train
train_x.npy#3332,0,0,0,512,train
train_x.npy#3333,0,0,0,512,train
train_x.npy#3334,0,0,0,512,train
train_x.npy#3335,1,1,0,512,train
train_x.npy#3336,0,0,0,512,train
train_x.npy#3337,0,0,0,512,train
train_x.npy#3338,0,0,0,512,train
train_x.npy#3339,1,1,0,512,train
train_x.npy#3340,0,0,0,512,train
train_x.npy#3341,1,1,0,512,train
train_x.npy#3342,1,1,0,512,train
train_x.npy#3343,0,0,0,512,train
train_x.npy#3344,0,0,0,512,train
train_x.npy#3345,0,0,0,512,train
train_x.npy#3346,0,0,0,512,train
train_x.npy#3347,0,0,0,512,train
train_x.npy#3348,0,0,0,512,train
train_x.npy#3349,0,0,0,512,train
train_x.npy#3350,0,0,0,512,train
train_x.npy#3351,0,0,0,512,train
train_x.npy#3352,0,0,0,512,train
train_x.npy#3353,0,0,0,512,train
train_x.npy#3354,1,1,0,512,train
train_x.npy#3355,0,0,0,512,train
train_x.npy#3356,0,0,0,512,train
train_x.npy#3357,1,1,0,512,train
train_x.npy#3358,0,0,0,512,train
train_x.npy#3359,0,0,0,512,train
train_x.npy#3360,1,1,0,512,train
train_x.npy#3361,1,1,0,512,train
train_x.npy#3362,0,0,0,512,train
train_x.npy#3363,0,0,0,512,train
train_x.npy#3364,0,0,0,512,train
train_x.npy#3365,1,1,0,512,train
train_x.npy#3366,1,1,0,512,train
train_x.npy#3367,1,1,0,512,train
train_x.npy#3368,0,0,0,512,train
train_x.npy#3369,0,0,0,512,train
train_x.npy#3370,0,0,0,512,train
train_x.npy#3371,0,0,0,512,train
train_x.npy#3372,0,0,0,512,train
train_x.npy#3373,0,0,0,512,train
train_x.npy#3374,0,0,0,512,train
train_x.npy#3375,1,1,0,512,train
train_x.npy#3376,0,0,0,512,train
train_x.npy#3377,0,0,0,512,train
train_x.npy#3378,1,1,0,512,train
train_x.npy#3379,1,1,0,512,train
train_x.npy#3380,1,1,0,512,train
train_x.npy#3381,1,1,0,512,train
train_x.npy#3382,0,0,0,512,train
train_x.npy#3383,0,0,0,512,train
train_x.npy#3384,0,0,0,512,train
train_x.npy#3385,0,0,0,512,train
train_x.npy#3386,0,0,0,512,train
train_x.npy#3387,0,0,0,512,train
train_x.npy#3388,0,0,0,512,train
train_x.npy#3389,0,0,0,512,train
train_x.npy#3390,0,0,0,512,train
train_x.npy#3391,1,1,0,512,train
train_x.npy#3392,0,0,0,512,train
train_x.npy#3393,0,0,0,512,train
train_x.npy#3394,0,0,0,512,train
train_x.npy#3395,1,1,0,512,train
train_x.npy#3396,0,0,0,512,train
train_x.npy#3397,1,1,0,512,train
train_x.npy#3398,0,0,0,512,train
train_x.npy#3399,1,1,0,512,train
train_x.npy#3400,0,0,0,512,train
train_x.npy#3401,0,0,0,512,train
train_x.npy#3402,1,1,0,512,train
train_x.npy#3403,1,1,0,512,train
train_x.npy#3404,1,1,0,512,train
train_x.npy#3405,1,1,0,512,train
train_x.npy#3406,1,1,0,512,train
train_x.npy#3407,0,0,0,512,train
train_x.npy#3408,0,0,0,512,train
train_x.npy#3409,1,1,0,512,train
train_x.npy#3410,0,0,0,512,train
train_x.npy#3411,0,0,0,512,train
train_x.npy#3412,0,0,0,512,train
train_x.npy#3413,0,0,0,512,train
train_x.npy#3414,1,1,0,512,train
train_x.npy#3415,0,0,0,512,train
train_x.npy#3416,0,0,0,512,train
train_x.npy#3417,0,0,0,512,train
train_x.npy#3418,0,0,0,512,train
train_x.npy#3419,0,0,0,512,train
train_x.npy#3420,1,1,0,512,train
train_x.npy#3421,0,0,0,512,train
train_x.npy#3422,0,0,0,512,train
train_x.npy#3423,0,0,0,512,train
train_x.npy#3424,0,0,0,512,train
train_x.npy#3425,0,0,0,512,train
train_x.npy#3426,0,0,0,512,train
train_x.npy#3427,0,0,0,512,train
train_x.npy#3428,1,1,0,512,train
train_x.npy#3429,0,0,0,512,train
train_x.npy#3430,1,1,0,512,train
train_x.npy#3431,1,1,0,512,train
train_x.npy#3432,0,0,0,512,train
train_x.npy#3433,0,0,0,512,train
train_x.npy#3434,1,1,0,512,train
train_x.npy#3435,0,0,0,512,train
train_x.npy#3436,0,0,0,512,train
train_x.npy#3437,1,1,0,512,train
train_x.npy#3438,0,0,0,512,train
train_x.npy#3439,0,0,0,512,train
train_x.npy#3440,1,1,0,512,train
train_x.npy#3441,0,0,0,512,train
train_x.npy#3442,1,1,0,512,train
train_x.npy#3443,0,0,0,512,train
train_x.npy#3444,1,1,0,512,train
train_x.npy#3445,0,0,0,512,train
train_x.npy#3446,0,0,0,512,train
train_x.npy#3447,0,0,0,512,train
train_x.npy#3448,1,1,0,512,train
train_x.npy#3449,0,0,0,512,train
train_x.npy#3450,0,0,0,512,train
train_x.npy#3451,0,0,0,512,train
train_x.npy#3452,1,1,0,512,train
train_x.npy#3453,0,0,0,512,train
train_x.npy#3454,1,1,0,512,train
train_x.npy#3455,0,0,0,512,train
train_x.npy#3456,1,1,0,512,train
train_x.npy#3457,0,0,0,512,train
train_x.npy#3458,1,1,0,512,train
train_x.npy#3459,0,0,0,512,train
train_x.npy#3460,0,0,0,512,train
train_x.npy#3461,0,0,0,512,train
train_x.npy#3462,0,0,0,512,train
train_x.npy#3463,0,0,0,512,train
train_x.npy#3464,0,0,0,512,train
train_x.npy#3465,1,1,0,512,train
train_x.npy#3466,0,0,0,512,train
train_x.npy#3467,0,0,0,512,train
train_x.npy#3468,1,1,0,512,train
train_x.npy#3469,0,0,0,512,train
train_x.npy#3470,0,0,0,512,train
train_x.npy#3471,1,1,0,512,train
train_x.npy#3472,0,0,0,512,train
train_x.npy#3473,1,1,0,512,train
train_x.npy#3474,0,0,0,512,train
train_x.npy#3475,0,0,0,512,train
train_x.npy#3476,0,0,0,512,train
train_x.npy#3477,0,0,0,512,train
train_x.npy#3478,0,0,0,512,train
train_x.npy#3479,0,0,0,512,train
train_x.npy#3480,0,0,0,512,train
train_x.npy#3481,0,0,0,512,train
train_x.npy#3482,1,1,0,512,train
train_x.npy#3483,1,1,0,512,train
train_x.npy#3484,0,0,0,512,train
train_x.npy#3485,0,0,0,512,train
train_x.npy#3486,0,0,0,512,train
train_x.npy#3487,0,0,0,512,train
train_x.npy#3488,1,1,0,512,train
train_x.npy#3489,0,0,0,512,train
train_x.npy#3490,1,1,0,512,train
train_x.npy#3491,0,0,0,512,train
train_x.npy#3492,1,1,0,512,train
train_x.npy#3493,0,0,0,512,train
train_x.npy#3494,0,0,0,512,train
train_x.npy#3495,0,0,0,512,train
train_x.npy#3496,0,0,0,512,train
train_x.npy#3497,0,0,0,512,train
train_x.npy#3498,0,0,0,512,train
train_x.npy#3499,0,0,0,512,train
train_x.npy#3500,0,0,0,512,train
train_x.npy#3501,0,0,0,512,train
train_x.npy#3502,0,0,0,512,train
train_x.npy#3503,0,0,0,512,train
train_x.npy#3504,0,0,0,512,train
train_x.npy#3505,0,0,0,512,train
train_x.npy#3506,0,0,0,512,train
train_x.npy#3507,0,0,0,512,train
train_x.npy#3508,0,0,0,512,train
train_x.npy#3509,0,0,0,512,train
train_x.npy#3510,1,1,0,512,train
train_x.npy#3511,1,1,0,512,train
train_x.npy#3512,0,0,0,512,train
train_x.npy#3513,0,0,0,512,train
train_x.npy#3514,0,0,0,512,train
train_x.npy#3515,1,1,0,512,train
train_x.npy#3516,0,0,0,512,train
train_x.npy#3517,0,0,0,512,train
train_x.npy#3518,0,0,0,512,train
train_x.npy#3519,1,1,0,512,train
train_x.npy#3520,0,0,0,512,train
train_x.npy#3521,0,0,0,512,train
train_x.npy#3522,0,0,0,512,train
train_x.npy#3523,1,1,0,512,train
train_x.npy#3524,0,0,0,512,train
train_x.npy#3525,1,1,0,512,train
train_x.npy#3526,1,1,0,512,train
train_x.npy#3527,0,0,0,512,train
train_x.npy#3528,0,0,0,512,train
train_x.npy#3529,0,0,0,512,train
train_x.npy#3530,0,0,0,512,train
train_x.npy#3531,1,1,0,512,train
train_x.npy#3532,1,1,0,512,train
train_x.npy#3533,0,0,0,512,train
train_x.npy#3534,0,0,0,512,train
train_x.npy#3535,0,0,0,512,train
train_x.npy#3536,0,0,0,512,train
train_x.npy#3537,1,1,0,512,train
train_x.npy#3538,1,1,0,512,train
train_x.npy#3539,1,1,0,512,train
train_x.npy#3540,1,1,0,512,train
train_x.npy#3541,0,0,0,512,train
train_x.npy#3542,0,0,0,512,train
train_x.npy#3543,1,1,0,512,train
train_x.npy#3544,0,0,0,512,train
train_x.npy#3545,0,0,0,512,train
train_x.npy#3546,0,0,0,512,train
train_x.npy#3547,0,0,0,512,train
train_x.npy#3548,0,0,0,512,train
train_x.npy#3549,0,0,0,512,train
train_x.npy#3550,0,0,0,512,train
train_x.npy#3551,0,0,0,512,train
train_x.npy#3552,1,1,0,512,train
train_x.npy#3553,0,0,0,512,train
train_x.npy#3554,1,1,0,512,train
train_x.npy#3555,0,0,0,512,train
train_x.npy#3556,0,0,0,512,train
train_x.npy#3557,0,0,0,512,train
train_x.npy#3558,0,0,0,512,train
train_x.npy#3559,0,0,0,512,train
train_x.npy#3560,0,0,0,512,train
train_x.npy#3561,0,0,0,512,train
train_x.npy#3562,0,0,0,512,train
train_x.npy#3563,1,1,0,512,train
train_x.npy#3564,0,0,0,512,train
train_x.npy#3565,0,0,0,512,train
train_x.npy#3566,0,0,0,512,train
train_x.npy#3567,0,0,0,512,train
train_x.npy#3568,0,0,0,512,train
train_x.npy#3569,0,0,0,512,train
train_x.npy#3570,1,1,0,512,train
train_x.npy#3571,1,1,0,512,train
train_x.npy#3572,0,0,0,512,train
train_x.npy#3573,0,0,0,512,train
train_x.npy#3574,0,0,0,512,train
train_x.npy#3575,1,1,0,512,train
train_x.npy#3576,0,0,0,512,train
train_x.npy#3577,0,0,0,512,train
train_x.npy#3578,0,0,0,512,train
train_x.npy#3579,0,0,0,512,train
train_x.npy#3580,1,1,0,512,train
train_x.npy#3581,1,1,0,512,train
train_x.npy#3582,0,0,0,512,train
train_x.npy#3583,0,0,0,512,train
train_x.npy#3584,1,1,0,512,train
train_x.npy#3585,0,0,0,512,train
train_x.npy#3586,1,1,0,512,train
train_x.npy#3587,0,0,0,512,train
train_x.npy#3588,0,0,0,512,train
train_x.npy#3589,1,1,0,512,train
train_x.npy#3590,0,0,0,512,train
train_x.npy#3591,1,1,0,512,train
train_x.npy#3592,1,1,0,512,train
train_x.npy#3593,0,0,0,512,train
train_x.npy#3594,0,0,0,512,train
train_x.npy#3595,0,0,0,512,train
train_x.npy#3596,0,0,0,512,train
train_x.npy#3597,0,0,0,512,train
train_x.npy#3598,0,0,0,512,train
train_x.npy#3599,0,0,0,512,train
train_x.npy#3600,1,1,0,512,train
train_x.npy#3601,0,0,0,512,train
train_x.npy#3602,1,1,0,512,train
train_x.npy#3603,1,1,0,512,train
train_x.npy#3604,0,0,0,512,train
train_x.npy#3605,0,0,0,512,train
train_x.npy#3606,0,0,0,512,train
train_x.npy#3607,1,1,0,512,train
train_x.npy#3608,0,0,0,512,train
train_x.npy#3609,1,1,0,512,train
train_x.npy#3610,0,0,0,512,train
train_x.npy#3611,0,0,0,512,train
train_x.npy#3612,0,0,0,512,train
train_x.npy#3613,0,0,0,512,train
train_x.npy#3614,0,0,0,512,train
train_x.npy#3615,1,1,0,512,train
train_x.npy#3616,0,0,0,512,train
train_x.npy#3617,0,0,0,512,train
train_x.npy#3618,0,0,0,512,train
train_x.npy#3619,0,0,0,512,train
train_x.npy#3620,1,1,0,512,train
train_x.npy#3621,0,0,0,512,train
train_x.npy#3622,0,0,0,512,train
train_x.npy#3623,1,1,0,512,train
train_x.npy#3624,0,0,0,512,train
train_x.npy#3625,0,0,0,512,train
train_x.npy#3626,0,0,0,512,train
train_x.npy#3627,1,1,0,512,train
train_x.npy#3628,0,0,0,512,train
train_x.npy#3629,0,0,0,512,train
train_x.npy#3630,0,0,0,512,train
train_x.npy#3631,0,0,0,512,train
train_x.npy#3632,0,0,0,512,train
train_x.npy#3633,0,0,0,512,train
train_x.npy#3634,1,1,0,512,train
train_x.npy#3635,0,0,0,512,train
train_x.npy#3636,1,1,0,512,train
train_x.npy#3637,0,0,0,512,train
train_x.npy#3638,0,0,0,512,train
train_x.npy#3639,1,1,0,512,train
train_x.npy#3640,0,0,0,512,train
train_x.npy#3641,0,0,0,512,train
train_x.npy#3642,0,0,0,512,train
train_x.npy#3643,0,0,0,512,train
train_x.npy#3644,1,1,0,512,train
train_x.npy#3645,0,0,0,512,train
train_x.npy#3646,1,1,0,512,train
train_x.npy#3647,0,0,0,512,train
train_x.npy#3648,1,1,0,512,train
train_x.npy#3649,0,0,0,512,train
train_x.npy#3650,0,0,0,512,train
train_x.npy#3651,0,0,0,512,train
train_x.npy#3652,0,0,0,512,train
train_x.npy#3653,0,0,0,512,train
train_x.npy#3654,0,0,0,512,train
train_x.npy#3655,0,0,0,512,train
train_x.npy#3656,0,0,0,512,train
train_x.npy#3657,0,0,0,512,train
train_x.npy#3658,1,1,0,512,train
train_x.npy#3659,1,1,0,512,train
train_x.npy#3660,1,1,0,512,train
train_x.npy#3661,1,1,0,512,train
train_x.npy#3662,0,0,0,512,train
train_x.npy#3663,1,1,0,512,train
train_x.npy#3664,0,0,0,512,train
train_x.npy#3665,1,1,0,512,train
train_x.npy#3666,0,0,0,512,train
train_x.npy#3667,1,1,0,512,train
train_x.npy#3668,1,1,0,512,train
train_x.npy#3669,0,0,0,512,train
train_x.npy#3670,0,0,0,512,train
train_x.npy#3671,1,1,0,512,train
train_x.npy#3672,0,0,0,512,train
train_x.npy#3673,0,0,0,512,train
train_x.npy#3674,0,0,0,512,train
train_x.npy#3675,1,1,0,512,train
train_x.npy#3676,0,0,0,512,train
train_x.npy#3677,0,0,0,512,train
train_x.npy#3678,0,0,0,512,train
train_x.npy#3679,1,1,0,512,train
train_x.npy#3680,1,1,0,512,train
train_x.npy#3681,1,1,0,512,train
train_x.npy#3682,0,0,0,512,train
train_x.npy#3683,0,0,0,512,train
train_x.npy#3684,1,1,0,512,train
train_x.npy#3685,0,0,0,512,train
train_x.npy#3686,0,0,0,512,train
train_x.npy#3687,0,0,0,512,train
train_x.npy#3688,0,0,0,512,train
train_x.npy#3689,0,0,0,512,train
train_x.npy#3690,1,1,0,512,train
train_x.npy#3691,0,0,0,512,train
train_x.npy#3692,0,0,0,512,train
train_x.npy#3693,0,0,0,512,train
train_x.npy#3694,0,0,0,512,train
train_x.npy#3695,0,0,0,512,train
train_x.npy#3696,0,0,0,512,train
train_x.npy#3697,1,1,0,512,train
train_x.npy#3698,0,0,0,512,train
train_x.npy#3699,0,0,0,512,train
train_x.npy#3700,1,1,0,512,train
train_x.npy#3701,1,1,0,512,train
train_x.npy#3702,0,0,0,512,train
train_x.npy#3703,0,0,0,512,train
train_x.npy#3704,1,1,0,512,train
train_x.npy#3705,1,1,0,512,train
train_x.npy#3706,0,0,0,512,train
train_x.npy#3707,1,1,0,512,train
train_x.npy#3708,0,0,0,512,train
train_x.npy#3709,0,0,0,512,train
train_x.npy#3710,0,0,0,512,train
train_x.npy#3711,1,1,0,512,train
train_x.npy#3712,0,0,0,512,train
train_x.npy#3713,0,0,0,512,train
train_x.npy#3714,1,1,0,512,train
train_x.npy#3715,0,0,0,512,train
train_x.npy#3716,0,0,0,512,train
train_x.npy#3717,0,0,0,512,train
train_x.npy#3718,0,0,0,512,train
train_x.npy#3719,0,0,0,512,train
train_x.npy#3720,0,0,0,512,train
train_x.npy#3721,0,0,0,512,train
train_x.npy#3722,0,0,0,512,train
train_x.npy#3723,0,0,0,512,train
train_x.npy#3724,0,0,0,512,train
train_x.npy#3725,1,1,0,512,train
train_x.npy#3726,0,0,0,512,train
train_x.npy#3727,1,1,0,512,train
train_x.npy#3728,0,0,0,512,train
train_x.npy#3729,0,0,0,512,train
train_x.npy#3730,1,1,0,512,train
train_x.npy#3731,1,1,0,512,train
train_x.npy#3732,1,1,0,512,train
train_x.npy#3733,1,1,0,512,train
train_x.npy#3734,0,0,0,512,train
train_x.npy#3735,0,0,0,512,train
train_x.npy#3736,0,0,0,512,train
train_x.npy#3737,0,0,0,512,train
train_x.npy#3738,0,0,0,512,train
train_x.npy#3739,0,0,0,512,train
train_x.npy#3740,1,1,0,512,train
train_x.npy#3741,0,0,0,512,train
train_x.npy#3742,0,0,0,512,train
train_x.npy#3743,0,0,0,512,train
train_x.npy#3744,0,0,0,512,train
train_x.npy#3745,1,1,0,512,train
train_x.npy#3746,0,0,0,512,train
train_x.npy#3747,0,0,0,512,train
train_x.npy#3748,0,0,0,512,train
train_x.npy#3749,0,0,0,512,train
train_x.npy#3750,1,1,0,512,train
train_x.npy#3751,0,0,0,512,train
train_x.npy#3752,0,0,0,512,train
train_x.npy#3753,0,0,0,512,train
train_x.npy#3754,0,0,0,512,train
train_x.npy#3755,0,0,0,512,train
train_x.npy#3756,0,0,0,512,train
train_x.npy#3757,0,0,0,512,train
train_x.npy#3758,0,0,0,512,train
train_x.npy#3759,0,0,0,512,train
train_x.npy#3760,1,1,0,512,train
train_x.npy#3761,0,0,0,512,train
train_x.npy#3762,0,0,0,512,train
train_x.npy#3763,0,0,0,512,train
train_x.npy#3764,0,0,0,512,train
train_x.npy#3765,0,0,0,512,train
train_x.npy#3766,1,1,0,512,train
train_x.npy#3767,0,0,0,512,train
train_x.npy#3768,1,1,0,512,train
train_x.npy#3769,0,0,0,512,train
train_x.npy#3770,0,0,0,512,train
train_x.npy#3771,1,1,0,512,train
train_x.npy#3772,1,1,0,512,train
train_x.npy#3773,1,1,0,512,train
train_x.npy#3774,0,0,0,512,train
train_x.npy#3775,0,0,0,512,train
train_x.npy#3776,1,1,0,512,train
train_x.npy#3777,1,1,0,512,train
train_x.npy#3778,1,1,0,512,train
train_x.npy#3779,0,0,0,512,train
train_x.npy#3780,0,0,0,512,train
train_x.npy#3781,1,1,0,512,train
train_x.npy#3782,0,0,0,512,train
train_x.npy#3783,0,0,0,512,train
train_x.npy#3784,0,0,0,512,train
train_x.npy#3785,0,0,0,512,train
train_x.npy#3786,0,0,0,512,train
train_x.npy#3787,1,1,0,512,train
train_x.npy#3788,0,0,0,512,train
train_x.npy#3789,0,0,0,512,train
train_x.npy#3790,0,0,0,512,train
train_x.npy#3791,1,1,0,512,train
train_x.npy#3792,0,0,0,512,train
train_x.npy#3793,0,0,0,512,train
train_x.npy#3794,0,0,0,512,train
train_x.npy#3795,0,0,0,512,train
train_x.npy#3796,0,0,0,512,train
train_x.npy#3797,0,0,0,512,train
train_x.npy#3798,0,0,0,512,train
train_x.npy#3799,0,0,0,512,train
train_x.npy#3800,0,0,0,512,train
train_x.npy#3801,1,1,0,512,train
train_x.npy#3802,0,0,0,512,train
train_x.npy#3803,1,1,0,512,train
train_x.npy#3804,0,0,0,512,train
train_x.npy#3805,0,0,0,512,train
train_x.npy#3806,0,0,0,512,train
train_x.npy#3807,1,1,0,512,train
train_x.npy#3808,0,0,0,512,train
train_x.npy#3809,0,0,0,512,train
train_x.npy#3810,0,0,0,512,train
train_x.npy#3811,0,0,0,512,train
train_x.npy#3812,1,1,0,512,train
train_x.npy#3813,0,0,0,512,train
train_x.npy#3814,0,0,0,512,train
train_x.npy#3815,1,1,0,512,train
train_x.npy#3816,0,0,0,512,train
train_x.npy#3817,0,0,0,512,train
train_x.npy#3818,0,0,0,512,train
train_x.npy#3819,0,0,0,512,train
train_x.npy#3820,0,0,0,512,train
train_x.npy#3821,0,0,0,512,train
train_x.npy#3822,1,1,0,512,train
train_x.npy#3823,1,1,0,512,train
train_x.npy#3824,0,0,0,512,train
train_x.npy#3825,1,1,0,512,train
train_x.npy#3826,0,0,0,512,train
train_x.npy#3827,0,0,0,512,train
train_x.npy#3828,0,0,0,512,train
train_x.npy#3829,1,1,0,512,train
train_x.npy#3830,1,1,0,512,train
train_x.npy#3831,0,0,0,512,train
train_x.npy#3832,1,1,0,512,train
train_x.npy#3833,1,1,0,512,train
train_x.npy#3834,0,0,0,512,train
train_x.npy#3835,0,0,0,512,train
train_x.npy#3836,0,0,0,512,train
train_x.npy#3837,0,0,0,512,train
train_x.npy#3838,0,0,0,512,train
train_x.npy#3839,0,0,0,512,train
train_x.npy#3840,0,0,0,512,train
train_x.npy#3841,1,1,0,512,train
train_x.npy#3842,0,0,0,512,train
train_x.npy#3843,0,0,0,512,train
train_x.npy#3844,0,0,0,512,train
train_x.npy#3845,0,0,0,512,train
train_x.npy#3846,1,1,0,512,train
train_x.npy#3847,0,0,0,512,train
train_x.npy#3848,0,0,0,512,train
train_x.npy#3849,0,0,0,512,train
train_x.npy#3850,0,0,0,512,train
train_x.npy#3851,1,1,0,512,train
train_x.npy#3852,0,0,0,512,train
train_x.npy#3853,0,0,0,512,train
train_x.npy#3854,1,1,0,512,train
train_x.npy#3855,0,0,0,512,train
train_x.npy#3856,0,0,0,512,train
train_x.npy#3857,0,0,0,512,train
train_x.npy#3858,0,0,0,512,train
train_x.npy#3859,0,0,0,512,train
train_x.npy#3860,0,0,0,512,train
train_x.npy#3861,0,0,0,512,train
train_x.npy#3862,1,1,0,512,train
train_x.npy#3863,0,0,0,512,train
train_x.npy#3864,0,0,0,512,train
train_x.npy#3865,0,0,0,512,train
train_x.npy#3866,0,0,0,512,train
train_x.npy#3867,0,0,0,512,train
train_x.npy#3868,0,0,0,512,train
train_x.npy#3869,0,0,0,512,train
train_x.npy#3870,0,0,0,512,train
train_x.npy#3871,0,0,0,512,train
train_x.npy#3872,0,0,0,512,train
train_x.npy#3873,1,1,0,512,train
train_x.npy#3874,0,0,0,512,train
train_x.npy#3875,1,1,0,512,train
train_x.npy#3876,0,0,0,512,train
train_x.npy#3877,1,1,0,512,train
train_x.npy#3878,1,1,0,512,train
train_x.npy#3879,0,0,0,512,train
train_x.npy#3880,0,0,0,512,train
train_x.npy#3881,0,0,0,512,train
train_x.npy#3882,0,0,0,512,train
train_x.npy#3883,0,0,0,512,train
train_x.npy#3884,0,0,0,512,train
train_x.npy#3885,0,0,0,512,train
train_x.npy#3886,0,0,0,512,train
train_x.npy#3887,0,0,0,512,train
train_x.npy#3888,0,0,0,512,train
train_x.npy#3889,0,0,0,512,train
train_x.npy#3890,0,0,0,512,train
train_x.npy#3891,0,0,0,512,train
train_x.npy#3892,0,0,0,512,train
train_x.npy#3893,1,1,0,512,train
train_x.npy#3894,1,1,0,512,train
train_x.npy#3895,0,0,0,512,train
train_x.npy#3896,0,0,0,512,train
train_x.npy#3897,1,1,0,512,train
train_x.npy#3898,1,1,0,512,train
train_x.npy#3899,1,1,0,512,train
train_x.npy#3900,0,0,0,512,train
train_x.npy#3901,0,0,0,512,train
train_x.npy#3902,1,1,0,512,train
train_x.npy#3903,0,0,0,512,train
train_x.npy#3904,1,1,0,512,train
train_x.npy#3905,1,1,0,512,train
train_x.npy#3906,0,0,0,512,train
train_x.npy#3907,1,1,0,512,train
train_x.npy#3908,1,1,0,512,train
train_x.npy#3909,0,0,0,512,train
train_x.npy#3910,0,0,0,512,train
train_x.npy#3911,0,0,0,512,train
train_x.npy#3912,0,0,0,512,train
train_x.npy#3913,0,0,0,512,train
train_x.npy#3914,1,1,0,512,train
train_x.npy#3915,0,0,0,512,train
train_x.npy#3916,1,1,0,512,train
train_x.npy#3917,1,1,0,512,train
train_x.npy#3918,0,0,0,512,train
train_x.npy#3919,1,1,0,512,train
train_x.npy#3920,0,0,0,512,train
train_x.npy#3921,1,1,0,512,train
train_x.npy#3922,0,0,0,512,train
train_x.npy#3923,0,0,0,512,train
train_x.npy#3924,0,0,0,512,train
train_x.npy#3925,1,1,0,512,train
train_x.npy#3926,1,1,0,512,train
train_x.npy#3927,0,0,0,512,train
train_x.npy#3928,0,0,0,512,train
train_x.npy#3929,0,0,0,512,train
train_x.npy#3930,0,0,0,512,train
train_x.npy#3931,0,0,0,512,train
train_x.npy#3932,0,0,0,512,train
train_x.npy#3933,0,0,0,512,train
train_x.npy#3934,1,1,0,512,train
train_x.npy#3935,0,0,0,512,train
train_x.npy#3936,1,1,0,512,train
train_x.npy#3937,0,0,0,512,train
train_x.npy#3938,0,0,0,512,train
train_x.npy#3939,0,0,0,512,train
train_x.npy#3940,1,1,0,512,train
train_x.npy#3941,0,0,0,512,train
train_x.npy#3942,0,0,0,512,train
train_x.npy#3943,1,1,0,512,train
train_x.npy#3944,0,0,0,512,train
train_x.npy#3945,0,0,0,512,train
train_x.npy#3946,0,0,0,512,train
train_x.npy#3947,0,0,0,512,train
train_x.npy#3948,0,0,0,512,train
train_x.npy#3949,0,0,0,512,train
train_x.npy#3950,0,0,0,512,train
train_x.npy#3951,0,0,0,512,train
train_x.npy#3952,0,0,0,512,train
train_x.npy#3953,0,0,0,512,train
train_x.npy#3954,0,0,0,512,train
train_x.npy#3955,1,1,0,512,train
train_x.npy#3956,0,0,0,512,train
train_x.npy#3957,0,0,0,512,train
train_x.npy#3958,0,0,0,512,train
train_x.npy#3959,1,1,0,512,train
train_x.npy#3960,1,1,0,512,train
train_x.npy#3961,0,0,0,512,train
train_x.npy#3962,0,0,0,512,train
train_x.npy#3963,0,0,0,512,train
train_x.npy#3964,1,1,0,512,train
train_x.npy#3965,0,0,0,512,train
train_x.npy#3966,0,0,0,512,train
train_x.npy#3967,0,0,0,512,train
train_x.npy#3968,0,0,0,512,train
train_x.npy#3969,0,0,0,512,train
train_x.npy#3970,0,0,0,512,train
train_x.npy#3971,0,0,0,512,train
train_x.npy#3972,1,1,0,512,train
train_x.npy#3973,0,0,0,512,train
train_x.npy#3974,0,0,0,512,train
train_x.npy#3975,0,0,0,512,train
train_x.npy#3976,0,0,0,512,train
train_x.npy#3977,0,0,0,512,train
train_x.npy#3978,0,0,0,512,train
train_x.npy#3979,0,0,0,512,train
train_x.npy#3980,0,0,0,512,train
train_x.npy#3981,0,0,0,512,train
train_x.npy#3982,0,0,0,512,train
train_x.npy#3983,0,0,0,512,train
train_x.npy#3984,0,0,0,512,train
train_x.npy#3985,0,0,0,512,train
train_x.npy#3986,1,1,0,512,train
train_x.npy#3987,0,0,0,512,train
train_x.npy#3988,1,1,0,512,train
train_x.npy#3989,0,0,0,512,train
train_x.npy#3990,0,0,0,512,train
train_x.npy#3991,1,1,0,512,train
train_x.npy#3992,1,1,0,512,train
train_x.npy#3993,0,0,0,512,train
train_x.npy#3994,0,0,0,512,train
train_x.npy#3995,0,0,0,512,train
train_x.npy#3996,0,0,0,512,train
train_x.npy#3997,1,1,0,512,train
train_x.npy#3998,0,0,0,512,train
train_x.npy#3999,1,1,0,512,train
train_x.npy#4000,0,0,0,512,train
train_x.npy#4001,0,0,0,512,train
train_x.npy#4002,0,0,0,512,train
train_x.npy#4003,1,1,0,512,train
train_x.npy#4004,0,0,0,512,train
train_x.npy#4005,0,0,0,512,train
train_x.npy#4006,0,0,0,512,train
train_x.npy#4007,0,0,0,512,train
train_x.npy#4008,1,1,0,512,train
train_x.npy#4009,0,0,0,512,train
train_x.npy#4010,0,0,0,512,train
train_x.npy#4011,1,1,0,512,train
train_x.npy#4012,1,1,0,512,train
train_x.npy#4013,1,1,0,512,train
train_x.npy#4014,0,0,0,512,train
train_x.npy#4015,0,0,0,512,train
train_x.npy#4016,1,1,0,512,train
train_x.npy#4017,0,0,0,512,train
train_x.npy#4018,1,1,0,512,train
train_x.npy#4019,1,1,0,512,train
train_x.npy#4020,0,0,0,512,train
train_x.npy#4021,0,0,0,512,train
train_x.npy#4022,0,0,0,512,train
train_x.npy#4023,1,1,0,512,train
train_x.npy#4024,0,0,0,512,train
train_x.npy#4025,0,0,0,512,train
train_x.npy#4026,0,0,0,512,train
train_x.npy#4027,0,0,0,512,train
train_x.npy#4028,0,0,0,512,train
train_x.npy#4029,0,0,0,512,train
train_x.npy#4030,1,1,0,512,train
train_x.npy#4031,0,0,0,512,train
train_x.npy#4032,0,0,0,512,train
train_x.npy#4033,1,1,0,512,train
train_x.npy#4034,0,0,0,512,train
train_x.npy#4035,1,1,0,512,train
train_x.npy#4036,0,0,0,512,train
train_x.npy#4037,1,1,0,512,train
train_x.npy#4038,0,0,0,512,train
train_x.npy#4039,0,0,0,512,train
train_x.npy#4040,0,0,0,512,train
train_x.npy#4041,0,0,0,512,train
train_x.npy#4042,0,0,0,512,train
train_x.npy#4043,0,0,0,512,train
train_x.npy#4044,0,0,0,512,train
train_x.npy#4045,0,0,0,512,train
train_x.npy#4046,1,1,0,512,train
train_x.npy#4047,0,0,0,512,train
train_x.npy#4048,0,0,0,512,train
train_x.npy#4049,0,0,0,512,train
train_x.npy#4050,1,1,0,512,train
train_x.npy#4051,0,0,0,512,train
train_x.npy#4052,1,1,0,512,train
train_x.npy#4053,1,1,0,512,train
train_x.npy#4054,0,0,0,512,train
train_x.npy#4055,0,0,0,512,train
train_x.npy#4056,0,0,0,512,train
train_x.npy#4057,0,0,0,512,train
train_x.npy#4058,1,1,0,512,train
train_x.npy#4059,0,0,0,512,train
train_x.npy#4060,0,0,0,512,train
train_x.npy#4061,1,1,0,512,train
train_x.npy#4062,0,0,0,512,train
train_x.npy#4063,0,0,0,512,train
train_x.npy#4064,0,0,0,512,train
train_x.npy#4065,0,0,0,512,train
train_x.npy#4066,1,1,0,512,train
train_x.npy#4067,0,0,0,512,train
train_x.npy#4068,1,1,0,512,train
train_x.npy#4069,0,0,0,512,train
train_x.npy#4070,1,1,0,512,train
train_x.npy#4071,1,1,0,512,train
train_x.npy#4072,0,0,0,512,train
train_x.npy#4073,0,0,0,512,train
train_x.npy#4074,0,0,0,512,train
train_x.npy#4075,0,0,0,512,train
train_x.npy#4076,1,1,0,512,train
train_x.npy#4077,0,0,0,512,train
train_x.npy#4078,1,1,0,512,train
train_x.npy#4079,0,0,0,512,train
train_x.npy#4080,1,1,0,512,train
train_x.npy#4081,0,0,0,512,train
train_x.npy#4082,0,0,0,512,train
train_x.npy#4083,0,0,0,512,train
train_x.npy#4084,0,0,0,512,train
train_x.npy#4085,0,0,0,512,train
train_x.npy#4086,0,0,0,512,train
train_x.npy#4087,0,0,0,512,train
train_x.npy#4088,0,0,0,512,train
train_x.npy#4089,0,0,0,512,train
train_x.npy#4090,1,1,0,512,train
train_x.npy#4091,0,0,0,512,train
train_x.npy#4092,0,0,0,512,train
train_x.npy#4093,0,0,0,512,train
train_x.npy#4094,1,1,0,512,train
train_x.npy#4095,0,0,0,512,train
train_x.npy#4096,0,0,0,512,train
train_x.npy#4097,0,0,0,512,train
train_x.npy#4098,0,0,0,512,train
train_x.npy#4099,0,0,0,512,train
train_x.npy#4100,0,0,0,512,train
train_x.npy#4101,0,0,0,512,train
train_x.npy#4102,0,0,0,512,train
train_x.npy#4103,0,0,0,512,train
train_x.npy#4104,1,1,0,512,train
train_x.npy#4105,1,1,0,512,train
train_x.npy#4106,0,0,0,512,train
train_x.npy#4107,0,0,0,512,train
train_x.npy#4108,0,0,0,512,train
train_x.npy#4109,0,0,0,512,train
train_x.npy#4110,0,0,0,512,train
train_x.npy#4111,0,0,0,512,train
train_x.npy#4112,1,1,0,512,train
train_x.npy#4113,0,0,0,512,train
train_x.npy#4114,1,1,0,512,train
train_x.npy#4115,0,0,0,512,train
train_x.npy#4116,0,0,0,512,train
train_x.npy#4117,0,0,0,512,train
train_x.npy#4118,0,0,0,512,train
train_x.npy#4119,0,0,0,512,train
train_x.npy#4120,0,0,0,512,train
train_x.npy#4121,0,0,0,512,train
train_x.npy#4122,1,1,0,512,train
train_x.npy#4123,0,0,0,512,train
train_x.npy#4124,1,1,0,512,train
train_x.npy#4125,1,1,0,512,train
train_x.npy#4126,0,0,0,512,train
train_x.npy#4127,0,0,0,512,train
train_x.npy#4128,1,1,0,512,train
train_x.npy#4129,1,1,0,512,train
train_x.npy#4130,1,1,0,512,train
train_x.npy#4131,0,0,0,512,train
train_x.npy#4132,0,0,0,512,train
train_x.npy#4133,1,1,0,512,train
train_x.npy#4134,0,0,0,512,train
train_x.npy#4135,1,1,0,512,train
train_x.npy#4136,0,0,0,512,train
train_x.npy#4137,1,1,0,512,train
train_x.npy#4138,0,0,0,512,train
train_x.npy#4139,0,0,0,512,train
train_x.npy#4140,1,1,0,512,train
train_x.npy#4141,1,1,0,512,train
train_x.npy#4142,0,0,0,512,train
train_x.npy#4143,1,1,0,512,train
train_x.npy#4144,1,1,0,512,train
train_x.npy#4145,0,0,0,512,train
train_x.npy#4146,0,0,0,512,train
train_x.npy#4147,0,0,0,512,train
train_x.npy#4148,0,0,0,512,train
train_x.npy#4149,1,1,0,512,train
train_x.npy#4150,0,0,0,512,train
train_x.npy#4151,1,1,0,512,train
train_x.npy#4152,0,0,0,512,train
train_x.npy#4153,1,1,0,512,train
train_x.npy#4154,0,0,0,512,train
train_x.npy#4155,0,0,0,512,train
train_x.npy#4156,0,0,0,512,train
train_x.npy#4157,0,0,0,512,train
train_x.npy#4158,0,0,0,512,train
train_x.npy#4159,0,0,0,512,train
train_x.npy#4160,1,1,0,512,train
train_x.npy#4161,0,0,0,512,train
train_x.npy#4162,0,0,0,512,train
train_x.npy#4163,0,0,0,512,train
train_x.npy#4164,0,0,0,512,train
train_x.npy#4165,0,0,0,512,train
train_x.npy#4166,1,1,0,512,train
train_x.npy#4167,0,0,0,512,train
train_x.npy#4168,0,0,0,512,train
train_x.npy#4169,1,1,0,512,train
train_x.npy#4170,0,0,0,512,train
train_x.npy#4171,1,1,0,512,train
train_x.npy#4172,1,1,0,512,train
train_x.npy#4173,0,0,0,512,train
train_x.npy#4174,1,1,0,512,train
train_x.npy#4175,0,0,0,512,train
train_x.npy#4176,0,0,0,512,train
train_x.npy#4177,0,0,0,512,train
train_x.npy#4178,0,0,0,512,train
train_x.npy#4179,0,0,0,512,train
train_x.npy#4180,0,0,0,512,train
train_x.npy#4181,1,1,0,512,train
train_x.npy#4182,0,0,0,512,train
train_x.npy#4183,0,0,0,512,train
train_x.npy#4184,1,1,0,512,train
train_x.npy#4185,0,0,0,512,train
train_x.npy#4186,0,0,0,512,train
train_x.npy#4187,1,1,0,512,train
train_x.npy#4188,0,0,0,512,train
train_x.npy#4189,0,0,0,512,train
train_x.npy#4190,1,1,0,512,train
train_x.npy#4191,0,0,0,512,train
train_x.npy#4192,0,0,0,512,train
train_x.npy#4193,0,0,0,512,train
train_x.npy#4194,0,0,0,512,train
train_x.npy#4195,0,0,0,512,train
train_x.npy#4196,1,1,0,512,train
train_x.npy#4197,0,0,0,512,train
train_x.npy#4198,1,1,0,512,train
train_x.npy#4199,1,1,0,512,train
train_x.npy#4200,0,0,0,512,train
train_x.npy#4201,0,0,0,512,train
train_x.npy#4202,1,1,0,512,train
train_x.npy#4203,1,1,0,512,train
train_x.npy#4204,0,0,0,512,train
train_x.npy#4205,0,0,0,512,train
train_x.npy#4206,0,0,0,512,train
train_x.npy#4207,0,0,0,512,train
train_x.npy#4208,0,0,0,512,train
train_x.npy#4209,1,1,0,512,train
train_x.npy#4210,0,0,0,512,train
train_x.npy#4211,0,0,0,512,train
train_x.npy#4212,0,0,0,512,train
train_x.npy#4213,1,1,0,512,train
train_x.npy#4214,1,1,0,512,train
train_x.npy#4215,1,1,0,512,train
train_x.npy#4216,0,0,0,512,train
train_x.npy#4217,0,0,0,512,train
train_x.npy#4218,0,0,0,512,train
train_x.npy#4219,0,0,0,512,train
train_x.npy#4220,0,0,0,512,train
train_x.npy#4221,0,0,0,512,train
train_x.npy#4222,0,0,0,512,train
train_x.npy#4223,1,1,0,512,train
train_x.npy#4224,1,1,0,512,train
train_x.npy#4225,0,0,0,512,train
train_x.npy#4226,0,0,0,512,train
train_x.npy#4227,0,0,0,512,train
train_x.npy#4228,0,0,0,512,train
train_x.npy#4229,1,1,0,512,train
train_x.npy#4230,0,0,0,512,train
train_x.npy#4231,0,0,0,512,train
train_x.npy#4232,1,1,0,512,train
train_x.npy#4233,0,0,0,512,train
train_x.npy#4234,0,0,0,512,train
train_x.npy#4235,0,0,0,512,train
train_x.npy#4236,0,0,0,512,train
train_x.npy#4237,0,0,0,512,train
train_x.npy#4238,0,0,0,512,train
train_x.npy#4239,0,0,0,512,train
train_x.npy#4240,0,0,0,512,train
train_x.npy#4241,0,0,0,512,train
train_x.npy#4242,0,0,0,512,train
train_x.npy#4243,1,1,0,512,train
train_x.npy#4244,1,1,0,512,train
train_x.npy#4245,0,0,0,512,train
train_x.npy#4246,1,1,0,512,train
train_x.npy#4247,0,0,0,512,train
train_x.npy#4248,0,0,0,512,train
train_x.npy#4249,1,1,0,512,train
train_x.npy#4250,1,1,0,512,train
train_x.npy#4251,0,0,0,512,train
train_x.npy#4252,0,0,0,512,train
train_x.npy#4253,0,0,0,512,train
train_x.npy#4254,0,0,0,512,train
train_x.npy#4255,0,0,0,512,train
train_x.npy#4256,0,0,0,512,train
train_x.npy#4257,1,1,0,512,train
train_x.npy#4258,0,0,0,512,train
train_x.npy#4259,0,0,0,512,train
train_x.npy#4260,1,1,0,512,train
train_x.npy#4261,0,0,0,512,train
train_x.npy#4262,0,0,0,512,train
train_x.npy#4263,1,1,0,512,train
train_x.npy#4264,0,0,0,512,train
train_x.npy#4265,0,0,0,512,train
train_x.npy#4266,0,0,0,512,train
train_x.npy#4267,0,0,0,512,train
train_x.npy#4268,0,0,0,512,train
train_x.npy#4269,0,0,0,512,train
train_x.npy#4270,0,0,0,512,train
train_x.npy#4271,0,0,0,512,train
train_x.npy#4272,0,0,0,512,train
train_x.npy#4273,0,0,0,512,train
train_x.npy#4274,0,0,0,512,train
train_x.npy#4275,0,0,0,512,train
train_x.npy#4276,0,0,0,512,train
train_x.npy#4277,0,0,0,512,train
train_x.npy#4278,1,1,0,512,train
train_x.npy#4279,1,1,0,512,train
train_x.npy#4280,1,1,0,512,train
train_x.npy#4281,0,0,0,512,train
train_x.npy#4282,0,0,0,512,train
train_x.npy#4283,0,0,0,512,train
train_x.npy#4284,1,1,0,512,train
train_x.npy#4285,1,1,0,512,train
train_x.npy#4286,0,0,0,512,train
train_x.npy#4287,0,0,0,512,train
train_x.npy#4288,1,1,0,512,train
train_x.npy#4289,1,1,0,512,train
train_x.npy#4290,0,0,0,512,train
train_x.npy#4291,0,0,0,512,train
train_x.npy#4292,0,0,0,512,train
train_x.npy#4293,1,1,0,512,train
train_x.npy#4294,1,1,0,512,train
train_x.npy#4295,0,0,0,512,train
train_x.npy#4296,0,0,0,512,train
train_x.npy#4297,0,0,0,512,train
train_x.npy#4298,0,0,0,512,train
train_x.npy#4299,0,0,0,512,train
train_x.npy#4300,0,0,0,512,train
train_x.npy#4301,0,0,0,512,train
train_x.npy#4302,0,0,0,512,train
train_x.npy#4303,0,0,0,512,train
train_x.npy#4304,0,0,0,512,train
train_x.npy#4305,1,1,0,512,train
train_x.npy#4306,0,0,0,512,train
train_x.npy#4307,0,0,0,512,train
train_x.npy#4308,0,0,0,512,train
train_x.npy#4309,0,0,0,512,train
train_x.npy#4310,1,1,0,512,train
train_x.npy#4311,0,0,0,512,train
train_x.npy#4312,0,0,0,512,train
train_x.npy#4313,0,0,0,512,train
train_x.npy#4314,1,1,0,512,train
train_x.npy#4315,0,0,0,512,train
train_x.npy#4316,0,0,0,512,train
train_x.npy#4317,0,0,0,512,train
train_x.npy#4318,1,1,0,512,train
train_x.npy#4319,0,0,0,512,train
train_x.npy#4320,0,0,0,512,train
train_x.npy#4321,1,1,0,512,train
train_x.npy#4322,1,1,0,512,train
train_x.npy#4323,0,0,0,512,train
train_x.npy#4324,0,0,0,512,train
train_x.npy#4325,0,0,0,512,train
train_x.npy#4326,0,0,0,512,train
train_x.npy#4327,0,0,0,512,train
train_x.npy#4328,1,1,0,512,train
train_x.npy#4329,0,0,0,512,train
train_x.npy#4330,0,0,0,512,train
train_x.npy#4331,0,0,0,512,train
train_x.npy#4332,0,0,0,512,train
train_x.npy#4333,1,1,0,512,train
train_x.npy#4334,1,1,0,512,train
train_x.npy#4335,0,0,0,512,train
train_x.npy#4336,0,0,0,512,train
train_x.npy#4337,0,0,0,512,train
train_x.npy#4338,0,0,0,512,train
train_x.npy#4339,0,0,0,512,train
train_x.npy#4340,1,1,0,512,train
train_x.npy#4341,0,0,0,512,train
train_x.npy#4342,0,0,0,512,train
train_x.npy#4343,0,0,0,512,train
train_x.npy#4344,0,0,0,512,train
train_x.npy#4345,0,0,0,512,train
train_x.npy#4346,0,0,0,512,train
train_x.npy#4347,1,1,0,512,train
train_x.npy#4348,1,1,0,512,train
train_x.npy#4349,1,1,0,512,train
train_x.npy#4350,0,0,0,512,train
train_x.npy#4351,1,1,0,512,train
train_x.npy#4352,1,1,0,512,train
train_x.npy#4353,0,0,0,512,train
train_x.npy#4354,0,0,0,512,train
train_x.npy#4355,1,1,0,512,train
train_x.npy#4356,1,1,0,512,train
train_x.npy#4357,1,1,0,512,train
train_x.npy#4358,0,0,0,512,train
train_x.npy#4359,0,0,0,512,train
train_x.npy#4360,0,0,0,512,train
train_x.npy#4361,0,0,0,512,train
train_x.npy#4362,1,1,0,512,train
train_x.npy#4363,0,0,0,512,train
train_x.npy#4364,0,0,0,512,train
train_x.npy#4365,1,1,0,512,train
train_x.npy#4366,1,1,0,512,train
train_x.npy#4367,0,0,0,512,train
train_x.npy#4368,0,0,0,512,train
train_x.npy#4369,0,0,0,512,train
train_x.npy#4370,0,0,0,512,train
train_x.npy#4371,0,0,0,512,train
train_x.npy#4372,0,0,0,512,train
train_x.npy#4373,1,1,0,512,train
train_x.npy#4374,0,0,0,512,train
train_x.npy#4375,1,1,0,512,train
train_x.npy#4376,1,1,0,512,train
train_x.npy#4377,1,1,0,512,train
train_x.npy#4378,0,0,0,512,train
train_x.npy#4379,0,0,0,512,train
train_x.npy#4380,0,0,0,512,train
train_x.npy#4381,0,0,0,512,train
train_x.npy#4382,1,1,0,512,train
train_x.npy#4383,0,0,0,512,train
train_x.npy#4384,0,0,0,512,train
train_x.npy#4385,1,1,0,512,train
train_x.npy#4386,1,1,0,512,train
train_x.npy#4387,1,1,0,512,train
train_x.npy#4388,1,1,0,512,train
train_x.npy#4389,1,1,0,512,train
train_x.npy#4390,0,0,0,512,train
train_x.npy#4391,0,0,0,512,train
train_x.npy#4392,0,0,0,512,train
train_x.npy#4393,0,0,0,512,train
train_x.npy#4394,0,0,0,512,train
train_x.npy#4395,1,1,0,512,train
train_x.npy#4396,1,1,0,512,train
train_x.npy#4397,1,1,0,512,train
train_x.npy#4398,0,0,0,512,train
train_x.npy#4399,0,0,0,512,train
train_x.npy#4400,1,1,0,512,train
train_x.npy#4401,0,0,0,512,train
train_x.npy#4402,0,0,0,512,train
train_x.npy#4403,1,1,0,512,train
train_x.npy#4404,0,0,0,512,train
train_x.npy#4405,0,0,0,512,train
train_x.npy#4406,0,0,0,512,train
train_x.npy#4407,0,0,0,512,train
train_x.npy#4408,0,0,0,512,train
train_x.npy#4409,0,0,0,512,train
train_x.npy#4410,0,0,0,512,train
train_x.npy#4411,0,0,0,512,train
train_x.npy#4412,0,0,0,512,train
train_x.npy#4413,0,0,0,512,train
train_x.npy#4414,1,1,0,512,train
train_x.npy#4415,1,1,0,512,train
train_x.npy#4416,1,1,0,512,train
train_x.npy#4417,0,0,0,512,train
train_x.npy#4418,0,0,0,512,train
train_x.npy#4419,0,0,0,512,train
train_x.npy#4420,0,0,0,512,train
train_x.npy#4421,1,1,0,512,train
train_x.npy#4422,0,0,0,512,train
train_x.npy#4423,1,1,0,512,train
train_x.npy#4424,0,0,0,512,train
train_x.npy#4425,0,0,0,512,train
train_x.npy#4426,1,1,0,512,train
train_x.npy#4427,1,1,0,512,train
train_x.npy#4428,0,0,0,512,train
train_x.npy#4429,1,1,0,512,train
train_x.npy#4430,0,0,0,512,train
train_x.npy#4431,0,0,0,512,train
train_x.npy#4432,1,1,0,512,train
train_x.npy#4433,0,0,0,512,train
train_x.npy#4434,0,0,0,512,train
train_x.npy#4435,0,0,0,512,train
train_x.npy#4436,0,0,0,512,train
train_x.npy#4437,0,0,0,512,train
train_x.npy#4438,0,0,0,512,train
train_x.npy#4439,1,1,0,512,train
train_x.npy#4440,0,0,0,512,train
train_x.npy#4441,0,0,0,512,train
train_x.npy#4442,0,0,0,512,train
train_x.npy#4443,1,1,0,512,train
train_x.npy#4444,1,1,0,512,train
train_x.npy#4445,0,0,0,512,train
train_x.npy#4446,0,0,0,512,train
train_x.npy#4447,0,0,0,512,train
train_x.npy#4448,0,0,0,512,train
train_x.npy#4449,0,0,0,512,train
train_x.npy#4450,0,0,0,512,train
train_x.npy#4451,0,0,0,512,train
train_x.npy#4452,0,0,0,512,train
train_x.npy#4453,0,0,0,512,train
train_x.npy#4454,0,0,0,512,train
train_x.npy#4455,0,0,0,512,train
train_x.npy#4456,0,0,0,512,train
train_x.npy#4457,0,0,0,512,train
train_x.npy#4458,0,0,0,512,train
train_x.npy#4459,0,0,0,512,train
train_x.npy#4460,0,0,0,512,train
train_x.npy#4461,1,1,0,512,train
train_x.npy#4462,0,0,0,512,train
train_x.npy#4463,1,1,0,512,train
train_x.npy#4464,0,0,0,512,train
train_x.npy#4465,0,0,0,512,train
train_x.npy#4466,1,1,0,512,train
train_x.npy#4467,0,0,0,512,train
train_x.npy#4468,0,0,0,512,train
train_x.npy#4469,0,0,0,512,train
train_x.npy#4470,0,0,0,512,train
train_x.npy#4471,0,0,0,512,train
train_x.npy#4472,0,0,0,512,train
train_x.npy#4473,0,0,0,512,train
train_x.npy#4474,1,1,0,512,train
train_x.npy#4475,0,0,0,512,train
train_x.npy#4476,0,0,0,512,train
train_x.npy#4477,0,0,0,512,train
train_x.npy#4478,1,1,0,512,train
train_x.npy#4479,0,0,0,512,train
train_x.npy#4480,1,1,0,512,train
train_x.npy#4481,0,0,0,512,train
train_x.npy#4482,0,0,0,512,train
train_x.npy#4483,1,1,0,512,train
train_x.npy#4484,1,1,0,512,train
train_x.npy#4485,0,0,0,512,train
train_x.npy#4486,1,1,0,512,train
train_x.npy#4487,0,0,0,512,train
train_x.npy#4488,0,0,0,512,train
train_x.npy#4489,0,0,0,512,train
train_x.npy#4490,0,0,0,512,train
train_x.npy#4491,0,0,0,512,train
train_x.npy#4492,0,0,0,512,train
train_x.npy#4493,0,0,0,512,train
train_x.npy#4494,1,1,0,512,train
train_x.npy#4495,0,0,0,512,train
train_x.npy#4496,0,0,0,512,train
train_x.npy#4497,0,0,0,512,train
train_x.npy#4498,0,0,0,512,train
train_x.npy#4499,0,0,0,512,train
train_x.npy#4500,0,0,0,512,train
train_x.npy#4501,0,0,0,512,train
train_x.npy#4502,1,1,0,512,train
train_x.npy#4503,0,0,0,512,train
train_x.npy#4504,0,0,0,512,train
train_x.npy#4505,0,0,0,512,train
train_x.npy#4506,0,0,0,512,train
train_x.npy#4507,0,0,0,512,train
train_x.npy#4508,1,1,0,512,train
train_x.npy#4509,1,1,0,512,train
train_x.npy#4510,0,0,0,512,train
train_x.npy#4511,0,0,0,512,train
train_x.npy#4512,0,0,0,512,train
train_x.npy#4513,0,0,0,512,train
train_x.npy#4514,0,0,0,512,train
train_x.npy#4515,0,0,0,512,train
train_x.npy#4516,1,1,0,512,train
train_x.npy#4517,0,0,0,512,train
train_x.npy#4518,1,1,0,512,train
train_x.npy#4519,0,0,0,512,train
train_x.npy#4520,0,0,0,512,train
train_x.npy#4521,0,0,0,512,train
train_x.npy#4522,1,1,0,512,train
train_x.npy#4523,1,1,0,512,train
train_x.npy#4524,1,1,0,512,train
train_x.npy#4525,1,1,0,512,train
train_x.npy#4526,0,0,0,512,train
train_x.npy#4527,0,0,0,512,train
train_x.npy#4528,1,1,0,512,train
train_x.npy#4529,0,0,0,512,train
train_x.npy#4530,0,0,0,512,train
train_x.npy#4531,0,0,0,512,train
train_x.npy#4532,0,0,0,512,train
train_x.npy#4533,0,0,0,512,train
train_x.npy#4534,0,0,0,512,train
train_x.npy#4535,1,1,0,512,train
train_x.npy#4536,1,1,0,512,train
train_x.npy#4537,0,0,0,512,train
train_x.npy#4538,0,0,0,512,train
train_x.npy#4539,0,0,0,512,train
train_x.npy#4540,0,0,0,512,train
train_x.npy#4541,0,0,0,512,train
train_x.npy#4542,0,0,0,512,train
train_x.npy#4543,0,0,0,512,train
train_x.npy#4544,0,0,0,512,train
train_x.npy#4545,0,0,0,512,train
train_x.npy#4546,1,1,0,512,train
train_x.npy#4547,0,0,0,512,train
train_x.npy#4548,0,0,0,512,train
train_x.npy#4549,0,0,0,512,train
train_x.npy#4550,0,0,0,512,train
train_x.npy#4551,0,0,0,512,train
train_x.npy#4552,0,0,0,512,train
train_x.npy#4553,0,0,0,512,train
train_x.npy#4554,0,0,0,512,train
train_x.npy#4555,0,0,0,512,train
train_x.npy#4556,0,0,0,512,train
train_x.npy#4557,0,0,0,512,train
train_x.npy#4558,0,0,0,512,train
train_x.npy#4559,1,1,0,512,train
train_x.npy#4560,0,0,0,512,train
train_x.npy#4561,0,0,0,512,train
train_x.npy#4562,0,0,0,512,train
train_x.npy#4563,0,0,0,512,train
train_x.npy#4564,1,1,0,512,train
train_x.npy#4565,0,0,0,512,train
train_x.npy#4566,0,0,0,512,train
train_x.npy#4567,1,1,0,512,train
train_x.npy#4568,0,0,0,512,train
train_x.npy#4569,0,0,0,512,train
train_x.npy#4570,0,0,0,512,train
train_x.npy#4571,1,1,0,512,train
train_x.npy#4572,1,1,0,512,train
train_x.npy#4573,0,0,0,512,train
train_x.npy#4574,0,0,0,512,train
train_x.npy#4575,0,0,0,512,train
train_x.npy#4576,1,1,0,512,train
train_x.npy#4577,1,1,0,512,train
train_x.npy#4578,0,0,0,512,train
train_x.npy#4579,0,0,0,512,train
train_x.npy#4580,1,1,0,512,train
train_x.npy#4581,0,0,0,512,train
train_x.npy#4582,0,0,0,512,train
train_x.npy#4583,0,0,0,512,train
train_x.npy#4584,1,1,0,512,train
train_x.npy#4585,0,0,0,512,train
train_x.npy#4586,0,0,0,512,train
train_x.npy#4587,0,0,0,512,train
train_x.npy#4588,1,1,0,512,train
train_x.npy#4589,0,0,0,512,train
train_x.npy#4590,0,0,0,512,train
train_x.npy#4591,0,0,0,512,train
train_x.npy#4592,0,0,0,512,train
train_x.npy#4593,0,0,0,512,train
train_x.npy#4594,0,0,0,512,train
train_x.npy#4595,1,1,0,512,train
train_x.npy#4596,1,1,0,512,train
train_x.npy#4597,1,1,0,512,train
train_x.npy#4598,0,0,0,512,train
train_x.npy#4599,0,0,0,512,train
train_x.npy#4600,0,0,0,512,train
train_x.npy#4601,1,1,0,512,train
train_x.npy#4602,0,0,0,512,train
train_x.npy#4603,0,0,0,512,train
train_x.npy#4604,0,0,0,512,train
train_x.npy#4605,0,0,0,512,train
train_x.npy#4606,0,0,0,512,train
train_x.npy#4607,1,1,0,512,train
train_x.npy#4608,0,0,0,512,train
train_x.npy#4609,1,1,0,512,train
train_x.npy#4610,1,1,0,512,train
train_x.npy#4611,1,1,0,512,train
train_x.npy#4612,1,1,0,512,train
train_x.npy#4613,0,0,0,512,train
train_x.npy#4614,0,0,0,512,train
train_x.npy#4615,0,0,0,512,train
train_x.npy#4616,1,1,0,512,train
train_x.npy#4617,0,0,0,512,train
train_x.npy#4618,0,0,0,512,train
train_x.npy#4619,0,0,0,512,train
train_x.npy#4620,0,0,0,512,train
train_x.npy#4621,1,1,0,512,train
train_x.npy#4622,0,0,0,512,train
train_x.npy#4623,0,0,0,512,train
train_x.npy#4624,0,0,0,512,train
train_x.npy#4625,0,0,0,512,train
train_x.npy#4626,0,0,0,512,train
train_x.npy#4627,0,0,0,512,train
train_x.npy#4628,0,0,0,512,train
train_x.npy#4629,0,0,0,512,train
train_x.npy#4630,0,0,0,512,train
train_x.npy#4631,0,0,0,512,train
train_x.npy#4632,0,0,0,512,train
train_x.npy#4633,1,1,0,512,train
train_x.npy#4634,0,0,0,512,train
train_x.npy#4635,0,0,0,512,train
train_x.npy#4636,0,0,0,512,train
train_x.npy#4637,0,0,0,512,train
train_x.npy#4638,0,0,0,512,train
train_x.npy#4639,0,0,0,512,train
train_x.npy#4640,0,0,0,512,train
train_x.npy#4641,1,1,0,512,train
train_x.npy#4642,1,1,0,512,train
train_x.npy#4643,1,1,0,512,train
train_x.npy#4644,1,1,0,512,train
train_x.npy#4645,1,1,0,512,train
train_x.npy#4646,1,1,0,512,train
train_x.npy#4647,1,1,0,512,train
train_x.npy#4648,0,0,0,512,train
train_x.npy#4649,1,1,0,512,train
train_x.npy#4650,0,0,0,512,train
train_x.npy#4651,1,1,0,512,train
train_x.npy#4652,0,0,0,512,train
train_x.npy#4653,0,0,0,512,train
train_x.npy#4654,1,1,0,512,train
train_x.npy#4655,0,0,0,512,train
train_x.npy#4656,0,0,0,512,train
train_x.npy#4657,0,0,0,512,train
train_x.npy#4658,1,1,0,512,train
train_x.npy#4659,0,0,0,512,train
train_x.npy#4660,0,0,0,512,train
train_x.npy#4661,0,0,0,512,train
train_x.npy#4662,0,0,0,512,train
train_x.npy#4663,0,0,0,512,train
train_x.npy#4664,0,0,0,512,train
train_x.npy#4665,0,0,0,512,train
train_x.npy#4666,1,1,0,512,train
train_x.npy#4667,1,1,0,512,train
train_x.npy#4668,0,0,0,512,train
train_x.npy#4669,0,0,0,512,train
train_x.npy#4670,0,0,0,512,train
train_x.npy#4671,1,1,0,512,train
train_x.npy#4672,0,0,0,512,train
train_x.npy#4673,1,1,0,512,train
train_x.npy#4674,0,0,0,512,train
train_x.npy#4675,0,0,0,512,train
train_x.npy#4676,0,0,0,512,train
train_x.npy#4677,0,0,0,512,train
train_x.npy#4678,1,1,0,512,train
train_x.npy#4679,0,0,0,512,train
train_x.npy#4680,1,1,0,512,train
train_x.npy#4681,0,0,0,512,train
train_x.npy#4682,0,0,0,512,train
train_x.npy#4683,0,0,0,512,train
train_x.npy#4684,0,0,0,512,train
train_x.npy#4685,0,0,0,512,train
train_x.npy#4686,0,0,0,512,train
train_x.npy#4687,0,0,0,512,train
train_x.npy#4688,0,0,0,512,train
train_x.npy#4689,0,0,0,512,train
train_x.npy#4690,0,0,0,512,train
train_x.npy#4691,0,0,0,512,train
train_x.npy#4692,0,0,0,512,train
train_x.npy#4693,0,0,0,512,train
train_x.npy#4694,0,0,0,512,train
train_x.npy#4695,0,0,0,512,train
train_x.npy#4696,0,0,0,512,train
train_x.npy#4697,0,0,0,512,train
train_x.npy#4698,0,0,0,512,train
train_x.npy#4699,0,0,0,512,train
train_x.npy#4700,0,0,0,512,train
train_x.npy#4701,1,1,0,512,train
train_x.npy#4702,0,0,0,512,train
train_x.npy#4703,1,1,0,512,train
train_x.npy#4704,0,0,0,512,train
train_x.npy#4705,0,0,0,512,train
train_x.npy#4706,0,0,0,512,train
train_x.npy#4707,0,0,0,512,train
train_x.npy#4708,0,0,0,512,train
train_x.npy#4709,0,0,0,512,train
train_x.npy#4710,0,0,0,512,train
train_x.npy#4711,1,1,0,512,train
train_x.npy#4712,0,0,0,512,train
train_x.npy#4713,1,1,0,512,train
train_x.npy#4714,1,1,0,512,train
train_x.npy#4715,0,0,0,512,train
train_x.npy#4716,1,1,0,512,train
train_x.npy#4717,0,0,0,512,train
train_x.npy#4718,1,1,0,512,train
train_x.npy#4719,1,1,0,512,train
train_x.npy#4720,0,0,0,512,train
train_x.npy#4721,1,1,0,512,train
train_x.npy#4722,0,0,0,512,train
train_x.npy#4723,1,1,0,512,train
train_x.npy#4724,0,0,0,512,train
train_x.npy#4725,0,0,0,512,train
train_x.npy#4726,0,0,0,512,train
train_x.npy#4727,0,0,0,512,train
train_x.npy#4728,0,0,0,512,train
train_x.npy#4729,0,0,0,512,train
train_x.npy#4730,1,1,0,512,train
train_x.npy#4731,0,0,0,512,train
train_x.npy#4732,0,0,0,512,train
train_x.npy#4733,0,0,0,512,train
train_x.npy#4734,1,1,0,512,train
train_x.npy#4735,0,0,0,512,train
train_x.npy#4736,0,0,0,512,train
train_x.npy#4737,0,0,0,512,train
train_x.npy#4738,0,0,0,512,train
train_x.npy#4739,1,1,0,512,train
train_x.npy#4740,1,1,0,512,train
train_x.npy#4741,0,0,0,512,train
train_x.npy#4742,0,0,0,512,train
train_x.npy#4743,0,0,0,512,train
train_x.npy#4744,0,0,0,512,train
train_x.npy#4745,0,0,0,512,train
train_x.npy#4746,0,0,0,512,train
train_x.npy#4747,0,0,0,512,train
train_x.npy#4748,1,1,0,512,train
train_x.npy#4749,0,0,0,512,train
train_x.npy#4750,0,0,0,512,train
train_x.npy#4751,1,1,0,512,train
train_x.npy#4752,0,0,0,512,train
train_x.npy#4753,0,0,0,512,train
train_x.npy#4754,0,0,0,512,train
train_x.npy#4755,0,0,0,512,train
train_x.npy#4756,0,0,0,512,train
train_x.npy#4757,1,1,0,512,train
train_x.npy#4758,0,0,0,512,train
train_x.npy#4759,1,1,0,512,train
train_x.npy#4760,0,0,0,512,train
train_x.npy#4761,0,0,0,512,train
train_x.npy#4762,0,0,0,512,train
train_x.npy#4763,1,1,0,512,train
train_x.npy#4764,1,1,0,512,train
train_x.npy#4765,0,0,0,512,train
train_x.npy#4766,0,0,0,512,train
train_x.npy#4767,1,1,0,512,train
train_x.npy#4768,0,0,0,512,train
train_x.npy#4769,0,0,0,512,train
train_x.npy#4770,1,1,0,512,train
train_x.npy#4771,0,0,0,512,train
train_x.npy#4772,0,0,0,512,train
train_x.npy#4773,0,0,0,512,train
train_x.npy#4774,0,0,0,512,train
train_x.npy#4775,0,0,0,512,train
train_x.npy#4776,0,0,0,512,train
train_x.npy#4777,0,0,0,512,train
train_x.npy#4778,0,0,0,512,train
train_x.npy#4779,0,0,0,512,train
train_x.npy#4780,1,1,0,512,train
train_x.npy#4781,0,0,0,512,train
train_x.npy#4782,0,0,0,512,train
train_x.npy#4783,0,0,0,512,train
train_x.npy#4784,0,0,0,512,train
train_x.npy#4785,0,0,0,512,train
train_x.npy#4786,1,1,0,512,train
train_x.npy#4787,0,0,0,512,train
train_x.npy#4788,0,0,0,512,train
train_x.npy#4789,0,0,0,512,train
train_x.npy#4790,0,0,0,512,train
train_x.npy#4791,0,0,0,512,train
train_x.npy#4792,0,0,0,512,train
train_x.npy#4793,1,1,0,512,train
train_x.npy#4794,0,0,0,512,train
train_x.npy#4795,0,0,0,512,train
train_x.npy#4796,0,0,0,512,train
train_x.npy#4797,0,0,0,512,train
train_x.npy#4798,0,0,0,512,train
train_x.npy#4799,0,0,0,512,train
train_x.npy#4800,1,1,0,512,train
train_x.npy#4801,1,1,0,512,train
train_x.npy#4802,0,0,0,512,train
train_x.npy#4803,1,1,0,512,train
train_x.npy#4804,0,0,0,512,train
train_x.npy#4805,0,0,0,512,train
train_x.npy#4806,0,0,0,512,train
train_x.npy#4807,0,0,0,512,train
train_x.npy#4808,1,1,0,512,train
train_x.npy#4809,0,0,0,512,train
train_x.npy#4810,1,1,0,512,train
train_x.npy#4811,0,0,0,512,train
train_x.npy#4812,1,1,0,512,train
train_x.npy#4813,0,0,0,512,train
train_x.npy#4814,1,1,0,512,train
train_x.npy#4815,1,1,0,512,train
train_x.npy#4816,1,1,0,512,train
train_x.npy#4817,0,0,0,512,train
train_x.npy#4818,0,0,0,512,train
train_x.npy#4819,0,0,0,512,train
train_x.npy#4820,1,1,0,512,train
train_x.npy#4821,0,0,0,512,train
train_x.npy#4822,0,0,0,512,train
train_x.npy#4823,0,0,0,512,train
train_x.npy#4824,0,0,0,512,train
train_x.npy#4825,0,0,0,512,train
train_x.npy#4826,0,0,0,512,train
train_x.npy#4827,1,1,0,512,train
train_x.npy#4828,0,0,0,512,train
train_x.npy#4829,0,0,0,512,train
train_x.npy#4830,1,1,0,512,train
train_x.npy#4831,1,1,0,512,train
train_x.npy#4832,0,0,0,512,train
train_x.npy#4833,0,0,0,512,train
train_x.npy#4834,1,1,0,512,train
train_x.npy#4835,0,0,0,512,train
train_x.npy#4836,1,1,0,512,train
train_x.npy#4837,0,0,0,512,train
train_x.npy#4838,0,0,0,512,train
train_x.npy#4839,0,0,0,512,train
train_x.npy#4840,0,0,0,512,train
train_x.npy#4841,0,0,0,512,train
train_x.npy#4842,0,0,0,512,train
train_x.npy#4843,0,0,0,512,train
train_x.npy#4844,0,0,0,512,train
train_x.npy#4845,0,0,0,512,train
train_x.npy#4846,1,1,0,512,train
train_x.npy#4847,0,0,0,512,train
train_x.npy#4848,1,1,0,512,train
train_x.npy#4849,0,0,0,512,train
train_x.npy#4850,0,0,0,512,train
train_x.npy#4851,0,0,0,512,train
train_x.npy#4852,0,0,0,512,train
train_x.npy#4853,0,0,0,512,train
train_x.npy#4854,0,0,0,512,train
train_x.npy#4855,0,0,0,512,train
train_x.npy#4856,0,0,0,512,train
train_x.npy#4857,0,0,0,512,train
train_x.npy#4858,0,0,0,512,train
train_x.npy#4859,0,0,0,512,train
train_x.npy#4860,0,0,0,512,train
train_x.npy#4861,0,0,0,512,train
train_x.npy#4862,1,1,0,512,train
train_x.npy#4863,1,1,0,512,train
train_x.npy#4864,0,0,0,512,train
train_x.npy#4865,0,0,0,512,train
train_x.npy#4866,1,1,0,512,train
train_x.npy#4867,0,0,0,512,train
train_x.npy#4868,1,1,0,512,train
train_x.npy#4869,0,0,0,512,train
train_x.npy#4870,1,1,0,512,train
train_x.npy#4871,0,0,0,512,train
train_x.npy#4872,1,1,0,512,train
train_x.npy#4873,0,0,0,512,train
train_x.npy#4874,0,0,0,512,train
train_x.npy#4875,0,0,0,512,train
train_x.npy#4876,0,0,0,512,train
train_x.npy#4877,1,1,0,512,train
train_x.npy#4878,0,0,0,512,train
train_x.npy#4879,0,0,0,512,train
train_x.npy#4880,0,0,0,512,train
train_x.npy#4881,0,0,0,512,train
train_x.npy#4882,1,1,0,512,train
train_x.npy#4883,0,0,0,512,train
train_x.npy#4884,1,1,0,512,train
train_x.npy#4885,0,0,0,512,train
train_x.npy#4886,0,0,0,512,train
train_x.npy#4887,0,0,0,512,train
train_x.npy#4888,0,0,0,512,train
train_x.npy#4889,0,0,0,512,train
train_x.npy#4890,0,0,0,512,train
train_x.npy#4891,1,1,0,512,train
train_x.npy#4892,1,1,0,512,train
train_x.npy#4893,1,1,0,512,train
train_x.npy#4894,0,0,0,512,train
train_x.npy#4895,1,1,0,512,train
train_x.npy#4896,0,0,0,512,train
train_x.npy#4897,0,0,0,512,train
train_x.npy#4898,0,0,0,512,train
train_x.npy#4899,0,0,0,512,train
train_x.npy#4900,0,0,0,512,train
train_x.npy#4901,0,0,0,512,train
train_x.npy#4902,0,0,0,512,train
train_x.npy#4903,0,0,0,512,train
train_x.npy#4904,0,0,0,512,train
train_x.npy#4905,0,0,0,512,train
train_x.npy#4906,1,1,0,512,train
train_x.npy#4907,0,0,0,512,train
train_x.npy#4908,0,0,0,512,train
train_x.npy#4909,1,1,0,512,train
train_x.npy#4910,1,1,0,512,train
train_x.npy#4911,0,0,0,512,train
train_x.npy#4912,0,0,0,512,train
train_x.npy#4913,0,0,0,512,train
train_x.npy#4914,0,0,0,512,train
train_x.npy#4915,1,1,0,512,train
train_x.npy#4916,0,0,0,512,train
train_x.npy#4917,0,0,0,512,train
train_x.npy#4918,0,0,0,512,train
train_x.npy#4919,0,0,0,512,train
train_x.npy#4920,0,0,0,512,train
train_x.npy#4921,0,0,0,512,train
train_x.npy#4922,0,0,0,512,train
train_x.npy#4923,0,0,0,512,train
train_x.npy#4924,0,0,0,512,train
train_x.npy#4925,1,1,0,512,train
train_x.npy#4926,0,0,0,512,train
train_x.npy#4927,0,0,0,512,train
train_x.npy#4928,1,1,0,512,train
train_x.npy#4929,0,0,0,512,train
train_x.npy#4930,0,0,0,512,train
train_x.npy#4931,0,0,0,512,train
train_x.npy#4932,0,0,0,512,train
train_x.npy#4933,1,1,0,512,train
train_x.npy#4934,0,0,0,512,train
train_x.npy#4935,0,0,0,512,train
train_x.npy#4936,1,1,0,512,train
train_x.npy#4937,0,0,0,512,train
train_x.npy#4938,0,0,0,512,train
train_x.npy#4939,0,0,0,512,train
train_x.npy#4940,1,1,0,512,train
train_x.npy#4941,1,1,0,512,train
train_x.npy#4942,1,1,0,512,train
train_x.npy#4943,0,0,0,512,train
train_x.npy#4944,1,1,0,512,train
train_x.npy#4945,0,0,0,512,train
train_x.npy#4946,0,0,0,512,train
train_x.npy#4947,0,0,0,512,train
train_x.npy#4948,0,0,0,512,train
train_x.npy#4949,1,1,0,512,train
train_x.npy#4950,1,1,0,512,train
train_x.npy#4951,0,0,0,512,train
train_x.npy#4952,0,0,0,512,train
train_x.npy#4953,0,0,0,512,train
train_x.npy#4954,0,0,0,512,train
train_x.npy#4955,0,0,0,512,train
train_x.npy#4956,0,0,0,512,train
train_x.npy#4957,0,0,0,512,train
train_x.npy#4958,1,1,0,512,train
train_x.npy#4959,0,0,0,512,train
train_x.npy#4960,1,1,0,512,train
train_x.npy#4961,1,1,0,512,train
train_x.npy#4962,0,0,0,512,train
train_x.npy#4963,0,0,0,512,train
train_x.npy#4964,1,1,0,512,train
train_x.npy#4965,0,0,0,512,train
train_x.npy#4966,1,1,0,512,train
train_x.npy#4967,0,0,0,512,train
train_x.npy#4968,1,1,0,512,train
train_x.npy#4969,1,1,0,512,train
train_x.npy#4970,1,1,0,512,train
train_x.npy#4971,1,1,0,512,train
train_x.npy#4972,0,0,0,512,train
train_x.npy#4973,0,0,0,512,train
train_x.npy#4974,1,1,0,512,train
train_x.npy#4975,0,0,0,512,train
train_x.npy#4976,1,1,0,512,train
train_x.npy#4977,0,0,0,512,train
train_x.npy#4978,0,0,0,512,train
train_x.npy#4979,0,0,0,512,train
train_x.npy#4980,0,0,0,512,train
train_x.npy#4981,1,1,0,512,train
train_x.npy#4982,0,0,0,512,train
train_x.npy#4983,0,0,0,512,train
train_x.npy#4984,1,1,0,512,train
train_x.npy#4985,0,0,0,512,train
train_x.npy#4986,0,0,0,512,train
train_x.npy#4987,0,0,0,512,train
train_x.npy#4988,0,0,0,512,train
train_x.npy#4989,0,0,0,512,train
train_x.npy#4990,1,1,0,512,train
train_x.npy#4991,0,0,0,512,train
train_x.npy#4992,0,0,0,512,train
train_x.npy#4993,1,1,0,512,train
train_x.npy#4994,0,0,0,512,train
train_x.npy#4995,0,0,0,512,train
train_x.npy#4996,1,1,0,512,train
train_x.npy#4997,0,0,0,512,train
train_x.npy#4998,1,1,0,512,train
train_x.npy#4999,1,1,0,512,train
train_x.npy#5000,0,0,0,512,train
train_x.npy#5001,1,1,0,512,train
train_x.npy#5002,1,1,0,512,train
train_x.npy#5003,1,1,0,512,train
train_x.npy#5004,1,1,0,512,train
train_x.npy#5005,0,0,0,512,train
train_x.npy#5006,0,0,0,512,train
train_x.npy#5007,0,0,0,512,train
train_x.npy#5008,0,0,0,512,train
train_x.npy#5009,1,1,0,512,train
train_x.npy#5010,1,1,0,512,train
train_x.npy#5011,0,0,0,512,train
train_x.npy#5012,0,0,0,512,train
train_x.npy#5013,1,1,0,512,train
train_x.npy#5014,0,0,0,512,train
train_x.npy#5015,0,0,0,512,train
train_x.npy#5016,0,0,0,512,train
train_x.npy#5017,1,1,0,512,train
train_x.npy#5018,0,0,0,512,train
train_x.npy#5019,1,1,0,512,train
train_x.npy#5020,0,0,0,512,train
train_x.npy#5021,1,1,0,512,train
train_x.npy#5022,1,1,0,512,train
train_x.npy#5023,0,0,0,512,train
train_x.npy#5024,0,0,0,512,train
train_x.npy#5025,0,0,0,512,train
train_x.npy#5026,1,1,0,512,train
train_x.npy#5027,0,0,0,512,train
train_x.npy#5028,0,0,0,512,train
train_x.npy#5029,0,0,0,512,train
train_x.npy#5030,0,0,0,512,train
train_x.npy#5031,0,0,0,512,train
train_x.npy#5032,0,0,0,512,train
train_x.npy#5033,0,0,0,512,train
train_x.npy#5034,0,0,0,512,train
train_x.npy#5035,0,0,0,512,train
train_x.npy#5036,0,0,0,512,train
train_x.npy#5037,0,0,0,512,train
train_x.npy#5038,1,1,0,512,train
train_x.npy#5039,0,0,0,512,train
train_x.npy#5040,0,0,0,512,train
train_x.npy#5041,0,0,0,512,train
train_x.npy#5042,0,0,0,512,train
train_x.npy#5043,0,0,0,512,train
train_x.npy#5044,0,0,0,512,train
train_x.npy#5045,0,0,0,512,train
train_x.npy#5046,1,1,0,512,train
train_x.npy#5047,1,1,0,512,train
train_x.npy#5048,0,0,0,512,train
train_x.npy#5049,0,0,0,512,train
train_x.npy#5050,0,0,0,512,train
train_x.npy#5051,0,0,0,512,train
train_x.npy#5052,1,1,0,512,train
train_x.npy#5053,0,0,0,512,train
train_x.npy#5054,0,0,0,512,train
train_x.npy#5055,0,0,0,512,train
train_x.npy#5056,0,0,0,512,train
train_x.npy#5057,1,1,0,512,train
train_x.npy#5058,0,0,0,512,train
train_x.npy#5059,1,1,0,512,train
train_x.npy#5060,1,1,0,512,train
train_x.npy#5061,0,0,0,512,train
train_x.npy#5062,0,0,0,512,train
train_x.npy#5063,0,0,0,512,train
train_x.npy#5064,0,0,0,512,train
train_x.npy#5065,0,0,0,512,train
train_x.npy#5066,1,1,0,512,train
train_x.npy#5067,1,1,0,512,train
train_x.npy#5068,1,1,0,512,train
train_x.npy#5069,0,0,0,512,train
train_x.npy#5070,0,0,0,512,train
train_x.npy#5071,0,0,0,512,train
train_x.npy#5072,0,0,0,512,train
train_x.npy#5073,0,0,0,512,train
train_x.npy#5074,1,1,0,512,train
train_x.npy#5075,0,0,0,512,train
train_x.npy#5076,0,0,0,512,train
train_x.npy#5077,0,0,0,512,train
train_x.npy#5078,0,0,0,512,train
train_x.npy#5079,1,1,0,512,train
train_x.npy#5080,1,1,0,512,train
train_x.npy#5081,1,1,0,512,train
train_x.npy#5082,0,0,0,512,train
train_x.npy#5083,0,0,0,512,train
train_x.npy#5084,0,0,0,512,train
train_x.npy#5085,0,0,0,512,train
train_x.npy#5086,0,0,0,512,train
train_x.npy#5087,1,1,0,512,train
train_x.npy#5088,0,0,0,512,train
train_x.npy#5089,0,0,0,512,train
train_x.npy#5090,0,0,0,512,train
train_x.npy#5091,0,0,0,512,train
train_x.npy#5092,1,1,0,512,train
train_x.npy#5093,0,0,0,512,train
train_x.npy#5094,0,0,0,512,train
train_x.npy#5095,1,1,0,512,train
train_x.npy#5096,0,0,0,512,train
train_x.npy#5097,0,0,0,512,train
train_x.npy#5098,0,0,0,512,train
train_x.npy#5099,0,0,0,512,train
train_x.npy#5100,0,0,0,512,train
train_x.npy#5101,0,0,0,512,train
train_x.npy#5102,1,1,0,512,train
train_x.npy#5103,0,0,0,512,train
train_x.npy#5104,0,0,0,512,train
train_x.npy#5105,0,0,0,512,train
train_x.npy#5106,0,0,0,512,train
train_x.npy#5107,0,0,0,512,train
train_x.npy#5108,1,1,0,512,train
train_x.npy#5109,1,1,0,512,train
train_x.npy#5110,1,1,0,512,train
train_x.npy#5111,0,0,0,512,train
train_x.npy#5112,1,1,0,512,train
train_x.npy#5113,1,1,0,512,train
train_x.npy#5114,0,0,0,512,train
train_x.npy#5115,0,0,0,512,train
train_x.npy#5116,0,0,0,512,train
train_x.npy#5117,0,0,0,512,train
train_x.npy#5118,0,0,0,512,train
train_x.npy#5119,0,0,0,512,train
train_x.npy#5120,0,0,0,512,train
train_x.npy#5121,0,0,0,512,train
train_x.npy#5122,0,0,0,512,train
train_x.npy#5123,0,0,0,512,train
train_x.npy#5124,0,0,0,512,train
train_x.npy#5125,1,1,0,512,train
train_x.npy#5126,0,0,0,512,train
train_x.npy#5127,1,1,0,512,train
train_x.npy#5128,0,0,0,512,train
train_x.npy#5129,0,0,0,512,train
train_x.npy#5130,1,1,0,512,train
train_x.npy#5131,0,0,0,512,train
train_x.npy#5132,0,0,0,512,train
train_x.npy#5133,0,0,0,512,train
train_x.npy#5134,0,0,0,512,train
train_x.npy#5135,1,1,0,512,train
train_x.npy#5136,0,0,0,512,train
train_x.npy#5137,0,0,0,512,train
train_x.npy#5138,1,1,0,512,train
train_x.npy#5139,0,0,0,512,train
train_x.npy#5140,0,0,0,512,train
train_x.npy#5141,1,1,0,512,train
train_x.npy#5142,0,0,0,512,train
train_x.npy#5143,0,0,0,512,train
train_x.npy#5144,1,1,0,512,train
train_x.npy#5145,1,1,0,512,train
train_x.npy#5146,0,0,0,512,train
train_x.npy#5147,0,0,0,512,train
train_x.npy#5148,0,0,0,512,train
train_x.npy#5149,0,0,0,512,train
train_x.npy#5150,0,0,0,512,train
train_x.npy#5151,0,0,0,512,train
train_x.npy#5152,0,0,0,512,train
train_x.npy#5153,0,0,0,512,train
train_x.npy#5154,0,0,0,512,train
train_x.npy#5155,0,0,0,512,train
train_x.npy#5156,0,0,0,512,train
train_x.npy#5157,0,0,0,512,train
train_x.npy#5158,1,1,0,512,train
train_x.npy#5159,0,0,0,512,train
train_x.npy#5160,1,1,0,512,train
train_x.npy#5161,0,0,0,512,train
train_x.npy#5162,1,1,0,512,train
train_x.npy#5163,1,1,0,512,train
train_x.npy#5164,1,1,0,512,train
train_x.npy#5165,1,1,0,512,train
train_x.npy#5166,1,1,0,512,train
train_x.npy#5167,0,0,0,512,train
train_x.npy#5168,0,0,0,512,train
train_x.npy#5169,1,1,0,512,train
train_x.npy#5170,0,0,0,512,train
train_x.npy#5171,1,1,0,512,train
train_x.npy#5172,0,0,0,512,train
train_x.npy#5173,0,0,0,512,train
train_x.npy#5174,0,0,0,512,train
train_x.npy#5175,0,0,0,512,train
train_x.npy#5176,0,0,0,512,train
train_x.npy#5177,0,0,0,512,train
train_x.npy#5178,1,1,0,512,train
train_x.npy#5179,0,0,0,512,train
train_x.npy#5180,0,0,0,512,train
train_x.npy#5181,0,0,0,512,train
train_x.npy#5182,0,0,0,512,train
train_x.npy#5183,0,0,0,512,train
train_x.npy#5184,0,0,0,512,train
train_x.npy#5185,1,1,0,512,train
train_x.npy#5186,0,0,0,512,train
train_x.npy#5187,0,0,0,512,train
train_x.npy#5188,1,1,0,512,train
train_x.npy#5189,0,0,0,512,train
train_x.npy#5190,0,0,0,512,train
train_x.npy#5191,0,0,0,512,train
train_x.npy#5192,0,0,0,512,train
train_x.npy#5193,0,0,0,512,train
train_x.npy#5194,0,0,0,512,train
train_x.npy#5195,0,0,0,512,train
train_x.npy#5196,0,0,0,512,train
train_x.npy#5197,0,0,0,512,train
train_x.npy#5198,0,0,0,512,train
train_x.npy#5199,1,1,0,512,train
train_x.npy#5200,0,0,0,512,train
train_x.npy#5201,0,0,0,512,train
train_x.npy#5202,0,0,0,512,train
train_x.npy#5203,0,0,0,512,train
train_x.npy#5204,0,0,0,512,train
train_x.npy#5205,0,0,0,512,train
train_x.npy#5206,1,1,0,512,train
train_x.npy#5207,0,0,0,512,train
train_x.npy#5208,1,1,0,512,train
train_x.npy#5209,0,0,0,512,train
train_x.npy#5210,0,0,0,512,train
train_x.npy#5211,0,0,0,512,train
train_x.npy#5212,0,0,0,512,train
train_x.npy#5213,0,0,0,512,train
train_x.npy#5214,0,0,0,512,train
train_x.npy#5215,0,0,0,512,train
train_x.npy#5216,0,0,0,512,train
train_x.npy#5217,1,1,0,512,train
train_x.npy#5218,0,0,0,512,train
train_x.npy#5219,0,0,0,512,train
train_x.npy#5220,0,0,0,512,train
train_x.npy#5221,0,0,0,512,train
train_x.npy#5222,0,0,0,512,train
train_x.npy#5223,1,1,0,512,train
train_x.npy#5224,0,0,0,512,train
train_x.npy#5225,1,1,0,512,train
train_x.npy#5226,1,1,0,512,train
train_x.npy#5227,1,1,0,512,train
train_x.npy#5228,0,0,0,512,train
train_x.npy#5229,0,0,0,512,train
train_x.npy#5230,0,0,0,512,train
train_x.npy#5231,0,0,0,512,train
train_x.npy#5232,1,1,0,512,train
train_x.npy#5233,1,1,0,512,train
train_x.npy#5234,0,0,0,512,train
train_x.npy#5235,0,0,0,512,train
train_x.npy#5236,0,0,0,512,train
train_x.npy#5237,1,1,0,512,train
val_x.npy#0,1,1,0,512,val
val_x.npy#1,0,0,0,512,val
val_x.npy#2,0,0,0,512,val
val_x.npy#3,0,0,0,512,val
val_x.npy#4,0,0,0,512,val
val_x.npy#5,0,0,0,512,val
val_x.npy#6,0,0,0,512,val
val_x.npy#7,0,0,0,512,val
val_x.npy#8,0,0,0,512,val
val_x.npy#9,0,0,0,512,val
val_x.npy#10,1,1,0,512,val
val_x.npy#11,1,1,0,512,val
val_x.npy#12,0,0,0,512,val
val_x.npy#13,0,0,0,512,val
val_x.npy#14,0,0,0,512,val
val_x.npy#15,1,1,0,512,val
val_x.npy#16,0,0,0,512,val
val_x.npy#17,0,0,0,512,val
val_x.npy#18,1,1,0,512,val
val_x.npy#19,1,1,0,512,val
val_x.npy#20,0,0,0,512,val
val_x.npy#21,0,0,0,512,val
val_x.npy#22,0,0,0,512,val
val_x.npy#23,0,0,0,512,val
val_x.npy#24,1,1,0,512,val
val_x.npy#25,0,0,0,512,val
val_x.npy#26,0,0,0,512,val
val_x.npy#27,0,0,0,512,val
val_x.npy#28,0,0,0,512,val
val_x.npy#29,1,1,0,512,val
val_x.npy#30,0,0,0,512,val
val_x.npy#31,0,0,0,512,val
val_x.npy#32,1,1,0,512,val
val_x.npy#33,1,1,0,512,val
val_x.npy#34,0,0,0,512,val
val_x.npy#35,0,0,0,512,val
val_x.npy#36,1,1,0,512,val
val_x.npy#37,1,1,0,512,val
val_x.npy#38,0,0,0,512,val
val_x.npy#39,0,0,0,512,val
val_x.npy#40,1,1,0,512,val
val_x.npy#41,0,0,0,512,val
val_x.npy#42,1,1,0,512,val
val_x.npy#43,0,0,0,512,val
val_x.npy#44,0,0,0,512,val
val_x.npy#45,1,1,0,512,val
val_x.npy#46,1,1,0,512,val
val_x.npy#47,0,0,0,512,val
val_x.npy#48,0,0,0,512,val
val_x.npy#49,0,0,0,512,val
val_x.npy#50,0,0,0,512,val
val_x.npy#51,1,1,0,512,val
val_x.npy#52,0,0,0,512,val
val_x.npy#53,0,0,0,512,val
val_x.npy#54,0,0,0,512,val
val_x.npy#55,0,0,0,512,val
val_x.npy#56,0,0,0,512,val
val_x.npy#57,1,1,0,512,val
val_x.npy#58,0,0,0,512,val
val_x.npy#59,0,0,0,512,val
val_x.npy#60,0,0,0,512,val
val_x.npy#61,0,0,0,512,val
val_x.npy#62,0,0,0,512,val
val_x.npy#63,0,0,0,512,val
val_x.npy#64,0,0,0,512,val
val_x.npy#65,0,0,0,512,val
val_x.npy#66,0,0,0,512,val
val_x.npy#67,1,1,0,512,val
val_x.npy#68,1,1,0,512,val
val_x.npy#69,1,1,0,512,val
val_x.npy#70,1,1,0,512,val
val_x.npy#71,0,0,0,512,val
val_x.npy#72,1,1,0,512,val
val_x.npy#73,1,1,0,512,val
val_x.npy#74,0,0,0,512,val
val_x.npy#75,1,1,0,512,val
val_x.npy#76,1,1,0,512,val
val_x.npy#77,1,1,0,512,val
val_x.npy#78,0,0,0,512,val
val_x.npy#79,0,0,0,512,val
val_x.npy#80,0,0,0,512,val
val_x.npy#81,0,0,0,512,val
val_x.npy#82,0,0,0,512,val
val_x.npy#83,0,0,0,512,val
val_x.npy#84,1,1,0,512,val
val_x.npy#85,0,0,0,512,val
val_x.npy#86,0,0,0,512,val
val_x.npy#87,1,1,0,512,val
val_x.npy#88,1,1,0,512,val
val_x.npy#89,1,1,0,512,val
val_x.npy#90,0,0,0,512,val
val_x.npy#91,1,1,0,512,val
val_x.npy#92,0,0,0,512,val
val_x.npy#93,0,0,0,512,val
val_x.npy#94,0,0,0,512,val
val_x.npy#95,0,0,0,512,val
val_x.npy#96,1,1,0,512,val
val_x.npy#97,0,0,0,512,val
val_x.npy#98,0,0,0,512,val
val_x.npy#99,0,0,0,512,val
val_x.npy#100,0,0,0,512,val
val_x.npy#101,0,0,0,512,val
val_x.npy#102,1,1,0,512,val
val_x.npy#103,0,0,0,512,val
val_x.npy#104,1,1,0,512,val
val_x.npy#105,1,1,0,512,val
val_x.npy#106,0,0,0,512,val
val_x.npy#107,0,0,0,512,val
val_x.npy#108,0,0,0,512,val
val_x.npy#109,0,0,0,512,val
val_x.npy#110,0,0,0,512,val
val_x.npy#111,0,0,0,512,val
val_x.npy#112,1,1,0,512,val
val_x.npy#113,1,1,0,512,val
val_x.npy#114,0,0,0,512,val
val_x.npy#115,0,0,0,512,val
val_x.npy#116,0,0,0,512,val
val_x.npy#117,0,0,0,512,val
val_x.npy#118,0,0,0,512,val
val_x.npy#119,1,1,0,512,val
val_x.npy#120,1,1,0,512,val
val_x.npy#121,1,1,0,512,val
val_x.npy#122,0,0,0,512,val
val_x.npy#123,0,0,0,512,val
val_x.npy#124,0,0,0,512,val
val_x.npy#125,0,0,0,512,val
val_x.npy#126,0,0,0,512,val
val_x.npy#127,0,0,0,512,val
val_x.npy#128,1,1,0,512,val
val_x.npy#129,0,0,0,512,val
val_x.npy#130,0,0,0,512,val
val_x.npy#131,1,1,0,512,val
val_x.npy#132,1,1,0,512,val
val_x.npy#133,0,0,0,512,val
val_x.npy#134,0,0,0,512,val
val_x.npy#135,0,0,0,512,val
val_x.npy#136,1,1,0,512,val
val_x.npy#137,0,0,0,512,val
val_x.npy#138,0,0,0,512,val
val_x.npy#139,0,0,0,512,val
val_x.npy#140,0,0,0,512,val
val_x.npy#141,1,1,0,512,val
val_x.npy#142,0,0,0,512,val
val_x.npy#143,0,0,0,512,val
val_x.npy#144,1,1,0,512,val
val_x.npy#145,0,0,0,512,val
val_x.npy#146,0,0,0,512,val
val_x.npy#147,0,0,0,512,val
val_x.npy#148,1,1,0,512,val
val_x.npy#149,0,0,0,512,val
val_x.npy#150,0,0,0,512,val
val_x.npy#151,0,0,0,512,val
val_x.npy#152,0,0,0,512,val
val_x.npy#153,0,0,0,512,val
val_x.npy#154,0,0,0,512,val
val_x.npy#155,1,1,0,512,val
val_x.npy#156,1,1,0,512,val
val_x.npy#157,1,1,0,512,val
val_x.npy#158,1,1,0,512,val
val_x.npy#159,0,0,0,512,val
val_x.npy#160,0,0,0,512,val
val_x.npy#161,0,0,0,512,val
val_x.npy#162,1,1,0,512,val
val_x.npy#163,0,0,0,512,val
val_x.npy#164,0,0,0,512,val
val_x.npy#165,0,0,0,512,val
val_x.npy#166,1,1,0,512,val
val_x.npy#167,0,0,0,512,val
val_x.npy#168,0,0,0,512,val
val_x.npy#169,1,1,0,512,val
val_x.npy#170,0,0,0,512,val
val_x.npy#171,1,1,0,512,val
val_x.npy#172,0,0,0,512,val
val_x.npy#173,0,0,0,512,val
val_x.npy#174,1,1,0,512,val
val_x.npy#175,0,0,0,512,val
val_x.npy#176,0,0,0,512,val
val_x.npy#177,0,0,0,512,val
val_x.npy#178,0,0,0,512,val
val_x.npy#179,0,0,0,512,val
val_x.npy#180,1,1,0,512,val
val_x.npy#181,0,0,0,512,val
val_x.npy#182,0,0,0,512,val
val_x.npy#183,0,0,0,512,val
val_x.npy#184,0,0,0,512,val
val_x.npy#185,0,0,0,512,val
val_x.npy#186,1,1,0,512,val
val_x.npy#187,0,0,0,512,val
val_x.npy#188,1,1,0,512,val
val_x.npy#189,0,0,0,512,val
val_x.npy#190,1,1,0,512,val
val_x.npy#191,0,0,0,512,val
val_x.npy#192,1,1,0,512,val
val_x.npy#193,1,1,0,512,val
val_x.npy#194,0,0,0,512,val
val_x.npy#195,0,0,0,512,val
val_x.npy#196,0,0,0,512,val
val_x.npy#197,1,1,0,512,val
val_x.npy#198,0,0,0,512,val
val_x.npy#199,1,1,0,512,val
val_x.npy#200,0,0,0,512,val
val_x.npy#201,1,1,0,512,val
val_x.npy#202,0,0,0,512,val
val_x.npy#203,0,0,0,512,val
val_x.npy#204,1,1,0,512,val
val_x.npy#205,0,0,0,512,val
val_x.npy#206,0,0,0,512,val
val_x.npy#207,0,0,0,512,val
val_x.npy#208,0,0,0,512,val
val_x.npy#209,0,0,0,512,val
val_x.npy#210,0,0,0,512,val
val_x.npy#211,1,1,0,512,val
val_x.npy#212,0,0,0,512,val
val_x.npy#213,0,0,0,512,val
val_x.npy#214,1,1,0,512,val
val_x.npy#215,0,0,0,512,val
val_x.npy#216,0,0,0,512,val
val_x.npy#217,0,0,0,512,val
val_x.npy#218,0,0,0,512,val
val_x.npy#219,0,0,0,512,val
val_x.npy#220,0,0,0,512,val
val_x.npy#221,0,0,0,512,val
val_x.npy#222,0,0,0,512,val
val_x.npy#223,0,0,0,512,val
val_x.npy#224,1,1,0,512,val
val_x.npy#225,0,0,0,512,val
val_x.npy#226,1,1,0,512,val
val_x.npy#227,0,0,0,512,val
val_x.npy#228,0,0,0,512,val
val_x.npy#229,0,0,0,512,val
val_x.npy#230,0,0,0,512,val
val_x.npy#231,0,0,0,512,val
val_x.npy#232,0,0,0,512,val
val_x.npy#233,0,0,0,512,val
val_x.npy#234,0,0,0,512,val
val_x.npy#235,0,0,0,512,val
val_x.npy#236,0,0,0,512,val
val_x.npy#237,0,0,0,512,val
val_x.npy#238,0,0,0,512,val
val_x.npy#239,0,0,0,512,val
val_x.npy#240,1,1,0,512,val
val_x.npy#241,0,0,0,512,val
val_x.npy#242,1,1,0,512,val
val_x.npy#243,1,1,0,512,val
val_x.npy#244,0,0,0,512,val
val_x.npy#245,0,0,0,512,val
val_x.npy#246,1,1,0,512,val
val_x.npy#247,0,0,0,512,val
val_x.npy#248,0,0,0,512,val
val_x.npy#249,0,0,0,512,val
val_x.npy#250,0,0,0,512,val
val_x.npy#251,0,0,0,512,val
val_x.npy#252,0,0,0,512,val
val_x.npy#253,0,0,0,512,val
val_x.npy#254,0,0,0,512,val
val_x.npy#255,0,0,0,512,val
val_x.npy#256,0,0,0,512,val
val_x.npy#257,1,1,0,512,val
val_x.npy#258,0,0,0,512,val
val_x.npy#259,0,0,0,512,val
val_x.npy#260,0,0,0,512,val
val_x.npy#261,1,1,0,512,val
val_x.npy#262,0,0,0,512,val
val_x.npy#263,0,0,0,512,val
val_x.npy#264,1,1,0,512,val
val_x.npy#265,0,0,0,512,val
val_x.npy#266,0,0,0,512,val
val_x.npy#267,0,0,0,512,val
val_x.npy#268,0,0,0,512,val
val_x.npy#269,0,0,0,512,val
val_x.npy#270,0,0,0,512,val
val_x.npy#271,0,0,0,512,val
val_x.npy#272,1,1,0,512,val
val_x.npy#273,0,0,0,512,val
val_x.npy#274,1,1,0,512,val
val_x.npy#275,0,0,0,512,val
val_x.npy#276,0,0,0,512,val
val_x.npy#277,0,0,0,512,val
val_x.npy#278,1,1,0,512,val
val_x.npy#279,0,0,0,512,val
val_x.npy#280,0,0,0,512,val
val_x.npy#281,0,0,0,512,val
val_x.npy#282,1,1,0,512,val
val_x.npy#283,0,0,0,512,val
val_x.npy#284,1,1,0,512,val
val_x.npy#285,1,1,0,512,val
val_x.npy#286,0,0,0,512,val
val_x.npy#287,0,0,0,512,val
val_x.npy#288,0,0,0,512,val
val_x.npy#289,0,0,0,512,val
val_x.npy#290,0,0,0,512,val
val_x.npy#291,1,1,0,512,val
val_x.npy#292,0,0,0,512,val
val_x.npy#293,0,0,0,512,val
val_x.npy#294,0,0,0,512,val
val_x.npy#295,1,1,0,512,val
val_x.npy#296,1,1,0,512,val
val_x.npy#297,0,0,0,512,val
val_x.npy#298,0,0,0,512,val
val_x.npy#299,0,0,0,512,val
val_x.npy#300,1,1,0,512,val
val_x.npy#301,0,0,0,512,val
val_x.npy#302,0,0,0,512,val
val_x.npy#303,0,0,0,512,val
val_x.npy#304,1,1,0,512,val
val_x.npy#305,0,0,0,512,val
val_x.npy#306,0,0,0,512,val
val_x.npy#307,1,1,0,512,val
val_x.npy#308,0,0,0,512,val
val_x.npy#309,0,0,0,512,val
val_x.npy#310,0,0,0,512,val
val_x.npy#311,0,0,0,512,val
val_x.npy#312,0,0,0,512,val
val_x.npy#313,0,0,0,512,val
val_x.npy#314,1,1,0,512,val
val_x.npy#315,0,0,0,512,val
val_x.npy#316,0,0,0,512,val
val_x.npy#317,0,0,0,512,val
val_x.npy#318,0,0,0,512,val
val_x.npy#319,0,0,0,512,val
val_x.npy#320,1,1,0,512,val
val_x.npy#321,0,0,0,512,val
val_x.npy#322,1,1,0,512,val
val_x.npy#323,0,0,0,512,val
val_x.npy#324,0,0,0,512,val
val_x.npy#325,1,1,0,512,val
val_x.npy#326,0,0,0,512,val
val_x.npy#327,0,0,0,512,val
val_x.npy#328,0,0,0,512,val
val_x.npy#329,0,0,0,512,val
val_x.npy#330,0,0,0,512,val
val_x.npy#331,0,0,0,512,val
val_x.npy#332,0,0,0,512,val
val_x.npy#333,0,0,0,512,val
val_x.npy#334,0,0,0,512,val
val_x.npy#335,0,0,0,512,val
val_x.npy#336,0,0,0,512,val
val_x.npy#337,0,0,0,512,val
val_x.npy#338,1,1,0,512,val
val_x.npy#339,0,0,0,512,val
val_x.npy#340,0,0,0,512,val
val_x.npy#341,0,0,0,512,val
val_x.npy#342,0,0,0,512,val
val_x.npy#343,0,0,0,512,val
val_x.npy#344,0,0,0,512,val
val_x.npy#345,0,0,0,512,val
val_x.npy#346,1,1,0,512,val
val_x.npy#347,0,0,0,512,val
val_x.npy#348,1,1,0,512,val
val_x.npy#349,0,0,0,512,val
val_x.npy#350,0,0,0,512,val
val_x.npy#351,0,0,0,512,val
val_x.npy#352,0,0,0,512,val
val_x.npy#353,0,0,0,512,val
val_x.npy#354,0,0,0,512,val
val_x.npy#355,0,0,0,512,val
val_x.npy#356,0,0,0,512,val
val_x.npy#357,1,1,0,512,val
val_x.npy#358,0,0,0,512,val
val_x.npy#359,0,0,0,512,val
val_x.npy#360,1,1,0,512,val
val_x.npy#361,0,0,0,512,val
val_x.npy#362,0,0,0,512,val
val_x.npy#363,1,1,0,512,val
val_x.npy#364,0,0,0,512,val
val_x.npy#365,0,0,0,512,val
val_x.npy#366,1,1,0,512,val
val_x.npy#367,0,0,0,512,val
val_x.npy#368,1,1,0,512,val
val_x.npy#369,0,0,0,512,val
val_x.npy#370,0,0,0,512,val
val_x.npy#371,1,1,0,512,val
val_x.npy#372,0,0,0,512,val
val_x.npy#373,1,1,0,512,val
val_x.npy#374,0,0,0,512,val
val_x.npy#375,0,0,0,512,val
val_x.npy#376,0,0,0,512,val
val_x.npy#377,0,0,0,512,val
val_x.npy#378,0,0,0,512,val
val_x.npy#379,0,0,0,512,val
val_x.npy#380,1,1,0,512,val
val_x.npy#381,0,0,0,512,val
val_x.npy#382,1,1,0,512,val
val_x.npy#383,0,0,0,512,val
val_x.npy#384,1,1,0,512,val
val_x.npy#385,0,0,0,512,val
val_x.npy#386,0,0,0,512,val
val_x.npy#387,1,1,0,512,val
val_x.npy#388,1,1,0,512,val
val_x.npy#389,0,0,0,512,val
val_x.npy#390,0,0,0,512,val
val_x.npy#391,0,0,0,512,val
val_x.npy#392,0,0,0,512,val
val_x.npy#393,1,1,0,512,val
val_x.npy#394,0,0,0,512,val
val_x.npy#395,0,0,0,512,val
val_x.npy#396,1,1,0,512,val
val_x.npy#397,1,1,0,512,val
val_x.npy#398,0,0,0,512,val
val_x.npy#399,0,0,0,512,val
val_x.npy#400,0,0,0,512,val
val_x.npy#401,0,0,0,512,val
val_x.npy#402,0,0,0,512,val
val_x.npy#403,0,0,0,512,val
val_x.npy#404,1,1,0,512,val
val_x.npy#405,0,0,0,512,val
val_x.npy#406,0,0,0,512,val
val_x.npy#407,0,0,0,512,val
val_x.npy#408,0,0,0,512,val
val_x.npy#409,1,1,0,512,val
val_x.npy#410,0,0,0,512,val
val_x.npy#411,0,0,0,512,val
val_x.npy#412,0,0,0,512,val
val_x.npy#413,0,0,0,512,val
val_x.npy#414,0,0,0,512,val
val_x.npy#415,0,0,0,512,val
val_x.npy#416,1,1,0,512,val
val_x.npy#417,1,1,0,512,val
val_x.npy#418,1,1,0,512,val
val_x.npy#419,1,1,0,512,val
val_x.npy#420,1,1,0,512,val
val_x.npy#421,1,1,0,512,val
val_x.npy#422,0,0,0,512,val
val_x.npy#423,0,0,0,512,val
val_x.npy#424,0,0,0,512,val
val_x.npy#425,0,0,0,512,val
val_x.npy#426,1,1,0,512,val
val_x.npy#427,1,1,0,512,val
val_x.npy#428,1,1,0,512,val
val_x.npy#429,0,0,0,512,val
val_x.npy#430,1,1,0,512,val
val_x.npy#431,0,0,0,512,val
val_x.npy#432,0,0,0,512,val
val_x.npy#433,1,1,0,512,val
val_x.npy#434,0,0,0,512,val
val_x.npy#435,0,0,0,512,val
val_x.npy#436,1,1,0,512,val
val_x.npy#437,0,0,0,512,val
val_x.npy#438,0,0,0,512,val
val_x.npy#439,1,1,0,512,val
val_x.npy#440,0,0,0,512,val
val_x.npy#441,1,1,0,512,val
val_x.npy#442,0,0,0,512,val
val_x.npy#443,0,0,0,512,val
val_x.npy#444,1,1,0,512,val
val_x.npy#445,0,0,0,512,val
val_x.npy#446,0,0,0,512,val
val_x.npy#447,0,0,0,512,val
val_x.npy#448,0,0,0,512,val
val_x.npy#449,0,0,0,512,val
val_x.npy#450,0,0,0,512,val
val_x.npy#451,0,0,0,512,val
val_x.npy#452,0,0,0,512,val
val_x.npy#453,1,1,0,512,val
val_x.npy#454,0,0,0,512,val
val_x.npy#455,0,0,0,512,val
val_x.npy#456,0,0,0,512,val
val_x.npy#457,1,1,0,512,val
val_x.npy#458,1,1,0,512,val
val_x.npy#459,0,0,0,512,val
val_x.npy#460,1,1,0,512,val
val_x.npy#461,0,0,0,512,val
val_x.npy#462,0,0,0,512,val
val_x.npy#463,0,0,0,512,val
val_x.npy#464,1,1,0,512,val
val_x.npy#465,1,1,0,512,val
val_x.npy#466,0,0,0,512,val
val_x.npy#467,1,1,0,512,val
val_x.npy#468,0,0,0,512,val
val_x.npy#469,0,0,0,512,val
val_x.npy#470,1,1,0,512,val
val_x.npy#471,1,1,0,512,val
val_x.npy#472,1,1,0,512,val
val_x.npy#473,0,0,0,512,val
val_x.npy#474,0,0,0,512,val
val_x.npy#475,1,1,0,512,val
val_x.npy#476,0,0,0,512,val
val_x.npy#477,1,1,0,512,val
val_x.npy#478,1,1,0,512,val
val_x.npy#479,0,0,0,512,val
val_x.npy#480,0,0,0,512,val
val_x.npy#481,0,0,0,512,val
val_x.npy#482,0,0,0,512,val
val_x.npy#483,0,0,0,512,val
val_x.npy#484,1,1,0,512,val
val_x.npy#485,0,0,0,512,val
val_x.npy#486,1,1,0,512,val
val_x.npy#487,0,0,0,512,val
val_x.npy#488,1,1,0,512,val
val_x.npy#489,0,0,0,512,val
val_x.npy#490,1,1,0,512,val
val_x.npy#491,0,0,0,512,val
val_x.npy#492,1,1,0,512,val
val_x.npy#493,1,1,0,512,val
val_x.npy#494,0,0,0,512,val
val_x.npy#495,0,0,0,512,val
val_x.npy#496,1,1,0,512,val
val_x.npy#497,0,0,0,512,val
val_x.npy#498,0,0,0,512,val
val_x.npy#499,0,0,0,512,val
val_x.npy#500,0,0,0,512,val
val_x.npy#501,1,1,0,512,val
val_x.npy#502,0,0,0,512,val
val_x.npy#503,1,1,0,512,val
val_x.npy#504,1,1,0,512,val
val_x.npy#505,1,1,0,512,val
val_x.npy#506,1,1,0,512,val
val_x.npy#507,0,0,0,512,val
val_x.npy#508,0,0,0,512,val
val_x.npy#509,1,1,0,512,val
val_x.npy#510,0,0,0,512,val
val_x.npy#511,1,1,0,512,val
val_x.npy#512,1,1,0,512,val
val_x.npy#513,0,0,0,512,val
val_x.npy#514,0,0,0,512,val
val_x.npy#515,0,0,0,512,val
val_x.npy#516,0,0,0,512,val
val_x.npy#517,0,0,0,512,val
val_x.npy#518,0,0,0,512,val
val_x.npy#519,0,0,0,512,val
val_x.npy#520,0,0,0,512,val
val_x.npy#521,0,0,0,512,val
val_x.npy#522,0,0,0,512,val
val_x.npy#523,0,0,0,512,val
val_x.npy#524,0,0,0,512,val
val_x.npy#525,0,0,0,512,val
val_x.npy#526,1,1,0,512,val
val_x.npy#527,0,0,0,512,val
val_x.npy#528,1,1,0,512,val
val_x.npy#529,0,0,0,512,val
val_x.npy#530,0,0,0,512,val
val_x.npy#531,1,1,0,512,val
val_x.npy#532,0,0,0,512,val
val_x.npy#533,0,0,0,512,val
val_x.npy#534,0,0,0,512,val
val_x.npy#535,0,0,0,512,val
val_x.npy#536,0,0,0,512,val
val_x.npy#537,1,1,0,512,val
val_x.npy#538,0,0,0,512,val
val_x.npy#539,0,0,0,512,val
val_x.npy#540,0,0,0,512,val
val_x.npy#541,0,0,0,512,val
val_x.npy#542,0,0,0,512,val
val_x.npy#543,0,0,0,512,val
val_x.npy#544,0,0,0,512,val
val_x.npy#545,0,0,0,512,val
val_x.npy#546,1,1,0,512,val
val_x.npy#547,0,0,0,512,val
val_x.npy#548,1,1,0,512,val
val_x.npy#549,0,0,0,512,val
val_x.npy#550,1,1,0,512,val
val_x.npy#551,1,1,0,512,val
val_x.npy#552,0,0,0,512,val
val_x.npy#553,0,0,0,512,val
val_x.npy#554,0,0,0,512,val
val_x.npy#555,0,0,0,512,val
val_x.npy#556,0,0,0,512,val
val_x.npy#557,0,0,0,512,val
val_x.npy#558,0,0,0,512,val
val_x.npy#559,0,0,0,512,val
val_x.npy#560,0,0,0,512,val
val_x.npy#561,0,0,0,512,val
val_x.npy#562,1,1,0,512,val
val_x.npy#563,0,0,0,512,val
val_x.npy#564,0,0,0,512,val
val_x.npy#565,0,0,0,512,val
val_x.npy#566,0,0,0,512,val
val_x.npy#567,0,0,0,512,val
val_x.npy#568,0,0,0,512,val
val_x.npy#569,0,0,0,512,val
val_x.npy#570,0,0,0,512,val
val_x.npy#571,1,1,0,512,val
val_x.npy#572,0,0,0,512,val
val_x.npy#573,1,1,0,512,val
val_x.npy#574,0,0,0,512,val
val_x.npy#575,0,0,0,512,val
val_x.npy#576,0,0,0,512,val
val_x.npy#577,0,0,0,512,val
val_x.npy#578,0,0,0,512,val
val_x.npy#579,0,0,0,512,val
val_x.npy#580,0,0,0,512,val
val_x.npy#581,0,0,0,512,val
val_x.npy#582,1,1,0,512,val
val_x.npy#583,0,0,0,512,val
val_x.npy#584,1,1,0,512,val
val_x.npy#585,0,0,0,512,val
val_x.npy#586,1,1,0,512,val
val_x.npy#587,0,0,0,512,val
val_x.npy#588,0,0,0,512,val
val_x.npy#589,0,0,0,512,val
val_x.npy#590,1,1,0,512,val
val_x.npy#591,0,0,0,512,val
val_x.npy#592,1,1,0,512,val
val_x.npy#593,0,0,0,512,val
val_x.npy#594,0,0,0,512,val
val_x.npy#595,0,0,0,512,val
val_x.npy#596,0,0,0,512,val
val_x.npy#597,1,1,0,512,val
val_x.npy#598,1,1,0,512,val
val_x.npy#599,0,0,0,512,val
val_x.npy#600,0,0,0,512,val
val_x.npy#601,1,1,0,512,val
val_x.npy#602,0,0,0,512,val
val_x.npy#603,1,1,0,512,val
val_x.npy#604,0,0,0,512,val
val_x.npy#605,0,0,0,512,val
val_x.npy#606,1,1,0,512,val
val_x.npy#607,1,1,0,512,val
val_x.npy#608,0,0,0,512,val
val_x.npy#609,0,0,0,512,val
val_x.npy#610,0,0,0,512,val
val_x.npy#611,0,0,0,512,val
val_x.npy#612,0,0,0,512,val
val_x.npy#613,1,1,0,512,val
val_x.npy#614,0,0,0,512,val
val_x.npy#615,0,0,0,512,val
val_x.npy#616,0,0,0,512,val
val_x.npy#617,0,0,0,512,val
val_x.npy#618,0,0,0,512,val
val_x.npy#619,0,0,0,512,val
val_x.npy#620,0,0,0,512,val
val_x.npy#621,0,0,0,512,val
val_x.npy#622,0,0,0,512,val
val_x.npy#623,0,0,0,512,val
val_x.npy#624,0,0,0,512,val
val_x.npy#625,0,0,0,512,val
val_x.npy#626,0,0,0,512,val
val_x.npy#627,0,0,0,512,val
val_x.npy#628,0,0,0,512,val
val_x.npy#629,0,0,0,512,val
val_x.npy#630,0,0,0,512,val
val_x.npy#631,0,0,0,512,val
val_x.npy#632,0,0,0,512,val
val_x.npy#633,1,1,0,512,val
val_x.npy#634,0,0,0,512,val
val_x.npy#635,0,0,0,512,val
val_x.npy#636,1,1,0,512,val
val_x.npy#637,0,0,0,512,val
val_x.npy#638,0,0,0,512,val
val_x.npy#639,0,0,0,512,val
val_x.npy#640,0,0,0,512,val
val_x.npy#641,0,0,0,512,val
val_x.npy#642,0,0,0,512,val
val_x.npy#643,1,1,0,512,val
val_x.npy#644,0,0,0,512,val
val_x.npy#645,0,0,0,512,val
val_x.npy#646,0,0,0,512,val
val_x.npy#647,0,0,0,512,val
val_x.npy#648,1,1,0,512,val
val_x.npy#649,1,1,0,512,val
val_x.npy#650,0,0,0,512,val
val_x.npy#651,0,0,0,512,val
val_x.npy#652,1,1,0,512,val
val_x.npy#653,0,0,0,512,val
val_x.npy#654,0,0,0,512,val
val_x.npy#655,0,0,0,512,val
val_x.npy#656,0,0,0,512,val
val_x.npy#657,0,0,0,512,val
val_x.npy#658,0,0,0,512,val
val_x.npy#659,1,1,0,512,val
val_x.npy#660,1,1,0,512,val
val_x.npy#661,1,1,0,512,val
val_x.npy#662,0,0,0,512,val
val_x.npy#663,0,0,0,512,val
val_x.npy#664,0,0,0,512,val
val_x.npy#665,1,1,0,512,val
val_x.npy#666,0,0,0,512,val
val_x.npy#667,0,0,0,512,val
val_x.npy#668,0,0,0,512,val
val_x.npy#669,0,0,0,512,val
val_x.npy#670,1,1,0,512,val
val_x.npy#671,1,1,0,512,val
val_x.npy#672,0,0,0,512,val
val_x.npy#673,0,0,0,512,val
val_x.npy#674,0,0,0,512,val
val_x.npy#675,1,1,0,512,val
val_x.npy#676,0,0,0,512,val
val_x.npy#677,0,0,0,512,val
val_x.npy#678,0,0,0,512,val
val_x.npy#679,0,0,0,512,val
val_x.npy#680,0,0,0,512,val
val_x.npy#681,1,1,0,512,val
val_x.npy#682,1,1,0,512,val
val_x.npy#683,0,0,0,512,val
val_x.npy#684,0,0,0,512,val
val_x.npy#685,1,1,0,512,val
val_x.npy#686,0,0,0,512,val
val_x.npy#687,0,0,0,512,val
val_x.npy#688,0,0,0,512,val
val_x.npy#689,1,1,0,512,val
val_x.npy#690,0,0,0,512,val
val_x.npy#691,0,0,0,512,val
val_x.npy#692,0,0,0,512,val
val_x.npy#693,0,0,0,512,val
val_x.npy#694,0,0,0,512,val
val_x.npy#695,0,0,0,512,val
val_x.npy#696,0,0,0,512,val
val_x.npy#697,1,1,0,512,val
val_x.npy#698,1,1,0,512,val
val_x.npy#699,1,1,0,512,val
val_x.npy#700,0,0,0,512,val
val_x.npy#701,1,1,0,512,val
val_x.npy#702,0,0,0,512,val
val_x.npy#703,0,0,0,512,val
val_x.npy#704,0,0,0,512,val
val_x.npy#705,1,1,0,512,val
val_x.npy#706,0,0,0,512,val
val_x.npy#707,0,0,0,512,val
val_x.npy#708,0,0,0,512,val
val_x.npy#709,0,0,0,512,val
val_x.npy#710,0,0,0,512,val
val_x.npy#711,0,0,0,512,val
val_x.npy#712,0,0,0,512,val
val_x.npy#713,0,0,0,512,val
val_x.npy#714,1,1,0,512,val
val_x.npy#715,0,0,0,512,val
val_x.npy#716,0,0,0,512,val
val_x.npy#717,1,1,0,512,val
val_x.npy#718,0,0,0,512,val
val_x.npy#719,0,0,0,512,val
val_x.npy#720,1,1,0,512,val
val_x.npy#721,1,1,0,512,val
val_x.npy#722,0,0,0,512,val
val_x.npy#723,0,0,0,512,val
val_x.npy#724,1,1,0,512,val
val_x.npy#725,0,0,0,512,val
val_x.npy#726,0,0,0,512,val
val_x.npy#727,0,0,0,512,val
val_x.npy#728,0,0,0,512,val
val_x.npy#729,0,0,0,512,val
val_x.npy#730,0,0,0,512,val
val_x.npy#731,0,0,0,512,val
val_x.npy#732,1,1,0,512,val
val_x.npy#733,1,1,0,512,val
val_x.npy#734,0,0,0,512,val
val_x.npy#735,0,0,0,512,val
val_x.npy#736,1,1,0,512,val
val_x.npy#737,1,1,0,512,val
val_x.npy#738,0,0,0,512,val
val_x.npy#739,1,1,0,512,val
val_x.npy#740,0,0,0,512,val
val_x.npy#741,0,0,0,512,val
val_x.npy#742,0,0,0,512,val
val_x.npy#743,1,1,0,512,val
val_x.npy#744,1,1,0,512,val
val_x.npy#745,0,0,0,512,val
val_x.npy#746,1,1,0,512,val
val_x.npy#747,0,0,0,512,val
val_x.npy#748,0,0,0,512,val
val_x.npy#749,1,1,0,512,val
val_x.npy#750,1,1,0,512,val
val_x.npy#751,1,1,0,512,val
val_x.npy#752,0,0,0,512,val
val_x.npy#753,0,0,0,512,val
val_x.npy#754,1,1,0,512,val
val_x.npy#755,0,0,0,512,val
val_x.npy#756,0,0,0,512,val
val_x.npy#757,0,0,0,512,val
val_x.npy#758,1,1,0,512,val
val_x.npy#759,0,0,0,512,val
val_x.npy#760,0,0,0,512,val
val_x.npy#761,0,0,0,512,val
val_x.npy#762,1,1,0,512,val
val_x.npy#763,0,0,0,512,val
val_x.npy#764,1,1,0,512,val
val_x.npy#765,1,1,0,512,val
val_x.npy#766,0,0,0,512,val
val_x.npy#767,0,0,0,512,val
val_x.npy#768,1,1,0,512,val
val_x.npy#769,0,0,0,512,val
val_x.npy#770,0,0,0,512,val
val_x.npy#771,0,0,0,512,val
val_x.npy#772,0,0,0,512,val
val_x.npy#773,0,0,0,512,val
val_x.npy#774,1,1,0,512,val
val_x.npy#775,0,0,0,512,val
val_x.npy#776,1,1,0,512,val
val_x.npy#777,0,0,0,512,val
val_x.npy#778,1,1,0,512,val
val_x.npy#779,1,1,0,512,val
val_x.npy#780,0,0,0,512,val
val_x.npy#781,0,0,0,512,val
val_x.npy#782,1,1,0,512,val
val_x.npy#783,0,0,0,512,val
val_x.npy#784,1,1,0,512,val
val_x.npy#785,0,0,0,512,val
val_x.npy#786,0,0,0,512,val
val_x.npy#787,0,0,0,512,val
val_x.npy#788,1,1,0,512,val
val_x.npy#789,0,0,0,512,val
val_x.npy#790,0,0,0,512,val
val_x.npy#791,1,1,0,512,val
val_x.npy#792,0,0,0,512,val
val_x.npy#793,1,1,0,512,val
val_x.npy#794,0,0,0,512,val
val_x.npy#795,0,0,0,512,val
val_x.npy#796,1,1,0,512,val
val_x.npy#797,0,0,0,512,val
val_x.npy#798,0,0,0,512,val
val_x.npy#799,1,1,0,512,val
val_x.npy#800,0,0,0,512,val
val_x.npy#801,0,0,0,512,val
val_x.npy#802,0,0,0,512,val
val_x.npy#803,0,0,0,512,val
val_x.npy#804,1,1,0,512,val
val_x.npy#805,0,0,0,512,val
val_x.npy#806,0,0,0,512,val
val_x.npy#807,0,0,0,512,val
val_x.npy#808,0,0,0,512,val
val_x.npy#809,0,0,0,512,val
val_x.npy#810,1,1,0,512,val
val_x.npy#811,0,0,0,512,val
val_x.npy#812,0,0,0,512,val
val_x.npy#813,1,1,0,512,val
val_x.npy#814,0,0,0,512,val
val_x.npy#815,1,1,0,512,val
val_x.npy#816,0,0,0,512,val
val_x.npy#817,0,0,0,512,val
val_x.npy#818,0,0,0,512,val
val_x.npy#819,0,0,0,512,val
val_x.npy#820,0,0,0,512,val
val_x.npy#821,0,0,0,512,val
val_x.npy#822,0,0,0,512,val
val_x.npy#823,0,0,0,512,val
val_x.npy#824,0,0,0,512,val
val_x.npy#825,1,1,0,512,val
val_x.npy#826,0,0,0,512,val
val_x.npy#827,0,0,0,512,val
val_x.npy#828,0,0,0,512,val
val_x.npy#829,1,1,0,512,val
val_x.npy#830,0,0,0,512,val
val_x.npy#831,0,0,0,512,val
val_x.npy#832,0,0,0,512,val
val_x.npy#833,0,0,0,512,val
val_x.npy#834,1,1,0,512,val
val_x.npy#835,0,0,0,512,val
val_x.npy#836,0,0,0,512,val
val_x.npy#837,1,1,0,512,val
val_x.npy#838,0,0,0,512,val
val_x.npy#839,0,0,0,512,val
val_x.npy#840,0,0,0,512,val
val_x.npy#841,0,0,0,512,val
val_x.npy#842,0,0,0,512,val
val_x.npy#843,0,0,0,512,val
val_x.npy#844,0,0,0,512,val
val_x.npy#845,0,0,0,512,val
val_x.npy#846,1,1,0,512,val
val_x.npy#847,0,0,0,512,val
val_x.npy#848,1,1,0,512,val
val_x.npy#849,0,0,0,512,val
val_x.npy#850,0,0,0,512,val
val_x.npy#851,1,1,0,512,val
val_x.npy#852,0,0,0,512,val
val_x.npy#853,0,0,0,512,val
val_x.npy#854,0,0,0,512,val
val_x.npy#855,0,0,0,512,val
val_x.npy#856,0,0,0,512,val
val_x.npy#857,1,1,0,512,val
val_x.npy#858,0,0,0,512,val
val_x.npy#859,1,1,0,512,val
val_x.npy#860,0,0,0,512,val
val_x.npy#861,0,0,0,512,val
val_x.npy#862,1,1,0,512,val
val_x.npy#863,1,1,0,512,val
val_x.npy#864,0,0,0,512,val
val_x.npy#865,0,0,0,512,val
val_x.npy#866,1,1,0,512,val
val_x.npy#867,0,0,0,512,val
val_x.npy#868,1,1,0,512,val
val_x.npy#869,0,0,0,512,val
val_x.npy#870,0,0,0,512,val
val_x.npy#871,0,0,0,512,val
val_x.npy#872,0,0,0,512,val
val_x.npy#873,0,0,0,512,val
val_x.npy#874,0,0,0,512,val
val_x.npy#875,0,0,0,512,val
val_x.npy#876,1,1,0,512,val
val_x.npy#877,0,0,0,512,val
val_x.npy#878,0,0,0,512,val
val_x.npy#879,1,1,0,512,val
val_x.npy#880,0,0,0,512,val
val_x.npy#881,0,0,0,512,val
val_x.npy#882,1,1,0,512,val
val_x.npy#883,1,1,0,512,val
val_x.npy#884,1,1,0,512,val
val_x.npy#885,0,0,0,512,val
val_x.npy#886,0,0,0,512,val
val_x.npy#887,1,1,0,512,val
val_x.npy#888,0,0,0,512,val
val_x.npy#889,1,1,0,512,val
val_x.npy#890,1,1,0,512,val
val_x.npy#891,1,1,0,512,val
val_x.npy#892,0,0,0,512,val
val_x.npy#893,0,0,0,512,val
val_x.npy#894,1,1,0,512,val
val_x.npy#895,1,1,0,512,val
val_x.npy#896,0,0,0,512,val
val_x.npy#897,0,0,0,512,val
val_x.npy#898,0,0,0,512,val
val_x.npy#899,1,1,0,512,val
val_x.npy#900,1,1,0,512,val
val_x.npy#901,0,0,0,512,val
val_x.npy#902,1,1,0,512,val
val_x.npy#903,0,0,0,512,val
val_x.npy#904,0,0,0,512,val
val_x.npy#905,1,1,0,512,val
val_x.npy#906,1,1,0,512,val
val_x.npy#907,0,0,0,512,val
val_x.npy#908,0,0,0,512,val
val_x.npy#909,1,1,0,512,val
val_x.npy#910,0,0,0,512,val
val_x.npy#911,0,0,0,512,val
val_x.npy#912,1,1,0,512,val
val_x.npy#913,0,0,0,512,val
val_x.npy#914,0,0,0,512,val
val_x.npy#915,0,0,0,512,val
val_x.npy#916,0,0,0,512,val
val_x.npy#917,0,0,0,512,val
val_x.npy#918,0,0,0,512,val
val_x.npy#919,0,0,0,512,val
val_x.npy#920,1,1,0,512,val
val_x.npy#921,1,1,0,512,val
val_x.npy#922,0,0,0,512,val
val_x.npy#923,0,0,0,512,val
val_x.npy#924,1,1,0,512,val
val_x.npy#925,0,0,0,512,val
val_x.npy#926,0,0,0,512,val
val_x.npy#927,0,0,0,512,val
val_x.npy#928,0,0,0,512,val
val_x.npy#929,0,0,0,512,val
val_x.npy#930,1,1,0,512,val
val_x.npy#931,1,1,0,512,val
val_x.npy#932,1,1,0,512,val
val_x.npy#933,0,0,0,512,val
val_x.npy#934,1,1,0,512,val
val_x.npy#935,1,1,0,512,val
val_x.npy#936,0,0,0,512,val
val_x.npy#937,0,0,0,512,val
val_x.npy#938,0,0,0,512,val
val_x.npy#939,0,0,0,512,val
val_x.npy#940,0,0,0,512,val
val_x.npy#941,0,0,0,512,val
val_x.npy#942,1,1,0,512,val
val_x.npy#943,0,0,0,512,val
val_x.npy#944,1,1,0,512,val
val_x.npy#945,0,0,0,512,val
val_x.npy#946,0,0,0,512,val
val_x.npy#947,0,0,0,512,val
val_x.npy#948,1,1,0,512,val
val_x.npy#949,0,0,0,512,val
val_x.npy#950,0,0,0,512,val
val_x.npy#951,0,0,0,512,val
val_x.npy#952,1,1,0,512,val
val_x.npy#953,0,0,0,512,val
val_x.npy#954,0,0,0,512,val
val_x.npy#955,0,0,0,512,val
val_x.npy#956,1,1,0,512,val
val_x.npy#957,0,0,0,512,val
val_x.npy#958,0,0,0,512,val
val_x.npy#959,0,0,0,512,val
val_x.npy#960,1,1,0,512,val
val_x.npy#961,0,0,0,512,val
val_x.npy#962,0,0,0,512,val
val_x.npy#963,0,0,0,512,val
val_x.npy#964,1,1,0,512,val
val_x.npy#965,0,0,0,512,val
val_x.npy#966,0,0,0,512,val
val_x.npy#967,0,0,0,512,val
val_x.npy#968,0,0,0,512,val
val_x.npy#969,0,0,0,512,val
val_x.npy#970,1,1,0,512,val
val_x.npy#971,0,0,0,512,val
val_x.npy#972,0,0,0,512,val
val_x.npy#973,1,1,0,512,val
val_x.npy#974,0,0,0,512,val
val_x.npy#975,0,0,0,512,val
val_x.npy#976,0,0,0,512,val
val_x.npy#977,0,0,0,512,val
val_x.npy#978,0,0,0,512,val
val_x.npy#979,0,0,0,512,val
val_x.npy#980,0,0,0,512,val
val_x.npy#981,0,0,0,512,val
val_x.npy#982,0,0,0,512,val
val_x.npy#983,0,0,0,512,val
val_x.npy#984,0,0,0,512,val
val_x.npy#985,1,1,0,512,val
val_x.npy#986,0,0,0,512,val
val_x.npy#987,1,1,0,512,val
val_x.npy#988,0,0,0,512,val
val_x.npy#989,0,0,0,512,val
val_x.npy#990,0,0,0,512,val
val_x.npy#991,0,0,0,512,val
val_x.npy#992,1,1,0,512,val
val_x.npy#993,1,1,0,512,val
val_x.npy#994,0,0,0,512,val
val_x.npy#995,0,0,0,512,val
val_x.npy#996,0,0,0,512,val
val_x.npy#997,0,0,0,512,val
val_x.npy#998,0,0,0,512,val
val_x.npy#999,0,0,0,512,val
val_x.npy#1000,0,0,0,512,val
val_x.npy#1001,0,0,0,512,val
val_x.npy#1002,0,0,0,512,val
val_x.npy#1003,0,0,0,512,val
val_x.npy#1004,1,1,0,512,val
val_x.npy#1005,0,0,0,512,val
val_x.npy#1006,1,1,0,512,val
val_x.npy#1007,0,0,0,512,val
val_x.npy#1008,0,0,0,512,val
val_x.npy#1009,0,0,0,512,val
val_x.npy#1010,0,0,0,512,val
val_x.npy#1011,0,0,0,512,val
val_x.npy#1012,1,1,0,512,val
val_x.npy#1013,1,1,0,512,val
val_x.npy#1014,1,1,0,512,val
val_x.npy#1015,0,0,0,512,val
val_x.npy#1016,0,0,0,512,val
val_x.npy#1017,0,0,0,512,val
val_x.npy#1018,0,0,0,512,val
val_x.npy#1019,0,0,0,512,val
val_x.npy#1020,0,0,0,512,val
val_x.npy#1021,0,0,0,512,val
val_x.npy#1022,1,1,0,512,val
val_x.npy#1023,0,0,0,512,val
val_x.npy#1024,0,0,0,512,val
val_x.npy#1025,0,0,0,512,val
val_x.npy#1026,1,1,0,512,val
val_x.npy#1027,0,0,0,512,val
val_x.npy#1028,0,0,0,512,val
val_x.npy#1029,1,1,0,512,val
val_x.npy#1030,0,0,0,512,val
val_x.npy#1031,0,0,0,512,val
val_x.npy#1032,1,1,0,512,val
val_x.npy#1033,0,0,0,512,val
val_x.npy#1034,0,0,0,512,val
val_x.npy#1035,0,0,0,512,val
val_x.npy#1036,1,1,0,512,val
val_x.npy#1037,0,0,0,512,val
val_x.npy#1038,1,1,0,512,val
val_x.npy#1039,0,0,0,512,val
val_x.npy#1040,0,0,0,512,val
val_x.npy#1041,1,1,0,512,val
val_x.npy#1042,0,0,0,512,val
val_x.npy#1043,1,1,0,512,val
val_x.npy#1044,0,0,0,512,val
val_x.npy#1045,1,1,0,512,val
val_x.npy#1046,0,0,0,512,val
val_x.npy#1047,0,0,0,512,val
val_x.npy#1048,0,0,0,512,val
val_x.npy#1049,0,0,0,512,val
val_x.npy#1050,0,0,0,512,val
val_x.npy#1051,0,0,0,512,val
val_x.npy#1052,1,1,0,512,val
val_x.npy#1053,0,0,0,512,val
val_x.npy#1054,0,0,0,512,val
val_x.npy#1055,0,0,0,512,val
val_x.npy#1056,0,0,0,512,val
val_x.npy#1057,0,0,0,512,val
val_x.npy#1058,0,0,0,512,val
val_x.npy#1059,0,0,0,512,val
val_x.npy#1060,0,0,0,512,val
val_x.npy#1061,1,1,0,512,val
val_x.npy#1062,1,1,0,512,val
val_x.npy#1063,0,0,0,512,val
val_x.npy#1064,0,0,0,512,val
val_x.npy#1065,1,1,0,512,val
val_x.npy#1066,0,0,0,512,val
val_x.npy#1067,0,0,0,512,val
val_x.npy#1068,0,0,0,512,val
val_x.npy#1069,0,0,0,512,val
val_x.npy#1070,0,0,0,512,val
val_x.npy#1071,1,1,0,512,val
val_x.npy#1072,0,0,0,512,val
val_x.npy#1073,0,0,0,512,val
val_x.npy#1074,1,1,0,512,val
val_x.npy#1075,0,0,0,512,val
val_x.npy#1076,0,0,0,512,val
val_x.npy#1077,0,0,0,512,val
val_x.npy#1078,0,0,0,512,val
val_x.npy#1079,0,0,0,512,val
val_x.npy#1080,0,0,0,512,val
val_x.npy#1081,0,0,0,512,val
val_x.npy#1082,0,0,0,512,val
val_x.npy#1083,1,1,0,512,val
val_x.npy#1084,0,0,0,512,val
val_x.npy#1085,1,1,0,512,val
val_x.npy#1086,1,1,0,512,val
val_x.npy#1087,0,0,0,512,val
val_x.npy#1088,1,1,0,512,val
val_x.npy#1089,1,1,0,512,val
val_x.npy#1090,0,0,0,512,val
val_x.npy#1091,0,0,0,512,val
val_x.npy#1092,0,0,0,512,val
val_x.npy#1093,0,0,0,512,val
val_x.npy#1094,1,1,0,512,val
val_x.npy#1095,1,1,0,512,val
val_x.npy#1096,0,0,0,512,val
val_x.npy#1097,0,0,0,512,val
val_x.npy#1098,0,0,0,512,val
val_x.npy#1099,0,0,0,512,val
val_x.npy#1100,0,0,0,512,val
val_x.npy#1101,1,1,0,512,val
val_x.npy#1102,0,0,0,512,val
val_x.npy#1103,1,1,0,512,val
val_x.npy#1104,0,0,0,512,val
val_x.npy#1105,0,0,0,512,val
val_x.npy#1106,0,0,0,512,val
val_x.npy#1107,0,0,0,512,val
val_x.npy#1108,0,0,0,512,val
val_x.npy#1109,0,0,0,512,val
val_x.npy#1110,0,0,0,512,val
val_x.npy#1111,0,0,0,512,val
val_x.npy#1112,0,0,0,512,val
val_x.npy#1113,0,0,0,512,val
val_x.npy#1114,0,0,0,512,val
val_x.npy#1115,0,0,0,512,val
val_x.npy#1116,0,0,0,512,val
val_x.npy#1117,1,1,0,512,val
val_x.npy#1118,0,0,0,512,val
val_x.npy#1119,0,0,0,512,val
val_x.npy#1120,0,0,0,512,val
val_x.npy#1121,0,0,0,512,val
val_x.npy#1122,0,0,0,512,val
val_x.npy#1123,0,0,0,512,val
val_x.npy#1124,0,0,0,512,val
val_x.npy#1125,1,1,0,512,val
val_x.npy#1126,0,0,0,512,val
val_x.npy#1127,0,0,0,512,val
val_x.npy#1128,1,1,0,512,val
val_x.npy#1129,0,0,0,512,val
val_x.npy#1130,1,1,0,512,val
val_x.npy#1131,0,0,0,512,val
val_x.npy#1132,0,0,0,512,val
val_x.npy#1133,1,1,0,512,val
val_x.npy#1134,1,1,0,512,val
val_x.npy#1135,0,0,0,512,val
val_x.npy#1136,0,0,0,512,val
val_x.npy#1137,0,0,0,512,val
val_x.npy#1138,1,1,0,512,val
val_x.npy#1139,1,1,0,512,val
val_x.npy#1140,1,1,0,512,val
val_x.npy#1141,1,1,0,512,val
val_x.npy#1142,0,0,0,512,val
val_x.npy#1143,1,1,0,512,val
val_x.npy#1144,0,0,0,512,val
val_x.npy#1145,1,1,0,512,val
val_x.npy#1146,0,0,0,512,val
val_x.npy#1147,0,0,0,512,val
val_x.npy#1148,1,1,0,512,val
val_x.npy#1149,0,0,0,512,val
val_x.npy#1150,0,0,0,512,val
val_x.npy#1151,1,1,0,512,val
val_x.npy#1152,0,0,0,512,val
val_x.npy#1153,0,0,0,512,val
val_x.npy#1154,0,0,0,512,val
val_x.npy#1155,0,0,0,512,val
val_x.npy#1156,0,0,0,512,val
val_x.npy#1157,0,0,0,512,val
val_x.npy#1158,1,1,0,512,val
val_x.npy#1159,1,1,0,512,val
val_x.npy#1160,0,0,0,512,val
val_x.npy#1161,0,0,0,512,val
val_x.npy#1162,1,1,0,512,val
val_x.npy#1163,0,0,0,512,val
val_x.npy#1164,0,0,0,512,val
val_x.npy#1165,0,0,0,512,val
val_x.npy#1166,1,1,0,512,val
val_x.npy#1167,1,1,0,512,val
val_x.npy#1168,0,0,0,512,val
val_x.npy#1169,0,0,0,512,val
val_x.npy#1170,0,0,0,512,val
val_x.npy#1171,1,1,0,512,val
val_x.npy#1172,0,0,0,512,val
val_x.npy#1173,1,1,0,512,val
val_x.npy#1174,0,0,0,512,val
val_x.npy#1175,1,1,0,512,val
val_x.npy#1176,0,0,0,512,val
val_x.npy#1177,0,0,0,512,val
val_x.npy#1178,0,0,0,512,val
val_x.npy#1179,0,0,0,512,val
val_x.npy#1180,0,0,0,512,val
val_x.npy#1181,1,1,0,512,val
val_x.npy#1182,0,0,0,512,val
val_x.npy#1183,1,1,0,512,val
val_x.npy#1184,0,0,0,512,val
val_x.npy#1185,0,0,0,512,val
val_x.npy#1186,1,1,0,512,val
val_x.npy#1187,0,0,0,512,val
val_x.npy#1188,0,0,0,512,val
val_x.npy#1189,0,0,0,512,val
val_x.npy#1190,0,0,0,512,val
val_x.npy#1191,0,0,0,512,val
val_x.npy#1192,1,1,0,512,val
val_x.npy#1193,0,0,0,512,val
val_x.npy#1194,0,0,0,512,val
val_x.npy#1195,0,0,0,512,val
val_x.npy#1196,0,0,0,512,val
val_x.npy#1197,0,0,0,512,val
val_x.npy#1198,0,0,0,512,val
val_x.npy#1199,1,1,0,512,val
val_x.npy#1200,1,1,0,512,val
val_x.npy#1201,0,0,0,512,val
val_x.npy#1202,1,1,0,512,val
val_x.npy#1203,0,0,0,512,val
val_x.npy#1204,1,1,0,512,val
val_x.npy#1205,1,1,0,512,val
val_x.npy#1206,1,1,0,512,val
val_x.npy#1207,0,0,0,512,val
val_x.npy#1208,0,0,0,512,val
val_x.npy#1209,0,0,0,512,val
val_x.npy#1210,0,0,0,512,val
val_x.npy#1211,0,0,0,512,val
val_x.npy#1212,0,0,0,512,val
val_x.npy#1213,1,1,0,512,val
val_x.npy#1214,0,0,0,512,val
val_x.npy#1215,0,0,0,512,val
val_x.npy#1216,1,1,0,512,val
val_x.npy#1217,0,0,0,512,val
val_x.npy#1218,0,0,0,512,val
val_x.npy#1219,0,0,0,512,val
val_x.npy#1220,0,0,0,512,val
val_x.npy#1221,1,1,0,512,val
val_x.npy#1222,0,0,0,512,val
val_x.npy#1223,1,1,0,512,val
val_x.npy#1224,1,1,0,512,val
val_x.npy#1225,0,0,0,512,val
val_x.npy#1226,0,0,0,512,val
val_x.npy#1227,1,1,0,512,val
val_x.npy#1228,0,0,0,512,val
val_x.npy#1229,0,0,0,512,val
val_x.npy#1230,0,0,0,512,val
val_x.npy#1231,0,0,0,512,val
val_x.npy#1232,1,1,0,512,val
val_x.npy#1233,0,0,0,512,val
val_x.npy#1234,0,0,0,512,val
val_x.npy#1235,0,0,0,512,val
val_x.npy#1236,1,1,0,512,val
val_x.npy#1237,0,0,0,512,val
val_x.npy#1238,1,1,0,512,val
val_x.npy#1239,1,1,0,512,val
val_x.npy#1240,0,0,0,512,val
val_x.npy#1241,0,0,0,512,val
val_x.npy#1242,0,0,0,512,val
val_x.npy#1243,0,0,0,512,val
val_x.npy#1244,1,1,0,512,val
val_x.npy#1245,0,0,0,512,val
val_x.npy#1246,0,0,0,512,val
val_x.npy#1247,0,0,0,512,val
val_x.npy#1248,0,0,0,512,val
val_x.npy#1249,0,0,0,512,val
val_x.npy#1250,0,0,0,512,val
val_x.npy#1251,0,0,0,512,val
val_x.npy#1252,0,0,0,512,val
val_x.npy#1253,1,1,0,512,val
val_x.npy#1254,1,1,0,512,val
val_x.npy#1255,1,1,0,512,val
val_x.npy#1256,0,0,0,512,val
val_x.npy#1257,0,0,0,512,val
val_x.npy#1258,1,1,0,512,val
val_x.npy#1259,0,0,0,512,val
val_x.npy#1260,1,1,0,512,val
val_x.npy#1261,0,0,0,512,val
val_x.npy#1262,0,0,0,512,val
val_x.npy#1263,0,0,0,512,val
val_x.npy#1264,0,0,0,512,val
val_x.npy#1265,1,1,0,512,val
val_x.npy#1266,0,0,0,512,val
val_x.npy#1267,0,0,0,512,val
val_x.npy#1268,0,0,0,512,val
val_x.npy#1269,0,0,0,512,val
val_x.npy#1270,0,0,0,512,val
val_x.npy#1271,0,0,0,512,val
val_x.npy#1272,0,0,0,512,val
val_x.npy#1273,0,0,0,512,val
val_x.npy#1274,1,1,0,512,val
val_x.npy#1275,0,0,0,512,val
val_x.npy#1276,1,1,0,512,val
val_x.npy#1277,1,1,0,512,val
val_x.npy#1278,0,0,0,512,val
val_x.npy#1279,1,1,0,512,val
val_x.npy#1280,1,1,0,512,val
val_x.npy#1281,1,1,0,512,val
val_x.npy#1282,0,0,0,512,val
val_x.npy#1283,0,0,0,512,val
val_x.npy#1284,0,0,0,512,val
val_x.npy#1285,0,0,0,512,val
val_x.npy#1286,1,1,0,512,val
val_x.npy#1287,0,0,0,512,val
val_x.npy#1288,0,0,0,512,val
val_x.npy#1289,0,0,0,512,val
val_x.npy#1290,1,1,0,512,val
val_x.npy#1291,0,0,0,512,val
val_x.npy#1292,0,0,0,512,val
val_x.npy#1293,1,1,0,512,val
val_x.npy#1294,0,0,0,512,val
val_x.npy#1295,0,0,0,512,val
val_x.npy#1296,0,0,0,512,val
val_x.npy#1297,0,0,0,512,val
val_x.npy#1298,0,0,0,512,val
val_x.npy#1299,0,0,0,512,val
val_x.npy#1300,0,0,0,512,val
val_x.npy#1301,0,0,0,512,val
val_x.npy#1302,1,1,0,512,val
val_x.npy#1303,0,0,0,512,val
val_x.npy#1304,0,0,0,512,val
val_x.npy#1305,0,0,0,512,val
val_x.npy#1306,0,0,0,512,val
val_x.npy#1307,0,0,0,512,val
val_x.npy#1308,1,1,0,512,val
val_x.npy#1309,0,0,0,512,val
test_x.npy#0,0,0,0,512,test
test_x.npy#1,0,0,0,512,test
test_x.npy#2,0,0,0,512,test
test_x.npy#3,0,0,0,512,test
test_x.npy#4,0,0,0,512,test
test_x.npy#5,0,0,0,512,test
test_x.npy#6,0,0,0,512,test
test_x.npy#7,0,0,0,512,test
test_x.npy#8,0,0,0,512,test
test_x.npy#9,0,0,0,512,test
test_x.npy#10,0,0,0,512,test
test_x.npy#11,0,0,0,512,test
test_x.npy#12,0,0,0,512,test
test_x.npy#13,0,0,0,512,test
test_x.npy#14,0,0,0,512,test
test_x.npy#15,0,0,0,512,test
test_x.npy#16,0,0,0,512,test
test_x.npy#17,0,0,0,512,test
test_x.npy#18,0,0,0,512,test
test_x.npy#19,0,0,0,512,test
test_x.npy#20,0,0,0,512,test
test_x.npy#21,0,0,0,512,test
test_x.npy#22,0,0,0,512,test
test_x.npy#23,0,0,0,512,test
test_x.npy#24,0,0,0,512,test
test_x.npy#25,0,0,0,512,test
test_x.npy#26,0,0,0,512,test
test_x.npy#27,0,0,0,512,test
test_x.npy#28,0,0,0,512,test
test_x.npy#29,0,0,0,512,test
test_x.npy#30,0,0,0,512,test
test_x.npy#31,0,0,0,512,test
test_x.npy#32,0,0,0,512,test
test_x.npy#33,0,0,0,512,test
test_x.npy#34,0,0,0,512,test
test_x.npy#35,0,0,0,512,test
test_x.npy#36,0,0,0,512,test
test_x.npy#37,0,0,0,512,test
test_x.npy#38,0,0,0,512,test
test_x.npy#39,0,0,0,512,test
test_x.npy#40,0,0,0,512,test
test_x.npy#41,0,0,0,512,test
test_x.npy#42,0,0,0,512,test
test_x.npy#43,0,0,0,512,test
test_x.npy#44,0,0,0,512,test
test_x.npy#45,0,0,0,512,test
test_x.npy#46,0,0,0,512,test
test_x.npy#47,0,0,0,512,test
test_x.npy#48,0,0,0,512,test
test_x.npy#49,0,0,0,512,test
test_x.npy#50,0,0,0,512,test
test_x.npy#51,0,0,0,512,test
test_x.npy#52,0,0,0,512,test
test_x.npy#53,0,0,0,512,test
test_x.npy#54,0,0,0,512,test
test_x.npy#55,0,0,0,512,test
test_x.npy#56,0,0,0,512,test
test_x.npy#57,0,0,0,512,test
test_x.npy#58,0,0,0,512,test
test_x.npy#59,0,0,0,512,test
test_x.npy#60,0,0,0,512,test
test_x.npy#61,0,0,0,512,test
test_x.npy#62,0,0,0,512,test
test_x.npy#63,0,0,0,512,test
test_x.npy#64,0,0,0,512,test
test_x.npy#65,0,0,0,512,test
test_x.npy#66,0,0,0,512,test
test_x.npy#67,0,0,0,512,test
test_x.npy#68,0,0,0,512,test
test_x.npy#69,0,0,0,512,test
test_x.npy#70,0,0,0,512,test
test_x.npy#71,0,0,0,512,test
test_x.npy#72,0,0,0,512,test
test_x.npy#73,0,0,0,512,test
test_x.npy#74,0,0,0,512,test
test_x.npy#75,0,0,0,512,test
test_x.npy#76,0,0,0,512,test
test_x.npy#77,0,0,0,512,test
test_x.npy#78,0,0,0,512,test
test_x.npy#79,0,0,0,512,test
test_x.npy#80,0,0,0,512,test
test_x.npy#81,0,0,0,512,test
test_x.npy#82,0,0,0,512,test
test_x.npy#83,0,0,0,512,test
test_x.npy#84,0,0,0,512,test
test_x.npy#85,0,0,0,512,test
test_x.npy#86,0,0,0,512,test
test_x.npy#87,0,0,0,512,test
test_x.npy#88,0,0,0,512,test
test_x.npy#89,0,0,0,512,test
test_x.npy#90,0,0,0,512,test
test_x.npy#91,0,0,0,512,test
test_x.npy#92,0,0,0,512,test
test_x.npy#93,0,0,0,512,test
test_x.npy#94,0,0,0,512,test
test_x.npy#95,0,0,0,512,test
test_x.npy#96,0,0,0,512,test
test_x.npy#97,0,0,0,512,test
test_x.npy#98,0,0,0,512,test
test_x.npy#99,0,0,0,512,test
test_x.npy#100,0,0,0,512,test
test_x.npy#101,0,0,0,512,test
test_x.npy#102,0,0,0,512,test
test_x.npy#103,0,0,0,512,test
test_x.npy#104,0,0,0,512,test
test_x.npy#105,0,0,0,512,test
test_x.npy#106,0,0,0,512,test
test_x.npy#107,0,0,0,512,test
test_x.npy#108,0,0,0,512,test
test_x.npy#109,0,0,0,512,test
test_x.npy#110,0,0,0,512,test
test_x.npy#111,0,0,0,512,test
test_x.npy#112,0,0,0,512,test
test_x.npy#113,0,0,0,512,test
test_x.npy#114,0,0,0,512,test
test_x.npy#115,0,0,0,512,test
test_x.npy#116,0,0,0,512,test
test_x.npy#117,0,0,0,512,test
test_x.npy#118,0,0,0,512,test
test_x.npy#119,0,0,0,512,test
test_x.npy#120,0,0,0,512,test
test_x.npy#121,0,0,0,512,test
test_x.npy#122,0,0,0,512,test
test_x.npy#123,0,0,0,512,test
test_x.npy#124,0,0,0,512,test
test_x.npy#125,0,0,0,512,test
test_x.npy#126,0,0,0,512,test
test_x.npy#127,0,0,0,512,test
test_x.npy#128,0,0,0,512,test
test_x.npy#129,0,0,0,512,test
test_x.npy#130,0,0,0,512,test
test_x.npy#131,0,0,0,512,test
test_x.npy#132,0,0,0,512,test
test_x.npy#133,0,0,0,512,test
test_x.npy#134,0,0,0,512,test
test_x.npy#135,0,0,0,512,test
test_x.npy#136,0,0,0,512,test
test_x.npy#137,0,0,0,512,test
test_x.npy#138,0,0,0,512,test
test_x.npy#139,0,0,0,512,test
test_x.npy#140,0,0,0,512,test
test_x.npy#141,0,0,0,512,test
test_x.npy#142,0,0,0,512,test
test_x.npy#143,0,0,0,512,test
test_x.npy#144,0,0,0,512,test
test_x.npy#145,0,0,0,512,test
test_x.npy#146,0,0,0,512,test
test_x.npy#147,0,0,0,512,test
test_x.npy#148,0,0,0,512,test
test_x.npy#149,0,0,0,512,test
test_x.npy#150,0,0,0,512,test
test_x.npy#151,0,0,0,512,test
test_x.npy#152,0,0,0,512,test
test_x.npy#153,0,0,0,512,test
test_x.npy#154,0,0,0,512,test
test_x.npy#155,0,0,0,512,test
test_x.npy#156,0,0,0,512,test
test_x.npy#157,0,0,0,512,test
test_x.npy#158,0,0,0,512,test
test_x.npy#159,0,0,0,512,test
test_x.npy#160,0,0,0,512,test
test_x.npy#161,0,0,0,512,test
test_x.npy#162,0,0,0,512,test
test_x.npy#163,0,0,0,512,test
test_x.npy#164,0,0,0,512,test
test_x.npy#165,0,0,0,512,test
test_x.npy#166,0,0,0,512,test
test_x.npy#167,0,0,0,512,test
test_x.npy#168,0,0,0,512,test
test_x.npy#169,0,0,0,512,test
test_x.npy#170,0,0,0,512,test
test_x.npy#171,0,0,0,512,test
test_x.npy#172,0,0,0,512,test
test_x.npy#173,0,0,0,512,test
test_x.npy#174,0,0,0,512,test
test_x.npy#175,0,0,0,512,test
test_x.npy#176,0,0,0,512,test
test_x.npy#177,0,0,0,512,test
test_x.npy#178,0,0,0,512,test
test_x.npy#179,0,0,0,512,test
test_x.npy#180,0,0,0,512,test
test_x.npy#181,0,0,0,512,test
test_x.npy#182,0,0,0,512,test
test_x.npy#183,0,0,0,512,test
test_x.npy#184,0,0,0,512,test
test_x.npy#185,0,0,0,512,test
test_x.npy#186,0,0,0,512,test
test_x.npy#187,0,0,0,512,test
test_x.npy#188,0,0,0,512,test
test_x.npy#189,0,0,0,512,test
test_x.npy#190,0,0,0,512,test
test_x.npy#191,0,0,0,512,test
test_x.npy#192,0,0,0,512,test
test_x.npy#193,0,0,0,512,test
test_x.npy#194,0,0,0,512,test
test_x.npy#195,0,0,0,512,test
test_x.npy#196,0,0,0,512,test
test_x.npy#197,0,0,0,512,test
test_x.npy#198,0,0,0,512,test
test_x.npy#199,0,0,0,512,test
test_x.npy#200,0,0,0,512,test
test_x.npy#201,0,0,0,512,test
test_x.npy#202,0,0,0,512,test
test_x.npy#203,0,0,0,512,test
test_x.npy#204,0,0,0,512,test
test_x.npy#205,0,0,0,512,test
test_x.npy#206,0,0,0,512,test
test_x.npy#207,0,0,0,512,test
test_x.npy#208,0,0,0,512,test
test_x.npy#209,0,0,0,512,test
test_x.npy#210,0,0,0,512,test
test_x.npy#211,0,0,0,512,test
test_x.npy#212,0,0,0,512,test
test_x.npy#213,0,0,0,512,test
test_x.npy#214,0,0,0,512,test
test_x.npy#215,0,0,0,512,test
test_x.npy#216,0,0,0,512,test
test_x.npy#217,0,0,0,512,test
test_x.npy#218,0,0,0,512,test
test_x.npy#219,0,0,0,512,test
test_x.npy#220,0,0,0,512,test
test_x.npy#221,0,0,0,512,test
test_x.npy#222,0,0,0,512,test
test_x.npy#223,0,0,0,512,test
test_x.npy#224,0,0,0,512,test
test_x.npy#225,0,0,0,512,test
test_x.npy#226,0,0,0,512,test
test_x.npy#227,0,0,0,512,test
test_x.npy#228,0,0,0,512,test
test_x.npy#229,0,0,0,512,test
test_x.npy#230,0,0,0,512,test
test_x.npy#231,0,0,0,512,test
test_x.npy#232,0,0,0,512,test
test_x.npy#233,0,0,0,512,test
test_x.npy#234,0,0,0,512,test
test_x.npy#235,0,0,0,512,test
test_x.npy#236,0,0,0,512,test
test_x.npy#237,0,0,0,512,test
test_x.npy#238,0,0,0,512,test
test_x.npy#239,0,0,0,512,test
test_x.npy#240,0,0,0,512,test
test_x.npy#241,0,0,0,512,test
test_x.npy#242,0,0,0,512,test
test_x.npy#243,0,0,0,512,test
test_x.npy#244,0,0,0,512,test
test_x.npy#245,0,0,0,512,test
test_x.npy#246,0,0,0,512,test
test_x.npy#247,0,0,0,512,test
test_x.npy#248,0,0,0,512,test
test_x.npy#249,0,0,0,512,test
test_x.npy#250,0,0,0,512,test
test_x.npy#251,0,0,0,512,test
test_x.npy#252,0,0,0,512,test
test_x.npy#253,0,0,0,512,test
test_x.npy#254,0,0,0,512,test
test_x.npy#255,1,1,0,512,test
test_x.npy#256,1,1,0,512,test
test_x.npy#257,1,1,0,512,test
test_x.npy#258,1,1,0,512,test
test_x.npy#259,1,1,0,512,test
test_x.npy#260,1,1,0,512,test
test_x.npy#261,1,1,0,512,test
test_x.npy#262,1,1,0,512,test
test_x.npy#263,1,1,0,512,test
test_x.npy#264,1,1,0,512,test
test_x.npy#265,1,1,0,512,test
test_x.npy#266,1,1,0,512,test
test_x.npy#267,1,1,0,512,test
test_x.npy#268,1,1,0,512,test
test_x.npy#269,1,1,0,512,test
test_x.npy#270,1,1,0,512,test
test_x.npy#271,1,1,0,512,test
test_x.npy#272,1,1,0,512,test
test_x.npy#273,1,1,0,512,test
test_x.npy#274,1,1,0,512,test
test_x.npy#275,1,1,0,512,test
test_x.npy#276,1,1,0,512,test
test_x.npy#277,1,1,0,512,test
test_x.npy#278,1,1,0,512,test
test_x.npy#279,1,1,0,512,test
test_x.npy#280,1,1,0,512,test
test_x.npy#281,1,1,0,512,test
test_x.npy#282,1,1,0,512,test
test_x.npy#283,1,1,0,512,test
test_x.npy#284,1,1,0,512,test
test_x.npy#285,1,1,0,512,test
test_x.npy#286,1,1,0,512,test
test_x.npy#287,1,1,0,512,test
test_x.npy#288,1,1,0,512,test
test_x.npy#289,1,1,0,512,test
test_x.npy#290,1,1,0,512,test
test_x.npy#291,1,1,0,512,test
test_x.npy#292,1,1,0,512,test
test_x.npy#293,1,1,0,512,test
test_x.npy#294,1,1,0,512,test
test_x.npy#295,1,1,0,512,test
test_x.npy#296,1,1,0,512,test
test_x.npy#297,1,1,0,512,test
test_x.npy#298,1,1,0,512,test
test_x.npy#299,1,1,0,512,test
test_x.npy#300,1,1,0,512,test
test_x.npy#301,1,1,0,512,test
test_x.npy#302,1,1,0,512,test
test_x.npy#303,1,1,0,512,test
test_x.npy#304,1,1,0,512,test
test_x.npy#305,1,1,0,512,test
test_x.npy#306,1,1,0,512,test
test_x.npy#307,1,1,0,512,test
test_x.npy#308,1,1,0,512,test
test_x.npy#309,1,1,0,512,test
test_x.npy#310,1,1,0,512,test
test_x.npy#311,1,1,0,512,test
test_x.npy#312,1,1,0,512,test
test_x.npy#313,1,1,0,512,test
test_x.npy#314,1,1,0,512,test
test_x.npy#315,1,1,0,512,test
test_x.npy#316,1,1,0,512,test
test_x.npy#317,1,1,0,512,test
test_x.npy#318,1,1,0,512,test
test_x.npy#319,1,1,0,512,test
test_x.npy#320,1,1,0,512,test
test_x.npy#321,1,1,0,512,test
test_x.npy#322,1,1,0,512,test
test_x.npy#323,1,1,0,512,test
test_x.npy#324,1,1,0,512,test
test_x.npy#325,1,1,0,512,test
test_x.npy#326,1,1,0,512,test
test_x.npy#327,1,1,0,512,test
test_x.npy#328,1,1,0,512,test
test_x.npy#329,1,1,0,512,test
test_x.npy#330,1,1,0,512,test
test_x.npy#331,1,1,0,512,test
test_x.npy#332,1,1,0,512,test
test_x.npy#333,1,1,0,512,test
test_x.npy#334,1,1,0,512,test
test_x.npy#335,1,1,0,512,test
test_x.npy#336,1,1,0,512,test
test_x.npy#337,1,1,0,512,test
test_x.npy#338,1,1,0,512,test
test_x.npy#339,1,1,0,512,test
test_x.npy#340,1,1,0,512,test
test_x.npy#341,1,1,0,512,test
test_x.npy#342,1,1,0,512,test
test_x.npy#343,1,1,0,512,test
test_x.npy#344,1,1,0,512,test
test_x.npy#345,1,1,0,512,test
test_x.npy#346,1,1,0,512,test
test_x.npy#347,1,1,0,512,test
test_x.npy#348,1,1,0,512,test
test_x.npy#349,1,1,0,512,test
test_x.npy#350,1,1,0,512,test
test_x.npy#351,1,1,0,512,test
test_x.npy#352,1,1,0,512,test
test_x.npy#353,1,1,0,512,test
test_x.npy#354,1,1,0,512,test
test_x.npy#355,1,1,0,512,test
test_x.npy#356,1,1,0,512,test
test_x.npy#357,1,1,0,512,test
test_x.npy#358,1,1,0,512,test
test_x.npy#359,1,1,0,512,test
test_x.npy#360,1,1,0,512,test
test_x.npy#361,1,1,0,512,test
test_x.npy#362,1,1,0,512,test
test_x.npy#363,1,1,0,512,test
test_x.npy#364,1,1,0,512,test
test_x.npy#365,1,1,0,512,test
test_x.npy#366,1,1,0,512,test
test_x.npy#367,1,1,0,512,test
test_x.npy#368,1,1,0,512,test
test_x.npy#369,1,1,0,512,test
test_x.npy#370,1,1,0,512,test
test_x.npy#371,1,1,0,512,test
test_x.npy#372,1,1,0,512,test
test_x.npy#373,1,1,0,512,test
test_x.npy#374,1,1,0,512,test
test_x.npy#375,1,1,0,512,test
test_x.npy#376,1,1,0,512,test
test_x.npy#377,1,1,0,512,test
test_x.npy#378,1,1,0,512,test
test_x.npy#379,1,1,0,512,test
test_x.npy#380,1,1,0,512,test
test_x.npy#381,1,1,0,512,test
test_x.npy#382,1,1,0,512,test
test_x.npy#383,1,1,0,512,test
test_x.npy#384,1,1,0,512,test
test_x.npy#385,1,1,0,512,test
test_x.npy#386,1,1,0,512,test
test_x.npy#387,1,1,0,512,test
test_x.npy#388,1,1,0,512,test
test_x.npy#389,1,1,0,512,test
test_x.npy#390,1,1,0,512,test
test_x.npy#391,1,1,0,512,test
test_x.npy#392,1,1,0,512,test
test_x.npy#393,1,1,0,512,test
test_x.npy#394,1,1,0,512,test
test_x.npy#395,1,1,0,512,test
test_x.npy#396,1,1,0,512,test
test_x.npy#397,1,1,0,512,test
test_x.npy#398,1,1,0,512,test
test_x.npy#399,1,1,0,512,test
test_x.npy#400,1,1,0,512,test
test_x.npy#401,1,1,0,512,test
test_x.npy#402,1,1,0,512,test
test_x.npy#403,1,1,0,512,test
test_x.npy#404,1,1,0,512,test
test_x.npy#405,1,1,0,512,test
test_x.npy#406,1,1,0,512,test
test_x.npy#407,1,1,0,512,test
test_x.npy#408,1,1,0,512,test
test_x.npy#409,1,1,0,512,test
test_x.npy#410,1,1,0,512,test
test_x.npy#411,1,1,0,512,test
test_x.npy#412,1,1,0,512,test
test_x.npy#413,1,1,0,512,test
test_x.npy#414,1,1,0,512,test
test_x.npy#415,1,1,0,512,test
test_x.npy#416,1,1,0,512,test
